#Timing report of worst 100 path(s)
# Unit scale: 1e-09 seconds
# Output precision: 3

#Path 1
Startpoint: lo08232.Q[0] (.latch clocked by sv_chip2_hierarchy_no_mem^tm3_clk_v0)
Endpoint  : sv_chip2_hierarchy_no_mem.h_fltr_1_right.your_instance_name_f1^dout~27_FF.D[0] (.latch clocked by sv_chip2_hierarchy_no_mem^tm3_clk_v0)
Path Type : setup

Point                                                                                                               Incr      Path
----------------------------------------------------------------------------------------------------------------------------------
clock sv_chip2_hierarchy_no_mem^tm3_clk_v0 (rise edge)                                                             0.000     0.000
clock source latency                                                                                               0.000     0.000
sv_chip2_hierarchy_no_mem^tm3_clk_v0.inpad[0] (.input)                                                             0.000     0.000
lo08232.clk[0] (.latch)                                                                                            1.338     1.338
lo08232.Q[0] (.latch) [clock-to-output]                                                                            0.124     1.462
sv_chip2_hierarchy_no_mem.h_fltr_1_right.your_instance_name_f1^MUL~1150[0].a[0] (multiply)                         1.338     2.800
sv_chip2_hierarchy_no_mem.h_fltr_1_right.your_instance_name_f1^MUL~1150[0].out[1] (multiply)                       1.523     4.323
new_n110227_1.in[0] (.names)                                                                                       1.338     5.660
new_n110227_1.out[0] (.names)                                                                                      0.261     5.921
new_n110263.in[0] (.names)                                                                                         1.338     7.259
new_n110263.out[0] (.names)                                                                                        0.261     7.520
new_n110277.in[0] (.names)                                                                                         1.338     8.858
new_n110277.out[0] (.names)                                                                                        0.261     9.119
new_n110276.in[3] (.names)                                                                                         1.338    10.457
new_n110276.out[0] (.names)                                                                                        0.261    10.718
new_n110289_1.in[5] (.names)                                                                                       1.338    12.055
new_n110289_1.out[0] (.names)                                                                                      0.261    12.316
new_n110313_1.in[0] (.names)                                                                                       1.338    13.654
new_n110313_1.out[0] (.names)                                                                                      0.261    13.915
new_n110339.in[0] (.names)                                                                                         1.338    15.253
new_n110339.out[0] (.names)                                                                                        0.261    15.514
new_n110381.in[1] (.names)                                                                                         1.338    16.852
new_n110381.out[0] (.names)                                                                                        0.261    17.113
new_n110421.in[0] (.names)                                                                                         1.338    18.450
new_n110421.out[0] (.names)                                                                                        0.261    18.711
new_n110464.in[2] (.names)                                                                                         1.338    20.049
new_n110464.out[0] (.names)                                                                                        0.261    20.310
new_n110505.in[0] (.names)                                                                                         1.338    21.648
new_n110505.out[0] (.names)                                                                                        0.261    21.909
new_n110504.in[5] (.names)                                                                                         1.338    23.247
new_n110504.out[0] (.names)                                                                                        0.261    23.508
new_n110516.in[1] (.names)                                                                                         1.338    24.846
new_n110516.out[0] (.names)                                                                                        0.261    25.107
new_n110526.in[5] (.names)                                                                                         1.338    26.444
new_n110526.out[0] (.names)                                                                                        0.261    26.705
new_n110558.in[1] (.names)                                                                                         1.338    28.043
new_n110558.out[0] (.names)                                                                                        0.261    28.304
new_n110557.in[0] (.names)                                                                                         1.338    29.642
new_n110557.out[0] (.names)                                                                                        0.261    29.903
n82415.in[1] (.names)                                                                                              1.338    31.241
n82415.out[0] (.names)                                                                                             0.261    31.502
sv_chip2_hierarchy_no_mem.h_fltr_1_right.your_instance_name_f1^dout~27_FF.D[0] (.latch)                            1.338    32.839
data arrival time                                                                                                           32.839

clock sv_chip2_hierarchy_no_mem^tm3_clk_v0 (rise edge)                                                             0.000     0.000
clock source latency                                                                                               0.000     0.000
sv_chip2_hierarchy_no_mem^tm3_clk_v0.inpad[0] (.input)                                                             0.000     0.000
sv_chip2_hierarchy_no_mem.h_fltr_1_right.your_instance_name_f1^dout~27_FF.clk[0] (.latch)                          1.338     1.338
clock uncertainty                                                                                                  0.000     1.338
cell setup time                                                                                                   -0.066     1.272
data required time                                                                                                           1.272
----------------------------------------------------------------------------------------------------------------------------------
data required time                                                                                                           1.272
data arrival time                                                                                                          -32.839
----------------------------------------------------------------------------------------------------------------------------------
slack (VIOLATED)                                                                                                           -31.568


#Path 2
Startpoint: lo00510.Q[0] (.latch clocked by sv_chip2_hierarchy_no_mem^tm3_clk_v0)
Endpoint  : sv_chip2_hierarchy_no_mem.h_fltr_1_left.your_instance_name_f1^dout~27_FF.D[0] (.latch clocked by sv_chip2_hierarchy_no_mem^tm3_clk_v0)
Path Type : setup

Point                                                                                                             Incr      Path
--------------------------------------------------------------------------------------------------------------------------------
clock sv_chip2_hierarchy_no_mem^tm3_clk_v0 (rise edge)                                                           0.000     0.000
clock source latency                                                                                             0.000     0.000
sv_chip2_hierarchy_no_mem^tm3_clk_v0.inpad[0] (.input)                                                           0.000     0.000
lo00510.clk[0] (.latch)                                                                                          1.338     1.338
lo00510.Q[0] (.latch) [clock-to-output]                                                                          0.124     1.462
sv_chip2_hierarchy_no_mem.h_fltr_1_left.your_instance_name_f1^MUL~364[0].a[0] (multiply)                         1.338     2.800
sv_chip2_hierarchy_no_mem.h_fltr_1_left.your_instance_name_f1^MUL~364[0].out[1] (multiply)                       1.523     4.323
new_n96261.in[0] (.names)                                                                                        1.338     5.660
new_n96261.out[0] (.names)                                                                                       0.261     5.921
new_n96295_1.in[0] (.names)                                                                                      1.338     7.259
new_n96295_1.out[0] (.names)                                                                                     0.261     7.520
new_n96321_1.in[2] (.names)                                                                                      1.338     8.858
new_n96321_1.out[0] (.names)                                                                                     0.261     9.119
new_n96364.in[0] (.names)                                                                                        1.338    10.457
new_n96364.out[0] (.names)                                                                                       0.261    10.718
new_n96379.in[0] (.names)                                                                                        1.338    12.055
new_n96379.out[0] (.names)                                                                                       0.261    12.316
new_n96390.in[5] (.names)                                                                                        1.338    13.654
new_n96390.out[0] (.names)                                                                                       0.261    13.915
new_n96405.in[0] (.names)                                                                                        1.338    15.253
new_n96405.out[0] (.names)                                                                                       0.261    15.514
new_n96415.in[5] (.names)                                                                                        1.338    16.852
new_n96415.out[0] (.names)                                                                                       0.261    17.113
new_n96453.in[0] (.names)                                                                                        1.338    18.450
new_n96453.out[0] (.names)                                                                                       0.261    18.711
new_n96492.in[2] (.names)                                                                                        1.338    20.049
new_n96492.out[0] (.names)                                                                                       0.261    20.310
new_n96513.in[0] (.names)                                                                                        1.338    21.648
new_n96513.out[0] (.names)                                                                                       0.261    21.909
new_n96536.in[5] (.names)                                                                                        1.338    23.247
new_n96536.out[0] (.names)                                                                                       0.261    23.508
new_n96562.in[0] (.names)                                                                                        1.338    24.846
new_n96562.out[0] (.names)                                                                                       0.261    25.107
new_n96561.in[0] (.names)                                                                                        1.338    26.444
new_n96561.out[0] (.names)                                                                                       0.261    26.705
new_n96587.in[1] (.names)                                                                                        1.338    28.043
new_n96587.out[0] (.names)                                                                                       0.261    28.304
new_n96599_1.in[0] (.names)                                                                                      1.338    29.642
new_n96599_1.out[0] (.names)                                                                                     0.261    29.903
n42485.in[4] (.names)                                                                                            1.338    31.241
n42485.out[0] (.names)                                                                                           0.261    31.502
sv_chip2_hierarchy_no_mem.h_fltr_1_left.your_instance_name_f1^dout~27_FF.D[0] (.latch)                           1.338    32.839
data arrival time                                                                                                         32.839

clock sv_chip2_hierarchy_no_mem^tm3_clk_v0 (rise edge)                                                           0.000     0.000
clock source latency                                                                                             0.000     0.000
sv_chip2_hierarchy_no_mem^tm3_clk_v0.inpad[0] (.input)                                                           0.000     0.000
sv_chip2_hierarchy_no_mem.h_fltr_1_left.your_instance_name_f1^dout~27_FF.clk[0] (.latch)                         1.338     1.338
clock uncertainty                                                                                                0.000     1.338
cell setup time                                                                                                 -0.066     1.272
data required time                                                                                                         1.272
--------------------------------------------------------------------------------------------------------------------------------
data required time                                                                                                         1.272
data arrival time                                                                                                        -32.839
--------------------------------------------------------------------------------------------------------------------------------
slack (VIOLATED)                                                                                                         -31.568


#Path 3
Startpoint: lo12891.Q[0] (.latch clocked by sv_chip2_hierarchy_no_mem^tm3_clk_v0)
Endpoint  : sv_chip2_hierarchy_no_mem.h_fltr_4_right.your_instance_name_f2^dout~27_FF.D[0] (.latch clocked by sv_chip2_hierarchy_no_mem^tm3_clk_v0)
Path Type : setup

Point                                                                                                               Incr      Path
----------------------------------------------------------------------------------------------------------------------------------
clock sv_chip2_hierarchy_no_mem^tm3_clk_v0 (rise edge)                                                             0.000     0.000
clock source latency                                                                                               0.000     0.000
sv_chip2_hierarchy_no_mem^tm3_clk_v0.inpad[0] (.input)                                                             0.000     0.000
lo12891.clk[0] (.latch)                                                                                            1.338     1.338
lo12891.Q[0] (.latch) [clock-to-output]                                                                            0.124     1.462
sv_chip2_hierarchy_no_mem.h_fltr_4_right.your_instance_name_f2^MUL~1450[0].a[0] (multiply)                         1.338     2.800
sv_chip2_hierarchy_no_mem.h_fltr_4_right.your_instance_name_f2^MUL~1450[0].out[3] (multiply)                       1.523     4.323
new_n118855.in[0] (.names)                                                                                         1.338     5.660
new_n118855.out[0] (.names)                                                                                        0.261     5.921
new_n118867.in[0] (.names)                                                                                         1.338     7.259
new_n118867.out[0] (.names)                                                                                        0.261     7.520
new_n118877.in[5] (.names)                                                                                         1.338     8.858
new_n118877.out[0] (.names)                                                                                        0.261     9.119
new_n118907.in[1] (.names)                                                                                         1.338    10.457
new_n118907.out[0] (.names)                                                                                        0.261    10.718
new_n118935.in[0] (.names)                                                                                         1.338    12.055
new_n118935.out[0] (.names)                                                                                        0.261    12.316
new_n118977_1.in[1] (.names)                                                                                       1.338    13.654
new_n118977_1.out[0] (.names)                                                                                      0.261    13.915
new_n119005.in[1] (.names)                                                                                         1.338    15.253
new_n119005.out[0] (.names)                                                                                        0.261    15.514
new_n119028.in[0] (.names)                                                                                         1.338    16.852
new_n119028.out[0] (.names)                                                                                        0.261    17.113
new_n119054_1.in[1] (.names)                                                                                       1.338    18.450
new_n119054_1.out[0] (.names)                                                                                      0.261    18.711
new_n119081.in[0] (.names)                                                                                         1.338    20.049
new_n119081.out[0] (.names)                                                                                        0.261    20.310
new_n119103.in[0] (.names)                                                                                         1.338    21.648
new_n119103.out[0] (.names)                                                                                        0.261    21.909
new_n119112.in[0] (.names)                                                                                         1.338    23.247
new_n119112.out[0] (.names)                                                                                        0.261    23.508
new_n119122.in[5] (.names)                                                                                         1.338    24.846
new_n119122.out[0] (.names)                                                                                        0.261    25.107
new_n119130.in[0] (.names)                                                                                         1.338    26.444
new_n119130.out[0] (.names)                                                                                        0.261    26.705
new_n119129.in[4] (.names)                                                                                         1.338    28.043
new_n119129.out[0] (.names)                                                                                        0.261    28.304
new_n119128.in[5] (.names)                                                                                         1.338    29.642
new_n119128.out[0] (.names)                                                                                        0.261    29.903
n107034.in[4] (.names)                                                                                             1.338    31.241
n107034.out[0] (.names)                                                                                            0.261    31.502
sv_chip2_hierarchy_no_mem.h_fltr_4_right.your_instance_name_f2^dout~27_FF.D[0] (.latch)                            1.338    32.839
data arrival time                                                                                                           32.839

clock sv_chip2_hierarchy_no_mem^tm3_clk_v0 (rise edge)                                                             0.000     0.000
clock source latency                                                                                               0.000     0.000
sv_chip2_hierarchy_no_mem^tm3_clk_v0.inpad[0] (.input)                                                             0.000     0.000
sv_chip2_hierarchy_no_mem.h_fltr_4_right.your_instance_name_f2^dout~27_FF.clk[0] (.latch)                          1.338     1.338
clock uncertainty                                                                                                  0.000     1.338
cell setup time                                                                                                   -0.066     1.272
data required time                                                                                                           1.272
----------------------------------------------------------------------------------------------------------------------------------
data required time                                                                                                           1.272
data arrival time                                                                                                          -32.839
----------------------------------------------------------------------------------------------------------------------------------
slack (VIOLATED)                                                                                                           -31.568


#Path 4
Startpoint: lo08232.Q[0] (.latch clocked by sv_chip2_hierarchy_no_mem^tm3_clk_v0)
Endpoint  : sv_chip2_hierarchy_no_mem.h_fltr_1_right.your_instance_name_f1^dout~26_FF.D[0] (.latch clocked by sv_chip2_hierarchy_no_mem^tm3_clk_v0)
Path Type : setup

Point                                                                                                               Incr      Path
----------------------------------------------------------------------------------------------------------------------------------
clock sv_chip2_hierarchy_no_mem^tm3_clk_v0 (rise edge)                                                             0.000     0.000
clock source latency                                                                                               0.000     0.000
sv_chip2_hierarchy_no_mem^tm3_clk_v0.inpad[0] (.input)                                                             0.000     0.000
lo08232.clk[0] (.latch)                                                                                            1.338     1.338
lo08232.Q[0] (.latch) [clock-to-output]                                                                            0.124     1.462
sv_chip2_hierarchy_no_mem.h_fltr_1_right.your_instance_name_f1^MUL~1150[0].a[0] (multiply)                         1.338     2.800
sv_chip2_hierarchy_no_mem.h_fltr_1_right.your_instance_name_f1^MUL~1150[0].out[1] (multiply)                       1.523     4.323
new_n110227_1.in[0] (.names)                                                                                       1.338     5.660
new_n110227_1.out[0] (.names)                                                                                      0.261     5.921
new_n110263.in[0] (.names)                                                                                         1.338     7.259
new_n110263.out[0] (.names)                                                                                        0.261     7.520
new_n110277.in[0] (.names)                                                                                         1.338     8.858
new_n110277.out[0] (.names)                                                                                        0.261     9.119
new_n110276.in[3] (.names)                                                                                         1.338    10.457
new_n110276.out[0] (.names)                                                                                        0.261    10.718
new_n110289_1.in[5] (.names)                                                                                       1.338    12.055
new_n110289_1.out[0] (.names)                                                                                      0.261    12.316
new_n110313_1.in[0] (.names)                                                                                       1.338    13.654
new_n110313_1.out[0] (.names)                                                                                      0.261    13.915
new_n110339.in[0] (.names)                                                                                         1.338    15.253
new_n110339.out[0] (.names)                                                                                        0.261    15.514
new_n110381.in[1] (.names)                                                                                         1.338    16.852
new_n110381.out[0] (.names)                                                                                        0.261    17.113
new_n110421.in[0] (.names)                                                                                         1.338    18.450
new_n110421.out[0] (.names)                                                                                        0.261    18.711
new_n110464.in[2] (.names)                                                                                         1.338    20.049
new_n110464.out[0] (.names)                                                                                        0.261    20.310
new_n110505.in[0] (.names)                                                                                         1.338    21.648
new_n110505.out[0] (.names)                                                                                        0.261    21.909
new_n110504.in[5] (.names)                                                                                         1.338    23.247
new_n110504.out[0] (.names)                                                                                        0.261    23.508
new_n110516.in[1] (.names)                                                                                         1.338    24.846
new_n110516.out[0] (.names)                                                                                        0.261    25.107
new_n110526.in[5] (.names)                                                                                         1.338    26.444
new_n110526.out[0] (.names)                                                                                        0.261    26.705
new_n110558.in[1] (.names)                                                                                         1.338    28.043
new_n110558.out[0] (.names)                                                                                        0.261    28.304
new_n110557.in[0] (.names)                                                                                         1.338    29.642
new_n110557.out[0] (.names)                                                                                        0.261    29.903
n82396.in[1] (.names)                                                                                              1.338    31.241
n82396.out[0] (.names)                                                                                             0.235    31.476
sv_chip2_hierarchy_no_mem.h_fltr_1_right.your_instance_name_f1^dout~26_FF.D[0] (.latch)                            1.338    32.813
data arrival time                                                                                                           32.813

clock sv_chip2_hierarchy_no_mem^tm3_clk_v0 (rise edge)                                                             0.000     0.000
clock source latency                                                                                               0.000     0.000
sv_chip2_hierarchy_no_mem^tm3_clk_v0.inpad[0] (.input)                                                             0.000     0.000
sv_chip2_hierarchy_no_mem.h_fltr_1_right.your_instance_name_f1^dout~26_FF.clk[0] (.latch)                          1.338     1.338
clock uncertainty                                                                                                  0.000     1.338
cell setup time                                                                                                   -0.066     1.272
data required time                                                                                                           1.272
----------------------------------------------------------------------------------------------------------------------------------
data required time                                                                                                           1.272
data arrival time                                                                                                          -32.813
----------------------------------------------------------------------------------------------------------------------------------
slack (VIOLATED)                                                                                                           -31.542


#Path 5
Startpoint: lo03125.Q[0] (.latch clocked by sv_chip2_hierarchy_no_mem^tm3_clk_v0)
Endpoint  : sv_chip2_hierarchy_no_mem.h_fltr_2_left.your_instance_name_f1^dout~27_FF.D[0] (.latch clocked by sv_chip2_hierarchy_no_mem^tm3_clk_v0)
Path Type : setup

Point                                                                                                             Incr      Path
--------------------------------------------------------------------------------------------------------------------------------
clock sv_chip2_hierarchy_no_mem^tm3_clk_v0 (rise edge)                                                           0.000     0.000
clock source latency                                                                                             0.000     0.000
sv_chip2_hierarchy_no_mem^tm3_clk_v0.inpad[0] (.input)                                                           0.000     0.000
lo03125.clk[0] (.latch)                                                                                          1.338     1.338
lo03125.Q[0] (.latch) [clock-to-output]                                                                          0.124     1.462
sv_chip2_hierarchy_no_mem.h_fltr_2_left.your_instance_name_f1^MUL~506[0].a[0] (multiply)                         1.338     2.800
sv_chip2_hierarchy_no_mem.h_fltr_2_left.your_instance_name_f1^MUL~506[0].out[1] (multiply)                       1.523     4.323
new_n100966_1.in[0] (.names)                                                                                     1.338     5.660
new_n100966_1.out[0] (.names)                                                                                    0.261     5.921
new_n101001_1.in[0] (.names)                                                                                     1.338     7.259
new_n101001_1.out[0] (.names)                                                                                    0.261     7.520
new_n101018.in[0] (.names)                                                                                       1.338     8.858
new_n101018.out[0] (.names)                                                                                      0.261     9.119
new_n101016_1.in[3] (.names)                                                                                     1.338    10.457
new_n101016_1.out[0] (.names)                                                                                    0.261    10.718
new_n101024.in[5] (.names)                                                                                       1.338    12.055
new_n101024.out[0] (.names)                                                                                      0.261    12.316
new_n101036_1.in[5] (.names)                                                                                     1.338    13.654
new_n101036_1.out[0] (.names)                                                                                    0.261    13.915
new_n101063.in[1] (.names)                                                                                       1.338    15.253
new_n101063.out[0] (.names)                                                                                      0.261    15.514
new_n101091_1.in[1] (.names)                                                                                     1.338    16.852
new_n101091_1.out[0] (.names)                                                                                    0.261    17.113
new_n101103.in[0] (.names)                                                                                       1.338    18.450
new_n101103.out[0] (.names)                                                                                      0.261    18.711
new_n101135.in[1] (.names)                                                                                       1.338    20.049
new_n101135.out[0] (.names)                                                                                      0.261    20.310
new_n101175.in[1] (.names)                                                                                       1.338    21.648
new_n101175.out[0] (.names)                                                                                      0.261    21.909
new_n101165.in[2] (.names)                                                                                       1.338    23.247
new_n101165.out[0] (.names)                                                                                      0.235    23.482
new_n101209.in[1] (.names)                                                                                       1.338    24.820
new_n101209.out[0] (.names)                                                                                      0.261    25.081
new_n101248.in[3] (.names)                                                                                       1.338    26.418
new_n101248.out[0] (.names)                                                                                      0.261    26.679
new_n101264.in[3] (.names)                                                                                       1.338    28.017
new_n101264.out[0] (.names)                                                                                      0.261    28.278
new_n101306_1.in[1] (.names)                                                                                     1.338    29.616
new_n101306_1.out[0] (.names)                                                                                    0.261    29.877
n55952.in[2] (.names)                                                                                            1.338    31.215
n55952.out[0] (.names)                                                                                           0.261    31.476
sv_chip2_hierarchy_no_mem.h_fltr_2_left.your_instance_name_f1^dout~27_FF.D[0] (.latch)                           1.338    32.813
data arrival time                                                                                                         32.813

clock sv_chip2_hierarchy_no_mem^tm3_clk_v0 (rise edge)                                                           0.000     0.000
clock source latency                                                                                             0.000     0.000
sv_chip2_hierarchy_no_mem^tm3_clk_v0.inpad[0] (.input)                                                           0.000     0.000
sv_chip2_hierarchy_no_mem.h_fltr_2_left.your_instance_name_f1^dout~27_FF.clk[0] (.latch)                         1.338     1.338
clock uncertainty                                                                                                0.000     1.338
cell setup time                                                                                                 -0.066     1.272
data required time                                                                                                         1.272
--------------------------------------------------------------------------------------------------------------------------------
data required time                                                                                                         1.272
data arrival time                                                                                                        -32.813
--------------------------------------------------------------------------------------------------------------------------------
slack (VIOLATED)                                                                                                         -31.542


#Path 6
Startpoint: lo05678.Q[0] (.latch clocked by sv_chip2_hierarchy_no_mem^tm3_clk_v0)
Endpoint  : sv_chip2_hierarchy_no_mem.h_fltr_4_left.your_instance_name_f1^dout~27_FF.D[0] (.latch clocked by sv_chip2_hierarchy_no_mem^tm3_clk_v0)
Path Type : setup

Point                                                                                                             Incr      Path
--------------------------------------------------------------------------------------------------------------------------------
clock sv_chip2_hierarchy_no_mem^tm3_clk_v0 (rise edge)                                                           0.000     0.000
clock source latency                                                                                             0.000     0.000
sv_chip2_hierarchy_no_mem^tm3_clk_v0.inpad[0] (.input)                                                           0.000     0.000
lo05678.clk[0] (.latch)                                                                                          1.338     1.338
lo05678.Q[0] (.latch) [clock-to-output]                                                                          0.124     1.462
sv_chip2_hierarchy_no_mem.h_fltr_4_left.your_instance_name_f1^MUL~648[0].a[0] (multiply)                         1.338     2.800
sv_chip2_hierarchy_no_mem.h_fltr_4_left.your_instance_name_f1^MUL~648[0].out[1] (multiply)                       1.523     4.323
new_n105595.in[0] (.names)                                                                                       1.338     5.660
new_n105595.out[0] (.names)                                                                                      0.261     5.921
new_n105628.in[0] (.names)                                                                                       1.338     7.259
new_n105628.out[0] (.names)                                                                                      0.261     7.520
new_n105647.in[0] (.names)                                                                                       1.338     8.858
new_n105647.out[0] (.names)                                                                                      0.261     9.119
new_n105645_1.in[3] (.names)                                                                                     1.338    10.457
new_n105645_1.out[0] (.names)                                                                                    0.261    10.718
new_n105660_1.in[5] (.names)                                                                                     1.338    12.055
new_n105660_1.out[0] (.names)                                                                                    0.261    12.316
new_n105687.in[0] (.names)                                                                                       1.338    13.654
new_n105687.out[0] (.names)                                                                                      0.261    13.915
new_n105715_1.in[0] (.names)                                                                                     1.338    15.253
new_n105715_1.out[0] (.names)                                                                                    0.261    15.514
new_n105753.in[2] (.names)                                                                                       1.338    16.852
new_n105753.out[0] (.names)                                                                                      0.261    17.113
new_n105782_1.in[0] (.names)                                                                                     1.338    18.450
new_n105782_1.out[0] (.names)                                                                                    0.261    18.711
new_n105832_1.in[2] (.names)                                                                                     1.338    20.049
new_n105832_1.out[0] (.names)                                                                                    0.261    20.310
new_n105848.in[1] (.names)                                                                                       1.338    21.648
new_n105848.out[0] (.names)                                                                                      0.261    21.909
new_n105867.in[5] (.names)                                                                                       1.338    23.247
new_n105867.out[0] (.names)                                                                                      0.261    23.508
new_n105887.in[1] (.names)                                                                                       1.338    24.846
new_n105887.out[0] (.names)                                                                                      0.261    25.107
new_n105898.in[5] (.names)                                                                                       1.338    26.444
new_n105898.out[0] (.names)                                                                                      0.261    26.705
new_n105931.in[1] (.names)                                                                                       1.338    28.043
new_n105931.out[0] (.names)                                                                                      0.261    28.304
new_n105930.in[0] (.names)                                                                                       1.338    29.642
new_n105930.out[0] (.names)                                                                                      0.235    29.877
n69131.in[1] (.names)                                                                                            1.338    31.215
n69131.out[0] (.names)                                                                                           0.261    31.476
sv_chip2_hierarchy_no_mem.h_fltr_4_left.your_instance_name_f1^dout~27_FF.D[0] (.latch)                           1.338    32.813
data arrival time                                                                                                         32.813

clock sv_chip2_hierarchy_no_mem^tm3_clk_v0 (rise edge)                                                           0.000     0.000
clock source latency                                                                                             0.000     0.000
sv_chip2_hierarchy_no_mem^tm3_clk_v0.inpad[0] (.input)                                                           0.000     0.000
sv_chip2_hierarchy_no_mem.h_fltr_4_left.your_instance_name_f1^dout~27_FF.clk[0] (.latch)                         1.338     1.338
clock uncertainty                                                                                                0.000     1.338
cell setup time                                                                                                 -0.066     1.272
data required time                                                                                                         1.272
--------------------------------------------------------------------------------------------------------------------------------
data required time                                                                                                         1.272
data arrival time                                                                                                        -32.813
--------------------------------------------------------------------------------------------------------------------------------
slack (VIOLATED)                                                                                                         -31.542


#Path 7
Startpoint: lo09998.Q[0] (.latch clocked by sv_chip2_hierarchy_no_mem^tm3_clk_v0)
Endpoint  : sv_chip2_hierarchy_no_mem.h_fltr_1_right.your_instance_name_h3^dout~27_FF.D[0] (.latch clocked by sv_chip2_hierarchy_no_mem^tm3_clk_v0)
Path Type : setup

Point                                                                                                               Incr      Path
----------------------------------------------------------------------------------------------------------------------------------
clock sv_chip2_hierarchy_no_mem^tm3_clk_v0 (rise edge)                                                             0.000     0.000
clock source latency                                                                                               0.000     0.000
sv_chip2_hierarchy_no_mem^tm3_clk_v0.inpad[0] (.input)                                                             0.000     0.000
lo09998.clk[0] (.latch)                                                                                            1.338     1.338
lo09998.Q[0] (.latch) [clock-to-output]                                                                            0.124     1.462
sv_chip2_hierarchy_no_mem.h_fltr_1_right.your_instance_name_h3^MUL~1226[0].a[0] (multiply)                         1.338     2.800
sv_chip2_hierarchy_no_mem.h_fltr_1_right.your_instance_name_h3^MUL~1226[0].out[0] (multiply)                       1.523     4.323
new_n113507.in[0] (.names)                                                                                         1.338     5.660
new_n113507.out[0] (.names)                                                                                        0.261     5.921
new_n113517_1.in[0] (.names)                                                                                       1.338     7.259
new_n113517_1.out[0] (.names)                                                                                      0.261     7.520
new_n113515.in[3] (.names)                                                                                         1.338     8.858
new_n113515.out[0] (.names)                                                                                        0.261     9.119
new_n113528.in[4] (.names)                                                                                         1.338    10.457
new_n113528.out[0] (.names)                                                                                        0.261    10.718
new_n113549.in[3] (.names)                                                                                         1.338    12.055
new_n113549.out[0] (.names)                                                                                        0.261    12.316
new_n113573.in[3] (.names)                                                                                         1.338    13.654
new_n113573.out[0] (.names)                                                                                        0.261    13.915
new_n113594.in[3] (.names)                                                                                         1.338    15.253
new_n113594.out[0] (.names)                                                                                        0.261    15.514
new_n113615_1.in[3] (.names)                                                                                       1.338    16.852
new_n113615_1.out[0] (.names)                                                                                      0.261    17.113
new_n113625_1.in[2] (.names)                                                                                       1.338    18.450
new_n113625_1.out[0] (.names)                                                                                      0.261    18.711
new_n113659.in[1] (.names)                                                                                         1.338    20.049
new_n113659.out[0] (.names)                                                                                        0.261    20.310
new_n113680_1.in[3] (.names)                                                                                       1.338    21.648
new_n113680_1.out[0] (.names)                                                                                      0.261    21.909
new_n113691_1.in[3] (.names)                                                                                       1.338    23.247
new_n113691_1.out[0] (.names)                                                                                      0.261    23.508
new_n113714.in[1] (.names)                                                                                         1.338    24.846
new_n113714.out[0] (.names)                                                                                        0.261    25.107
new_n113749.in[1] (.names)                                                                                         1.338    26.444
new_n113749.out[0] (.names)                                                                                        0.261    26.705
new_n113769_1.in[3] (.names)                                                                                       1.338    28.043
new_n113769_1.out[0] (.names)                                                                                      0.261    28.304
new_n113772.in[0] (.names)                                                                                         1.338    29.642
new_n113772.out[0] (.names)                                                                                        0.261    29.903
n91590.in[1] (.names)                                                                                              1.338    31.241
n91590.out[0] (.names)                                                                                             0.235    31.476
sv_chip2_hierarchy_no_mem.h_fltr_1_right.your_instance_name_h3^dout~27_FF.D[0] (.latch)                            1.338    32.813
data arrival time                                                                                                           32.813

clock sv_chip2_hierarchy_no_mem^tm3_clk_v0 (rise edge)                                                             0.000     0.000
clock source latency                                                                                               0.000     0.000
sv_chip2_hierarchy_no_mem^tm3_clk_v0.inpad[0] (.input)                                                             0.000     0.000
sv_chip2_hierarchy_no_mem.h_fltr_1_right.your_instance_name_h3^dout~27_FF.clk[0] (.latch)                          1.338     1.338
clock uncertainty                                                                                                  0.000     1.338
cell setup time                                                                                                   -0.066     1.272
data required time                                                                                                           1.272
----------------------------------------------------------------------------------------------------------------------------------
data required time                                                                                                           1.272
data arrival time                                                                                                          -32.813
----------------------------------------------------------------------------------------------------------------------------------
slack (VIOLATED)                                                                                                           -31.542


#Path 8
Startpoint: lo13338.Q[0] (.latch clocked by sv_chip2_hierarchy_no_mem^tm3_clk_v0)
Endpoint  : sv_chip2_hierarchy_no_mem.h_fltr_4_right.your_instance_name_f1^dout~27_FF.D[0] (.latch clocked by sv_chip2_hierarchy_no_mem^tm3_clk_v0)
Path Type : setup

Point                                                                                                               Incr      Path
----------------------------------------------------------------------------------------------------------------------------------
clock sv_chip2_hierarchy_no_mem^tm3_clk_v0 (rise edge)                                                             0.000     0.000
clock source latency                                                                                               0.000     0.000
sv_chip2_hierarchy_no_mem^tm3_clk_v0.inpad[0] (.input)                                                             0.000     0.000
lo13338.clk[0] (.latch)                                                                                            1.338     1.338
lo13338.Q[0] (.latch) [clock-to-output]                                                                            0.124     1.462
sv_chip2_hierarchy_no_mem.h_fltr_4_right.your_instance_name_f1^MUL~1434[0].a[0] (multiply)                         1.338     2.800
sv_chip2_hierarchy_no_mem.h_fltr_4_right.your_instance_name_f1^MUL~1434[0].out[1] (multiply)                       1.523     4.323
new_n119421_1.in[0] (.names)                                                                                       1.338     5.660
new_n119421_1.out[0] (.names)                                                                                      0.261     5.921
new_n119455_1.in[0] (.names)                                                                                       1.338     7.259
new_n119455_1.out[0] (.names)                                                                                      0.261     7.520
new_n119472.in[0] (.names)                                                                                         1.338     8.858
new_n119472.out[0] (.names)                                                                                        0.261     9.119
new_n119471_1.in[3] (.names)                                                                                       1.338    10.457
new_n119471_1.out[0] (.names)                                                                                      0.261    10.718
new_n119484.in[5] (.names)                                                                                         1.338    12.055
new_n119484.out[0] (.names)                                                                                        0.261    12.316
new_n119491_1.in[4] (.names)                                                                                       1.338    13.654
new_n119491_1.out[0] (.names)                                                                                      0.261    13.915
new_n119518.in[1] (.names)                                                                                         1.338    15.253
new_n119518.out[0] (.names)                                                                                        0.261    15.514
new_n119553.in[1] (.names)                                                                                         1.338    16.852
new_n119553.out[0] (.names)                                                                                        0.261    17.113
new_n119585_1.in[2] (.names)                                                                                       1.338    18.450
new_n119585_1.out[0] (.names)                                                                                      0.261    18.711
new_n119590_1.in[1] (.names)                                                                                       1.338    20.049
new_n119590_1.out[0] (.names)                                                                                      0.261    20.310
new_n119588.in[3] (.names)                                                                                         1.338    21.648
new_n119588.out[0] (.names)                                                                                        0.235    21.883
new_n119631_1.in[1] (.names)                                                                                       1.338    23.221
new_n119631_1.out[0] (.names)                                                                                      0.261    23.482
new_n119664.in[3] (.names)                                                                                         1.338    24.820
new_n119664.out[0] (.names)                                                                                        0.261    25.081
new_n119696_1.in[3] (.names)                                                                                       1.338    26.418
new_n119696_1.out[0] (.names)                                                                                      0.261    26.679
new_n119730.in[3] (.names)                                                                                         1.338    28.017
new_n119730.out[0] (.names)                                                                                        0.261    28.278
new_n119745_1.in[3] (.names)                                                                                       1.338    29.616
new_n119745_1.out[0] (.names)                                                                                      0.261    29.877
n108773.in[2] (.names)                                                                                             1.338    31.215
n108773.out[0] (.names)                                                                                            0.261    31.476
sv_chip2_hierarchy_no_mem.h_fltr_4_right.your_instance_name_f1^dout~27_FF.D[0] (.latch)                            1.338    32.813
data arrival time                                                                                                           32.813

clock sv_chip2_hierarchy_no_mem^tm3_clk_v0 (rise edge)                                                             0.000     0.000
clock source latency                                                                                               0.000     0.000
sv_chip2_hierarchy_no_mem^tm3_clk_v0.inpad[0] (.input)                                                             0.000     0.000
sv_chip2_hierarchy_no_mem.h_fltr_4_right.your_instance_name_f1^dout~27_FF.clk[0] (.latch)                          1.338     1.338
clock uncertainty                                                                                                  0.000     1.338
cell setup time                                                                                                   -0.066     1.272
data required time                                                                                                           1.272
----------------------------------------------------------------------------------------------------------------------------------
data required time                                                                                                           1.272
data arrival time                                                                                                          -32.813
----------------------------------------------------------------------------------------------------------------------------------
slack (VIOLATED)                                                                                                           -31.542


#Path 9
Startpoint: lo04545.Q[0] (.latch clocked by sv_chip2_hierarchy_no_mem^tm3_clk_v0)
Endpoint  : sv_chip2_hierarchy_no_mem.h_fltr_2_left.your_instance_name_h4^dout~26_FF.D[0] (.latch clocked by sv_chip2_hierarchy_no_mem^tm3_clk_v0)
Path Type : setup

Point                                                                                                             Incr      Path
--------------------------------------------------------------------------------------------------------------------------------
clock sv_chip2_hierarchy_no_mem^tm3_clk_v0 (rise edge)                                                           0.000     0.000
clock source latency                                                                                             0.000     0.000
sv_chip2_hierarchy_no_mem^tm3_clk_v0.inpad[0] (.input)                                                           0.000     0.000
lo04545.clk[0] (.latch)                                                                                          1.338     1.338
lo04545.Q[0] (.latch) [clock-to-output]                                                                          0.124     1.462
sv_chip2_hierarchy_no_mem.h_fltr_2_left.your_instance_name_h4^MUL~596[0].a[0] (multiply)                         1.338     2.800
sv_chip2_hierarchy_no_mem.h_fltr_2_left.your_instance_name_h4^MUL~596[0].out[0] (multiply)                       1.523     4.323
new_n103673.in[0] (.names)                                                                                       1.338     5.660
new_n103673.out[0] (.names)                                                                                      0.261     5.921
new_n103682.in[0] (.names)                                                                                       1.338     7.259
new_n103682.out[0] (.names)                                                                                      0.261     7.520
new_n103680_1.in[3] (.names)                                                                                     1.338     8.858
new_n103680_1.out[0] (.names)                                                                                    0.261     9.119
new_n103687.in[2] (.names)                                                                                       1.338    10.457
new_n103687.out[0] (.names)                                                                                      0.235    10.692
new_n103707.in[0] (.names)                                                                                       1.338    12.029
new_n103707.out[0] (.names)                                                                                      0.261    12.290
new_n103729.in[0] (.names)                                                                                       1.338    13.628
new_n103729.out[0] (.names)                                                                                      0.261    13.889
new_n103754.in[0] (.names)                                                                                       1.338    15.227
new_n103754.out[0] (.names)                                                                                      0.261    15.488
new_n103763_1.in[0] (.names)                                                                                     1.338    16.826
new_n103763_1.out[0] (.names)                                                                                    0.261    17.087
new_n103789_1.in[1] (.names)                                                                                     1.338    18.424
new_n103789_1.out[0] (.names)                                                                                    0.261    18.685
new_n103815.in[3] (.names)                                                                                       1.338    20.023
new_n103815.out[0] (.names)                                                                                      0.261    20.284
new_n103837.in[3] (.names)                                                                                       1.338    21.622
new_n103837.out[0] (.names)                                                                                      0.261    21.883
new_n103860.in[3] (.names)                                                                                       1.338    23.221
new_n103860.out[0] (.names)                                                                                      0.261    23.482
new_n103884.in[3] (.names)                                                                                       1.338    24.820
new_n103884.out[0] (.names)                                                                                      0.261    25.081
new_n103909.in[3] (.names)                                                                                       1.338    26.418
new_n103909.out[0] (.names)                                                                                      0.261    26.679
new_n103924.in[3] (.names)                                                                                       1.338    28.017
new_n103924.out[0] (.names)                                                                                      0.261    28.278
new_n103935.in[0] (.names)                                                                                       1.338    29.616
new_n103935.out[0] (.names)                                                                                      0.235    29.851
n63342.in[1] (.names)                                                                                            1.338    31.189
n63342.out[0] (.names)                                                                                           0.261    31.450
sv_chip2_hierarchy_no_mem.h_fltr_2_left.your_instance_name_h4^dout~26_FF.D[0] (.latch)                           1.338    32.787
data arrival time                                                                                                         32.787

clock sv_chip2_hierarchy_no_mem^tm3_clk_v0 (rise edge)                                                           0.000     0.000
clock source latency                                                                                             0.000     0.000
sv_chip2_hierarchy_no_mem^tm3_clk_v0.inpad[0] (.input)                                                           0.000     0.000
sv_chip2_hierarchy_no_mem.h_fltr_2_left.your_instance_name_h4^dout~26_FF.clk[0] (.latch)                         1.338     1.338
clock uncertainty                                                                                                0.000     1.338
cell setup time                                                                                                 -0.066     1.272
data required time                                                                                                         1.272
--------------------------------------------------------------------------------------------------------------------------------
data required time                                                                                                         1.272
data arrival time                                                                                                        -32.787
--------------------------------------------------------------------------------------------------------------------------------
slack (VIOLATED)                                                                                                         -31.516


#Path 10
Startpoint: lo03125.Q[0] (.latch clocked by sv_chip2_hierarchy_no_mem^tm3_clk_v0)
Endpoint  : sv_chip2_hierarchy_no_mem.h_fltr_2_left.your_instance_name_f1^dout~25_FF.D[0] (.latch clocked by sv_chip2_hierarchy_no_mem^tm3_clk_v0)
Path Type : setup

Point                                                                                                             Incr      Path
--------------------------------------------------------------------------------------------------------------------------------
clock sv_chip2_hierarchy_no_mem^tm3_clk_v0 (rise edge)                                                           0.000     0.000
clock source latency                                                                                             0.000     0.000
sv_chip2_hierarchy_no_mem^tm3_clk_v0.inpad[0] (.input)                                                           0.000     0.000
lo03125.clk[0] (.latch)                                                                                          1.338     1.338
lo03125.Q[0] (.latch) [clock-to-output]                                                                          0.124     1.462
sv_chip2_hierarchy_no_mem.h_fltr_2_left.your_instance_name_f1^MUL~506[0].a[0] (multiply)                         1.338     2.800
sv_chip2_hierarchy_no_mem.h_fltr_2_left.your_instance_name_f1^MUL~506[0].out[1] (multiply)                       1.523     4.323
new_n100966_1.in[0] (.names)                                                                                     1.338     5.660
new_n100966_1.out[0] (.names)                                                                                    0.261     5.921
new_n101001_1.in[0] (.names)                                                                                     1.338     7.259
new_n101001_1.out[0] (.names)                                                                                    0.261     7.520
new_n101018.in[0] (.names)                                                                                       1.338     8.858
new_n101018.out[0] (.names)                                                                                      0.261     9.119
new_n101016_1.in[3] (.names)                                                                                     1.338    10.457
new_n101016_1.out[0] (.names)                                                                                    0.261    10.718
new_n101024.in[5] (.names)                                                                                       1.338    12.055
new_n101024.out[0] (.names)                                                                                      0.261    12.316
new_n101036_1.in[5] (.names)                                                                                     1.338    13.654
new_n101036_1.out[0] (.names)                                                                                    0.261    13.915
new_n101063.in[1] (.names)                                                                                       1.338    15.253
new_n101063.out[0] (.names)                                                                                      0.261    15.514
new_n101091_1.in[1] (.names)                                                                                     1.338    16.852
new_n101091_1.out[0] (.names)                                                                                    0.261    17.113
new_n101103.in[0] (.names)                                                                                       1.338    18.450
new_n101103.out[0] (.names)                                                                                      0.261    18.711
new_n101135.in[1] (.names)                                                                                       1.338    20.049
new_n101135.out[0] (.names)                                                                                      0.261    20.310
new_n101175.in[1] (.names)                                                                                       1.338    21.648
new_n101175.out[0] (.names)                                                                                      0.261    21.909
new_n101165.in[2] (.names)                                                                                       1.338    23.247
new_n101165.out[0] (.names)                                                                                      0.235    23.482
new_n101209.in[1] (.names)                                                                                       1.338    24.820
new_n101209.out[0] (.names)                                                                                      0.261    25.081
new_n101248.in[3] (.names)                                                                                       1.338    26.418
new_n101248.out[0] (.names)                                                                                      0.261    26.679
new_n101264.in[3] (.names)                                                                                       1.338    28.017
new_n101264.out[0] (.names)                                                                                      0.261    28.278
new_n101280.in[0] (.names)                                                                                       1.338    29.616
new_n101280.out[0] (.names)                                                                                      0.235    29.851
n55914.in[1] (.names)                                                                                            1.338    31.189
n55914.out[0] (.names)                                                                                           0.261    31.450
sv_chip2_hierarchy_no_mem.h_fltr_2_left.your_instance_name_f1^dout~25_FF.D[0] (.latch)                           1.338    32.787
data arrival time                                                                                                         32.787

clock sv_chip2_hierarchy_no_mem^tm3_clk_v0 (rise edge)                                                           0.000     0.000
clock source latency                                                                                             0.000     0.000
sv_chip2_hierarchy_no_mem^tm3_clk_v0.inpad[0] (.input)                                                           0.000     0.000
sv_chip2_hierarchy_no_mem.h_fltr_2_left.your_instance_name_f1^dout~25_FF.clk[0] (.latch)                         1.338     1.338
clock uncertainty                                                                                                0.000     1.338
cell setup time                                                                                                 -0.066     1.272
data required time                                                                                                         1.272
--------------------------------------------------------------------------------------------------------------------------------
data required time                                                                                                         1.272
data arrival time                                                                                                        -32.787
--------------------------------------------------------------------------------------------------------------------------------
slack (VIOLATED)                                                                                                         -31.516


#Path 11
Startpoint: lo12205.Q[0] (.latch clocked by sv_chip2_hierarchy_no_mem^tm3_clk_v0)
Endpoint  : sv_chip2_hierarchy_no_mem.h_fltr_2_right.your_instance_name_h4^dout~27_FF.D[0] (.latch clocked by sv_chip2_hierarchy_no_mem^tm3_clk_v0)
Path Type : setup

Point                                                                                                               Incr      Path
----------------------------------------------------------------------------------------------------------------------------------
clock sv_chip2_hierarchy_no_mem^tm3_clk_v0 (rise edge)                                                             0.000     0.000
clock source latency                                                                                               0.000     0.000
sv_chip2_hierarchy_no_mem^tm3_clk_v0.inpad[0] (.input)                                                             0.000     0.000
lo12205.clk[0] (.latch)                                                                                            1.338     1.338
lo12205.Q[0] (.latch) [clock-to-output]                                                                            0.124     1.462
sv_chip2_hierarchy_no_mem.h_fltr_2_right.your_instance_name_h4^MUL~1382[0].a[0] (multiply)                         1.338     2.800
sv_chip2_hierarchy_no_mem.h_fltr_2_right.your_instance_name_h4^MUL~1382[0].out[0] (multiply)                       1.523     4.323
new_n117488_1.in[0] (.names)                                                                                       1.338     5.660
new_n117488_1.out[0] (.names)                                                                                      0.261     5.921
new_n117507.in[1] (.names)                                                                                         1.338     7.259
new_n117507.out[0] (.names)                                                                                        0.261     7.520
new_n117514_1.in[1] (.names)                                                                                       1.338     8.858
new_n117514_1.out[0] (.names)                                                                                      0.261     9.119
new_n117513_1.in[4] (.names)                                                                                       1.338    10.457
new_n117513_1.out[0] (.names)                                                                                      0.261    10.718
new_n117539_1.in[1] (.names)                                                                                       1.338    12.055
new_n117539_1.out[0] (.names)                                                                                      0.261    12.316
new_n117560.in[2] (.names)                                                                                         1.338    13.654
new_n117560.out[0] (.names)                                                                                        0.261    13.915
new_n117582.in[0] (.names)                                                                                         1.338    15.253
new_n117582.out[0] (.names)                                                                                        0.261    15.514
new_n117604_1.in[1] (.names)                                                                                       1.338    16.852
new_n117604_1.out[0] (.names)                                                                                      0.261    17.113
new_n117624_1.in[1] (.names)                                                                                       1.338    18.450
new_n117624_1.out[0] (.names)                                                                                      0.261    18.711
new_n117649_1.in[1] (.names)                                                                                       1.338    20.049
new_n117649_1.out[0] (.names)                                                                                      0.261    20.310
new_n117670.in[1] (.names)                                                                                         1.338    21.648
new_n117670.out[0] (.names)                                                                                        0.261    21.909
new_n117704_1.in[1] (.names)                                                                                       1.338    23.247
new_n117704_1.out[0] (.names)                                                                                      0.261    23.508
new_n117709_1.in[1] (.names)                                                                                       1.338    24.846
new_n117709_1.out[0] (.names)                                                                                      0.261    25.107
new_n117729_1.in[1] (.names)                                                                                       1.338    26.444
new_n117729_1.out[0] (.names)                                                                                      0.235    26.679
new_n117755.in[0] (.names)                                                                                         1.338    28.017
new_n117755.out[0] (.names)                                                                                        0.261    28.278
new_n117766.in[2] (.names)                                                                                         1.338    29.616
new_n117766.out[0] (.names)                                                                                        0.235    29.851
n102999.in[1] (.names)                                                                                             1.338    31.189
n102999.out[0] (.names)                                                                                            0.261    31.450
sv_chip2_hierarchy_no_mem.h_fltr_2_right.your_instance_name_h4^dout~27_FF.D[0] (.latch)                            1.338    32.787
data arrival time                                                                                                           32.787

clock sv_chip2_hierarchy_no_mem^tm3_clk_v0 (rise edge)                                                             0.000     0.000
clock source latency                                                                                               0.000     0.000
sv_chip2_hierarchy_no_mem^tm3_clk_v0.inpad[0] (.input)                                                             0.000     0.000
sv_chip2_hierarchy_no_mem.h_fltr_2_right.your_instance_name_h4^dout~27_FF.clk[0] (.latch)                          1.338     1.338
clock uncertainty                                                                                                  0.000     1.338
cell setup time                                                                                                   -0.066     1.272
data required time                                                                                                           1.272
----------------------------------------------------------------------------------------------------------------------------------
data required time                                                                                                           1.272
data arrival time                                                                                                          -32.787
----------------------------------------------------------------------------------------------------------------------------------
slack (VIOLATED)                                                                                                           -31.516


#Path 12
Startpoint: lo04545.Q[0] (.latch clocked by sv_chip2_hierarchy_no_mem^tm3_clk_v0)
Endpoint  : sv_chip2_hierarchy_no_mem.h_fltr_2_left.your_instance_name_h4^dout~27_FF.D[0] (.latch clocked by sv_chip2_hierarchy_no_mem^tm3_clk_v0)
Path Type : setup

Point                                                                                                             Incr      Path
--------------------------------------------------------------------------------------------------------------------------------
clock sv_chip2_hierarchy_no_mem^tm3_clk_v0 (rise edge)                                                           0.000     0.000
clock source latency                                                                                             0.000     0.000
sv_chip2_hierarchy_no_mem^tm3_clk_v0.inpad[0] (.input)                                                           0.000     0.000
lo04545.clk[0] (.latch)                                                                                          1.338     1.338
lo04545.Q[0] (.latch) [clock-to-output]                                                                          0.124     1.462
sv_chip2_hierarchy_no_mem.h_fltr_2_left.your_instance_name_h4^MUL~596[0].a[0] (multiply)                         1.338     2.800
sv_chip2_hierarchy_no_mem.h_fltr_2_left.your_instance_name_h4^MUL~596[0].out[0] (multiply)                       1.523     4.323
new_n103673.in[0] (.names)                                                                                       1.338     5.660
new_n103673.out[0] (.names)                                                                                      0.261     5.921
new_n103682.in[0] (.names)                                                                                       1.338     7.259
new_n103682.out[0] (.names)                                                                                      0.261     7.520
new_n103680_1.in[3] (.names)                                                                                     1.338     8.858
new_n103680_1.out[0] (.names)                                                                                    0.261     9.119
new_n103687.in[2] (.names)                                                                                       1.338    10.457
new_n103687.out[0] (.names)                                                                                      0.235    10.692
new_n103707.in[0] (.names)                                                                                       1.338    12.029
new_n103707.out[0] (.names)                                                                                      0.261    12.290
new_n103729.in[0] (.names)                                                                                       1.338    13.628
new_n103729.out[0] (.names)                                                                                      0.261    13.889
new_n103754.in[0] (.names)                                                                                       1.338    15.227
new_n103754.out[0] (.names)                                                                                      0.261    15.488
new_n103763_1.in[0] (.names)                                                                                     1.338    16.826
new_n103763_1.out[0] (.names)                                                                                    0.261    17.087
new_n103789_1.in[1] (.names)                                                                                     1.338    18.424
new_n103789_1.out[0] (.names)                                                                                    0.261    18.685
new_n103815.in[3] (.names)                                                                                       1.338    20.023
new_n103815.out[0] (.names)                                                                                      0.261    20.284
new_n103837.in[3] (.names)                                                                                       1.338    21.622
new_n103837.out[0] (.names)                                                                                      0.261    21.883
new_n103860.in[3] (.names)                                                                                       1.338    23.221
new_n103860.out[0] (.names)                                                                                      0.261    23.482
new_n103884.in[3] (.names)                                                                                       1.338    24.820
new_n103884.out[0] (.names)                                                                                      0.261    25.081
new_n103909.in[3] (.names)                                                                                       1.338    26.418
new_n103909.out[0] (.names)                                                                                      0.261    26.679
new_n103924.in[3] (.names)                                                                                       1.338    28.017
new_n103924.out[0] (.names)                                                                                      0.261    28.278
new_n103947_1.in[1] (.names)                                                                                     1.338    29.616
new_n103947_1.out[0] (.names)                                                                                    0.261    29.877
n63357.in[2] (.names)                                                                                            1.338    31.215
n63357.out[0] (.names)                                                                                           0.235    31.450
sv_chip2_hierarchy_no_mem.h_fltr_2_left.your_instance_name_h4^dout~27_FF.D[0] (.latch)                           1.338    32.787
data arrival time                                                                                                         32.787

clock sv_chip2_hierarchy_no_mem^tm3_clk_v0 (rise edge)                                                           0.000     0.000
clock source latency                                                                                             0.000     0.000
sv_chip2_hierarchy_no_mem^tm3_clk_v0.inpad[0] (.input)                                                           0.000     0.000
sv_chip2_hierarchy_no_mem.h_fltr_2_left.your_instance_name_h4^dout~27_FF.clk[0] (.latch)                         1.338     1.338
clock uncertainty                                                                                                0.000     1.338
cell setup time                                                                                                 -0.066     1.272
data required time                                                                                                         1.272
--------------------------------------------------------------------------------------------------------------------------------
data required time                                                                                                         1.272
data arrival time                                                                                                        -32.787
--------------------------------------------------------------------------------------------------------------------------------
slack (VIOLATED)                                                                                                         -31.516


#Path 13
Startpoint: lo03125.Q[0] (.latch clocked by sv_chip2_hierarchy_no_mem^tm3_clk_v0)
Endpoint  : sv_chip2_hierarchy_no_mem.h_fltr_2_left.your_instance_name_f1^dout~26_FF.D[0] (.latch clocked by sv_chip2_hierarchy_no_mem^tm3_clk_v0)
Path Type : setup

Point                                                                                                             Incr      Path
--------------------------------------------------------------------------------------------------------------------------------
clock sv_chip2_hierarchy_no_mem^tm3_clk_v0 (rise edge)                                                           0.000     0.000
clock source latency                                                                                             0.000     0.000
sv_chip2_hierarchy_no_mem^tm3_clk_v0.inpad[0] (.input)                                                           0.000     0.000
lo03125.clk[0] (.latch)                                                                                          1.338     1.338
lo03125.Q[0] (.latch) [clock-to-output]                                                                          0.124     1.462
sv_chip2_hierarchy_no_mem.h_fltr_2_left.your_instance_name_f1^MUL~506[0].a[0] (multiply)                         1.338     2.800
sv_chip2_hierarchy_no_mem.h_fltr_2_left.your_instance_name_f1^MUL~506[0].out[1] (multiply)                       1.523     4.323
new_n100966_1.in[0] (.names)                                                                                     1.338     5.660
new_n100966_1.out[0] (.names)                                                                                    0.261     5.921
new_n101001_1.in[0] (.names)                                                                                     1.338     7.259
new_n101001_1.out[0] (.names)                                                                                    0.261     7.520
new_n101018.in[0] (.names)                                                                                       1.338     8.858
new_n101018.out[0] (.names)                                                                                      0.261     9.119
new_n101016_1.in[3] (.names)                                                                                     1.338    10.457
new_n101016_1.out[0] (.names)                                                                                    0.261    10.718
new_n101024.in[5] (.names)                                                                                       1.338    12.055
new_n101024.out[0] (.names)                                                                                      0.261    12.316
new_n101036_1.in[5] (.names)                                                                                     1.338    13.654
new_n101036_1.out[0] (.names)                                                                                    0.261    13.915
new_n101063.in[1] (.names)                                                                                       1.338    15.253
new_n101063.out[0] (.names)                                                                                      0.261    15.514
new_n101091_1.in[1] (.names)                                                                                     1.338    16.852
new_n101091_1.out[0] (.names)                                                                                    0.261    17.113
new_n101103.in[0] (.names)                                                                                       1.338    18.450
new_n101103.out[0] (.names)                                                                                      0.261    18.711
new_n101135.in[1] (.names)                                                                                       1.338    20.049
new_n101135.out[0] (.names)                                                                                      0.261    20.310
new_n101175.in[1] (.names)                                                                                       1.338    21.648
new_n101175.out[0] (.names)                                                                                      0.261    21.909
new_n101165.in[2] (.names)                                                                                       1.338    23.247
new_n101165.out[0] (.names)                                                                                      0.235    23.482
new_n101209.in[1] (.names)                                                                                       1.338    24.820
new_n101209.out[0] (.names)                                                                                      0.261    25.081
new_n101248.in[3] (.names)                                                                                       1.338    26.418
new_n101248.out[0] (.names)                                                                                      0.261    26.679
new_n101264.in[3] (.names)                                                                                       1.338    28.017
new_n101264.out[0] (.names)                                                                                      0.261    28.278
new_n101306_1.in[1] (.names)                                                                                     1.338    29.616
new_n101306_1.out[0] (.names)                                                                                    0.261    29.877
n55933.in[1] (.names)                                                                                            1.338    31.215
n55933.out[0] (.names)                                                                                           0.235    31.450
sv_chip2_hierarchy_no_mem.h_fltr_2_left.your_instance_name_f1^dout~26_FF.D[0] (.latch)                           1.338    32.787
data arrival time                                                                                                         32.787

clock sv_chip2_hierarchy_no_mem^tm3_clk_v0 (rise edge)                                                           0.000     0.000
clock source latency                                                                                             0.000     0.000
sv_chip2_hierarchy_no_mem^tm3_clk_v0.inpad[0] (.input)                                                           0.000     0.000
sv_chip2_hierarchy_no_mem.h_fltr_2_left.your_instance_name_f1^dout~26_FF.clk[0] (.latch)                         1.338     1.338
clock uncertainty                                                                                                0.000     1.338
cell setup time                                                                                                 -0.066     1.272
data required time                                                                                                         1.272
--------------------------------------------------------------------------------------------------------------------------------
data required time                                                                                                         1.272
data arrival time                                                                                                        -32.787
--------------------------------------------------------------------------------------------------------------------------------
slack (VIOLATED)                                                                                                         -31.516


#Path 14
Startpoint: lo00820.Q[0] (.latch clocked by sv_chip2_hierarchy_no_mem^tm3_clk_v0)
Endpoint  : sv_chip2_hierarchy_no_mem.h_fltr_1_left.your_instance_name_f3^dout~27_FF.D[0] (.latch clocked by sv_chip2_hierarchy_no_mem^tm3_clk_v0)
Path Type : setup

Point                                                                                                             Incr      Path
--------------------------------------------------------------------------------------------------------------------------------
clock sv_chip2_hierarchy_no_mem^tm3_clk_v0 (rise edge)                                                           0.000     0.000
clock source latency                                                                                             0.000     0.000
sv_chip2_hierarchy_no_mem^tm3_clk_v0.inpad[0] (.input)                                                           0.000     0.000
lo00820.clk[0] (.latch)                                                                                          1.338     1.338
lo00820.Q[0] (.latch) [clock-to-output]                                                                          0.124     1.462
sv_chip2_hierarchy_no_mem.h_fltr_1_left.your_instance_name_f3^MUL~396[0].a[0] (multiply)                         1.338     2.800
sv_chip2_hierarchy_no_mem.h_fltr_1_left.your_instance_name_f3^MUL~396[0].out[0] (multiply)                       1.523     4.323
new_n96865.in[0] (.names)                                                                                        1.338     5.660
new_n96865.out[0] (.names)                                                                                       0.261     5.921
new_n96875.in[0] (.names)                                                                                        1.338     7.259
new_n96875.out[0] (.names)                                                                                       0.235     7.494
new_n96874.in[0] (.names)                                                                                        1.338     8.832
new_n96874.out[0] (.names)                                                                                       0.261     9.093
new_n96893.in[2] (.names)                                                                                        1.338    10.431
new_n96893.out[0] (.names)                                                                                       0.261    10.692
new_n96915_1.in[1] (.names)                                                                                      1.338    12.029
new_n96915_1.out[0] (.names)                                                                                     0.261    12.290
new_n96939_1.in[1] (.names)                                                                                      1.338    13.628
new_n96939_1.out[0] (.names)                                                                                     0.261    13.889
new_n96964.in[1] (.names)                                                                                        1.338    15.227
new_n96964.out[0] (.names)                                                                                       0.261    15.488
new_n96986_1.in[2] (.names)                                                                                      1.338    16.826
new_n96986_1.out[0] (.names)                                                                                     0.261    17.087
new_n97012.in[2] (.names)                                                                                        1.338    18.424
new_n97012.out[0] (.names)                                                                                       0.261    18.685
new_n97031.in[2] (.names)                                                                                        1.338    20.023
new_n97031.out[0] (.names)                                                                                       0.261    20.284
new_n97056.in[2] (.names)                                                                                        1.338    21.622
new_n97056.out[0] (.names)                                                                                       0.261    21.883
new_n97072_1.in[2] (.names)                                                                                      1.338    23.221
new_n97072_1.out[0] (.names)                                                                                     0.261    23.482
new_n97103.in[1] (.names)                                                                                        1.338    24.820
new_n97103.out[0] (.names)                                                                                       0.261    25.081
new_n97107.in[0] (.names)                                                                                        1.338    26.418
new_n97107.out[0] (.names)                                                                                       0.261    26.679
new_n97126.in[1] (.names)                                                                                        1.338    28.017
new_n97126.out[0] (.names)                                                                                       0.261    28.278
new_n97137.in[4] (.names)                                                                                        1.338    29.616
new_n97137.out[0] (.names)                                                                                       0.235    29.851
n44143.in[1] (.names)                                                                                            1.338    31.189
n44143.out[0] (.names)                                                                                           0.261    31.450
sv_chip2_hierarchy_no_mem.h_fltr_1_left.your_instance_name_f3^dout~27_FF.D[0] (.latch)                           1.338    32.787
data arrival time                                                                                                         32.787

clock sv_chip2_hierarchy_no_mem^tm3_clk_v0 (rise edge)                                                           0.000     0.000
clock source latency                                                                                             0.000     0.000
sv_chip2_hierarchy_no_mem^tm3_clk_v0.inpad[0] (.input)                                                           0.000     0.000
sv_chip2_hierarchy_no_mem.h_fltr_1_left.your_instance_name_f3^dout~27_FF.clk[0] (.latch)                         1.338     1.338
clock uncertainty                                                                                                0.000     1.338
cell setup time                                                                                                 -0.066     1.272
data required time                                                                                                         1.272
--------------------------------------------------------------------------------------------------------------------------------
data required time                                                                                                         1.272
data arrival time                                                                                                        -32.787
--------------------------------------------------------------------------------------------------------------------------------
slack (VIOLATED)                                                                                                         -31.516


#Path 15
Startpoint: lo05678.Q[0] (.latch clocked by sv_chip2_hierarchy_no_mem^tm3_clk_v0)
Endpoint  : sv_chip2_hierarchy_no_mem.h_fltr_4_left.your_instance_name_f1^dout~25_FF.D[0] (.latch clocked by sv_chip2_hierarchy_no_mem^tm3_clk_v0)
Path Type : setup

Point                                                                                                             Incr      Path
--------------------------------------------------------------------------------------------------------------------------------
clock sv_chip2_hierarchy_no_mem^tm3_clk_v0 (rise edge)                                                           0.000     0.000
clock source latency                                                                                             0.000     0.000
sv_chip2_hierarchy_no_mem^tm3_clk_v0.inpad[0] (.input)                                                           0.000     0.000
lo05678.clk[0] (.latch)                                                                                          1.338     1.338
lo05678.Q[0] (.latch) [clock-to-output]                                                                          0.124     1.462
sv_chip2_hierarchy_no_mem.h_fltr_4_left.your_instance_name_f1^MUL~648[0].a[0] (multiply)                         1.338     2.800
sv_chip2_hierarchy_no_mem.h_fltr_4_left.your_instance_name_f1^MUL~648[0].out[1] (multiply)                       1.523     4.323
new_n105595.in[0] (.names)                                                                                       1.338     5.660
new_n105595.out[0] (.names)                                                                                      0.261     5.921
new_n105628.in[0] (.names)                                                                                       1.338     7.259
new_n105628.out[0] (.names)                                                                                      0.261     7.520
new_n105647.in[0] (.names)                                                                                       1.338     8.858
new_n105647.out[0] (.names)                                                                                      0.261     9.119
new_n105645_1.in[3] (.names)                                                                                     1.338    10.457
new_n105645_1.out[0] (.names)                                                                                    0.261    10.718
new_n105660_1.in[5] (.names)                                                                                     1.338    12.055
new_n105660_1.out[0] (.names)                                                                                    0.261    12.316
new_n105687.in[0] (.names)                                                                                       1.338    13.654
new_n105687.out[0] (.names)                                                                                      0.261    13.915
new_n105715_1.in[0] (.names)                                                                                     1.338    15.253
new_n105715_1.out[0] (.names)                                                                                    0.261    15.514
new_n105753.in[2] (.names)                                                                                       1.338    16.852
new_n105753.out[0] (.names)                                                                                      0.261    17.113
new_n105782_1.in[0] (.names)                                                                                     1.338    18.450
new_n105782_1.out[0] (.names)                                                                                    0.261    18.711
new_n105832_1.in[2] (.names)                                                                                     1.338    20.049
new_n105832_1.out[0] (.names)                                                                                    0.261    20.310
new_n105848.in[1] (.names)                                                                                       1.338    21.648
new_n105848.out[0] (.names)                                                                                      0.261    21.909
new_n105867.in[5] (.names)                                                                                       1.338    23.247
new_n105867.out[0] (.names)                                                                                      0.261    23.508
new_n105887.in[1] (.names)                                                                                       1.338    24.846
new_n105887.out[0] (.names)                                                                                      0.261    25.107
new_n105898.in[5] (.names)                                                                                       1.338    26.444
new_n105898.out[0] (.names)                                                                                      0.261    26.705
new_n105896.in[1] (.names)                                                                                       1.338    28.043
new_n105896.out[0] (.names)                                                                                      0.235    28.278
new_n105914_1.in[0] (.names)                                                                                     1.338    29.616
new_n105914_1.out[0] (.names)                                                                                    0.235    29.851
n69093.in[1] (.names)                                                                                            1.338    31.189
n69093.out[0] (.names)                                                                                           0.261    31.450
sv_chip2_hierarchy_no_mem.h_fltr_4_left.your_instance_name_f1^dout~25_FF.D[0] (.latch)                           1.338    32.787
data arrival time                                                                                                         32.787

clock sv_chip2_hierarchy_no_mem^tm3_clk_v0 (rise edge)                                                           0.000     0.000
clock source latency                                                                                             0.000     0.000
sv_chip2_hierarchy_no_mem^tm3_clk_v0.inpad[0] (.input)                                                           0.000     0.000
sv_chip2_hierarchy_no_mem.h_fltr_4_left.your_instance_name_f1^dout~25_FF.clk[0] (.latch)                         1.338     1.338
clock uncertainty                                                                                                0.000     1.338
cell setup time                                                                                                 -0.066     1.272
data required time                                                                                                         1.272
--------------------------------------------------------------------------------------------------------------------------------
data required time                                                                                                         1.272
data arrival time                                                                                                        -32.787
--------------------------------------------------------------------------------------------------------------------------------
slack (VIOLATED)                                                                                                         -31.516


#Path 16
Startpoint: lo10785.Q[0] (.latch clocked by sv_chip2_hierarchy_no_mem^tm3_clk_v0)
Endpoint  : sv_chip2_hierarchy_no_mem.h_fltr_2_right.your_instance_name_f1^dout~27_FF.D[0] (.latch clocked by sv_chip2_hierarchy_no_mem^tm3_clk_v0)
Path Type : setup

Point                                                                                                               Incr      Path
----------------------------------------------------------------------------------------------------------------------------------
clock sv_chip2_hierarchy_no_mem^tm3_clk_v0 (rise edge)                                                             0.000     0.000
clock source latency                                                                                               0.000     0.000
sv_chip2_hierarchy_no_mem^tm3_clk_v0.inpad[0] (.input)                                                             0.000     0.000
lo10785.clk[0] (.latch)                                                                                            1.338     1.338
lo10785.Q[0] (.latch) [clock-to-output]                                                                            0.124     1.462
sv_chip2_hierarchy_no_mem.h_fltr_2_right.your_instance_name_f1^MUL~1292[0].a[0] (multiply)                         1.338     2.800
sv_chip2_hierarchy_no_mem.h_fltr_2_right.your_instance_name_f1^MUL~1292[0].out[1] (multiply)                       1.523     4.323
new_n114805.in[0] (.names)                                                                                         1.338     5.660
new_n114805.out[0] (.names)                                                                                        0.261     5.921
new_n114841_1.in[0] (.names)                                                                                       1.338     7.259
new_n114841_1.out[0] (.names)                                                                                      0.261     7.520
new_n114853.in[0] (.names)                                                                                         1.338     8.858
new_n114853.out[0] (.names)                                                                                        0.261     9.119
new_n114852.in[3] (.names)                                                                                         1.338    10.457
new_n114852.out[0] (.names)                                                                                        0.261    10.718
new_n114863.in[5] (.names)                                                                                         1.338    12.055
new_n114863.out[0] (.names)                                                                                        0.261    12.316
new_n114891.in[0] (.names)                                                                                         1.338    13.654
new_n114891.out[0] (.names)                                                                                        0.261    13.915
new_n114919_1.in[0] (.names)                                                                                       1.338    15.253
new_n114919_1.out[0] (.names)                                                                                      0.261    15.514
new_n114954.in[2] (.names)                                                                                         1.338    16.852
new_n114954.out[0] (.names)                                                                                        0.261    17.113
new_n114994.in[2] (.names)                                                                                         1.338    18.450
new_n114994.out[0] (.names)                                                                                        0.261    18.711
new_n115031.in[2] (.names)                                                                                         1.338    20.049
new_n115031.out[0] (.names)                                                                                        0.261    20.310
new_n115052.in[0] (.names)                                                                                         1.338    21.648
new_n115052.out[0] (.names)                                                                                        0.261    21.909
new_n115061.in[5] (.names)                                                                                         1.338    23.247
new_n115061.out[0] (.names)                                                                                        0.261    23.508
new_n115090.in[1] (.names)                                                                                         1.338    24.846
new_n115090.out[0] (.names)                                                                                        0.261    25.107
new_n115107.in[0] (.names)                                                                                         1.338    26.444
new_n115107.out[0] (.names)                                                                                        0.261    26.705
new_n115105_1.in[3] (.names)                                                                                       1.338    28.043
new_n115105_1.out[0] (.names)                                                                                      0.235    28.278
new_n115124.in[1] (.names)                                                                                         1.338    29.616
new_n115124.out[0] (.names)                                                                                        0.235    29.851
n95594.in[2] (.names)                                                                                              1.338    31.189
n95594.out[0] (.names)                                                                                             0.261    31.450
sv_chip2_hierarchy_no_mem.h_fltr_2_right.your_instance_name_f1^dout~27_FF.D[0] (.latch)                            1.338    32.787
data arrival time                                                                                                           32.787

clock sv_chip2_hierarchy_no_mem^tm3_clk_v0 (rise edge)                                                             0.000     0.000
clock source latency                                                                                               0.000     0.000
sv_chip2_hierarchy_no_mem^tm3_clk_v0.inpad[0] (.input)                                                             0.000     0.000
sv_chip2_hierarchy_no_mem.h_fltr_2_right.your_instance_name_f1^dout~27_FF.clk[0] (.latch)                          1.338     1.338
clock uncertainty                                                                                                  0.000     1.338
cell setup time                                                                                                   -0.066     1.272
data required time                                                                                                           1.272
----------------------------------------------------------------------------------------------------------------------------------
data required time                                                                                                           1.272
data arrival time                                                                                                          -32.787
----------------------------------------------------------------------------------------------------------------------------------
slack (VIOLATED)                                                                                                           -31.516


#Path 17
Startpoint: lo05678.Q[0] (.latch clocked by sv_chip2_hierarchy_no_mem^tm3_clk_v0)
Endpoint  : sv_chip2_hierarchy_no_mem.h_fltr_4_left.your_instance_name_f1^dout~26_FF.D[0] (.latch clocked by sv_chip2_hierarchy_no_mem^tm3_clk_v0)
Path Type : setup

Point                                                                                                             Incr      Path
--------------------------------------------------------------------------------------------------------------------------------
clock sv_chip2_hierarchy_no_mem^tm3_clk_v0 (rise edge)                                                           0.000     0.000
clock source latency                                                                                             0.000     0.000
sv_chip2_hierarchy_no_mem^tm3_clk_v0.inpad[0] (.input)                                                           0.000     0.000
lo05678.clk[0] (.latch)                                                                                          1.338     1.338
lo05678.Q[0] (.latch) [clock-to-output]                                                                          0.124     1.462
sv_chip2_hierarchy_no_mem.h_fltr_4_left.your_instance_name_f1^MUL~648[0].a[0] (multiply)                         1.338     2.800
sv_chip2_hierarchy_no_mem.h_fltr_4_left.your_instance_name_f1^MUL~648[0].out[1] (multiply)                       1.523     4.323
new_n105595.in[0] (.names)                                                                                       1.338     5.660
new_n105595.out[0] (.names)                                                                                      0.261     5.921
new_n105628.in[0] (.names)                                                                                       1.338     7.259
new_n105628.out[0] (.names)                                                                                      0.261     7.520
new_n105647.in[0] (.names)                                                                                       1.338     8.858
new_n105647.out[0] (.names)                                                                                      0.261     9.119
new_n105645_1.in[3] (.names)                                                                                     1.338    10.457
new_n105645_1.out[0] (.names)                                                                                    0.261    10.718
new_n105660_1.in[5] (.names)                                                                                     1.338    12.055
new_n105660_1.out[0] (.names)                                                                                    0.261    12.316
new_n105687.in[0] (.names)                                                                                       1.338    13.654
new_n105687.out[0] (.names)                                                                                      0.261    13.915
new_n105715_1.in[0] (.names)                                                                                     1.338    15.253
new_n105715_1.out[0] (.names)                                                                                    0.261    15.514
new_n105753.in[2] (.names)                                                                                       1.338    16.852
new_n105753.out[0] (.names)                                                                                      0.261    17.113
new_n105782_1.in[0] (.names)                                                                                     1.338    18.450
new_n105782_1.out[0] (.names)                                                                                    0.261    18.711
new_n105832_1.in[2] (.names)                                                                                     1.338    20.049
new_n105832_1.out[0] (.names)                                                                                    0.261    20.310
new_n105848.in[1] (.names)                                                                                       1.338    21.648
new_n105848.out[0] (.names)                                                                                      0.261    21.909
new_n105867.in[5] (.names)                                                                                       1.338    23.247
new_n105867.out[0] (.names)                                                                                      0.261    23.508
new_n105887.in[1] (.names)                                                                                       1.338    24.846
new_n105887.out[0] (.names)                                                                                      0.261    25.107
new_n105898.in[5] (.names)                                                                                       1.338    26.444
new_n105898.out[0] (.names)                                                                                      0.261    26.705
new_n105931.in[1] (.names)                                                                                       1.338    28.043
new_n105931.out[0] (.names)                                                                                      0.261    28.304
new_n105930.in[0] (.names)                                                                                       1.338    29.642
new_n105930.out[0] (.names)                                                                                      0.235    29.877
n69112.in[1] (.names)                                                                                            1.338    31.215
n69112.out[0] (.names)                                                                                           0.235    31.450
sv_chip2_hierarchy_no_mem.h_fltr_4_left.your_instance_name_f1^dout~26_FF.D[0] (.latch)                           1.338    32.787
data arrival time                                                                                                         32.787

clock sv_chip2_hierarchy_no_mem^tm3_clk_v0 (rise edge)                                                           0.000     0.000
clock source latency                                                                                             0.000     0.000
sv_chip2_hierarchy_no_mem^tm3_clk_v0.inpad[0] (.input)                                                           0.000     0.000
sv_chip2_hierarchy_no_mem.h_fltr_4_left.your_instance_name_f1^dout~26_FF.clk[0] (.latch)                         1.338     1.338
clock uncertainty                                                                                                0.000     1.338
cell setup time                                                                                                 -0.066     1.272
data required time                                                                                                         1.272
--------------------------------------------------------------------------------------------------------------------------------
data required time                                                                                                         1.272
data arrival time                                                                                                        -32.787
--------------------------------------------------------------------------------------------------------------------------------
slack (VIOLATED)                                                                                                         -31.516


#Path 18
Startpoint: lo08891.Q[0] (.latch clocked by sv_chip2_hierarchy_no_mem^tm3_clk_v0)
Endpoint  : sv_chip2_hierarchy_no_mem.h_fltr_1_right.your_instance_name_h2^dout~27_FF.D[0] (.latch clocked by sv_chip2_hierarchy_no_mem^tm3_clk_v0)
Path Type : setup

Point                                                                                                               Incr      Path
----------------------------------------------------------------------------------------------------------------------------------
clock sv_chip2_hierarchy_no_mem^tm3_clk_v0 (rise edge)                                                             0.000     0.000
clock source latency                                                                                               0.000     0.000
sv_chip2_hierarchy_no_mem^tm3_clk_v0.inpad[0] (.input)                                                             0.000     0.000
lo08891.clk[0] (.latch)                                                                                            1.338     1.338
lo08891.Q[0] (.latch) [clock-to-output]                                                                            0.124     1.462
sv_chip2_hierarchy_no_mem.h_fltr_1_right.your_instance_name_h2^MUL~1210[0].a[0] (multiply)                         1.338     2.800
sv_chip2_hierarchy_no_mem.h_fltr_1_right.your_instance_name_h2^MUL~1210[0].out[3] (multiply)                       1.523     4.323
new_n111768_1.in[0] (.names)                                                                                       1.338     5.660
new_n111768_1.out[0] (.names)                                                                                      0.261     5.921
new_n111779.in[0] (.names)                                                                                         1.338     7.259
new_n111779.out[0] (.names)                                                                                        0.261     7.520
new_n111791_1.in[5] (.names)                                                                                       1.338     8.858
new_n111791_1.out[0] (.names)                                                                                      0.261     9.119
new_n111815.in[1] (.names)                                                                                         1.338    10.457
new_n111815.out[0] (.names)                                                                                        0.261    10.718
new_n111847.in[0] (.names)                                                                                         1.338    12.055
new_n111847.out[0] (.names)                                                                                        0.261    12.316
new_n111887.in[1] (.names)                                                                                         1.338    13.654
new_n111887.out[0] (.names)                                                                                        0.261    13.915
new_n111914.in[1] (.names)                                                                                         1.338    15.253
new_n111914.out[0] (.names)                                                                                        0.261    15.514
new_n111940_1.in[0] (.names)                                                                                       1.338    16.852
new_n111940_1.out[0] (.names)                                                                                      0.261    17.113
new_n111969.in[1] (.names)                                                                                         1.338    18.450
new_n111969.out[0] (.names)                                                                                        0.261    18.711
new_n111980_1.in[0] (.names)                                                                                       1.338    20.049
new_n111980_1.out[0] (.names)                                                                                      0.261    20.310
new_n111991.in[5] (.names)                                                                                         1.338    21.648
new_n111991.out[0] (.names)                                                                                        0.261    21.909
new_n112001.in[1] (.names)                                                                                         1.338    23.247
new_n112001.out[0] (.names)                                                                                        0.261    23.508
new_n112013.in[4] (.names)                                                                                         1.338    24.846
new_n112013.out[0] (.names)                                                                                        0.235    25.081
new_n112035.in[3] (.names)                                                                                         1.338    26.418
new_n112035.out[0] (.names)                                                                                        0.261    26.679
new_n112040.in[1] (.names)                                                                                         1.338    28.017
new_n112040.out[0] (.names)                                                                                        0.261    28.278
new_n112039_1.in[4] (.names)                                                                                       1.338    29.616
new_n112039_1.out[0] (.names)                                                                                      0.235    29.851
n86401.in[4] (.names)                                                                                              1.338    31.189
n86401.out[0] (.names)                                                                                             0.261    31.450
sv_chip2_hierarchy_no_mem.h_fltr_1_right.your_instance_name_h2^dout~27_FF.D[0] (.latch)                            1.338    32.787
data arrival time                                                                                                           32.787

clock sv_chip2_hierarchy_no_mem^tm3_clk_v0 (rise edge)                                                             0.000     0.000
clock source latency                                                                                               0.000     0.000
sv_chip2_hierarchy_no_mem^tm3_clk_v0.inpad[0] (.input)                                                             0.000     0.000
sv_chip2_hierarchy_no_mem.h_fltr_1_right.your_instance_name_h2^dout~27_FF.clk[0] (.latch)                          1.338     1.338
clock uncertainty                                                                                                  0.000     1.338
cell setup time                                                                                                   -0.066     1.272
data required time                                                                                                           1.272
----------------------------------------------------------------------------------------------------------------------------------
data required time                                                                                                           1.272
data arrival time                                                                                                          -32.787
----------------------------------------------------------------------------------------------------------------------------------
slack (VIOLATED)                                                                                                           -31.516


#Path 19
Startpoint: lo08232.Q[0] (.latch clocked by sv_chip2_hierarchy_no_mem^tm3_clk_v0)
Endpoint  : sv_chip2_hierarchy_no_mem.h_fltr_1_right.your_instance_name_f1^dout~25_FF.D[0] (.latch clocked by sv_chip2_hierarchy_no_mem^tm3_clk_v0)
Path Type : setup

Point                                                                                                               Incr      Path
----------------------------------------------------------------------------------------------------------------------------------
clock sv_chip2_hierarchy_no_mem^tm3_clk_v0 (rise edge)                                                             0.000     0.000
clock source latency                                                                                               0.000     0.000
sv_chip2_hierarchy_no_mem^tm3_clk_v0.inpad[0] (.input)                                                             0.000     0.000
lo08232.clk[0] (.latch)                                                                                            1.338     1.338
lo08232.Q[0] (.latch) [clock-to-output]                                                                            0.124     1.462
sv_chip2_hierarchy_no_mem.h_fltr_1_right.your_instance_name_f1^MUL~1150[0].a[0] (multiply)                         1.338     2.800
sv_chip2_hierarchy_no_mem.h_fltr_1_right.your_instance_name_f1^MUL~1150[0].out[1] (multiply)                       1.523     4.323
new_n110227_1.in[0] (.names)                                                                                       1.338     5.660
new_n110227_1.out[0] (.names)                                                                                      0.261     5.921
new_n110263.in[0] (.names)                                                                                         1.338     7.259
new_n110263.out[0] (.names)                                                                                        0.261     7.520
new_n110277.in[0] (.names)                                                                                         1.338     8.858
new_n110277.out[0] (.names)                                                                                        0.261     9.119
new_n110276.in[3] (.names)                                                                                         1.338    10.457
new_n110276.out[0] (.names)                                                                                        0.261    10.718
new_n110289_1.in[5] (.names)                                                                                       1.338    12.055
new_n110289_1.out[0] (.names)                                                                                      0.261    12.316
new_n110313_1.in[0] (.names)                                                                                       1.338    13.654
new_n110313_1.out[0] (.names)                                                                                      0.261    13.915
new_n110339.in[0] (.names)                                                                                         1.338    15.253
new_n110339.out[0] (.names)                                                                                        0.261    15.514
new_n110381.in[1] (.names)                                                                                         1.338    16.852
new_n110381.out[0] (.names)                                                                                        0.261    17.113
new_n110421.in[0] (.names)                                                                                         1.338    18.450
new_n110421.out[0] (.names)                                                                                        0.261    18.711
new_n110464.in[2] (.names)                                                                                         1.338    20.049
new_n110464.out[0] (.names)                                                                                        0.261    20.310
new_n110505.in[0] (.names)                                                                                         1.338    21.648
new_n110505.out[0] (.names)                                                                                        0.261    21.909
new_n110504.in[5] (.names)                                                                                         1.338    23.247
new_n110504.out[0] (.names)                                                                                        0.261    23.508
new_n110516.in[1] (.names)                                                                                         1.338    24.846
new_n110516.out[0] (.names)                                                                                        0.261    25.107
new_n110526.in[5] (.names)                                                                                         1.338    26.444
new_n110526.out[0] (.names)                                                                                        0.261    26.705
new_n110524.in[3] (.names)                                                                                         1.338    28.043
new_n110524.out[0] (.names)                                                                                        0.235    28.278
new_n110544.in[0] (.names)                                                                                         1.338    29.616
new_n110544.out[0] (.names)                                                                                        0.235    29.851
n82377.in[1] (.names)                                                                                              1.338    31.189
n82377.out[0] (.names)                                                                                             0.261    31.450
sv_chip2_hierarchy_no_mem.h_fltr_1_right.your_instance_name_f1^dout~25_FF.D[0] (.latch)                            1.338    32.787
data arrival time                                                                                                           32.787

clock sv_chip2_hierarchy_no_mem^tm3_clk_v0 (rise edge)                                                             0.000     0.000
clock source latency                                                                                               0.000     0.000
sv_chip2_hierarchy_no_mem^tm3_clk_v0.inpad[0] (.input)                                                             0.000     0.000
sv_chip2_hierarchy_no_mem.h_fltr_1_right.your_instance_name_f1^dout~25_FF.clk[0] (.latch)                          1.338     1.338
clock uncertainty                                                                                                  0.000     1.338
cell setup time                                                                                                   -0.066     1.272
data required time                                                                                                           1.272
----------------------------------------------------------------------------------------------------------------------------------
data required time                                                                                                           1.272
data arrival time                                                                                                          -32.787
----------------------------------------------------------------------------------------------------------------------------------
slack (VIOLATED)                                                                                                           -31.516


#Path 20
Startpoint: lo13997.Q[0] (.latch clocked by sv_chip2_hierarchy_no_mem^tm3_clk_v0)
Endpoint  : sv_chip2_hierarchy_no_mem.h_fltr_4_right.your_instance_name_h2^dout~27_FF.D[0] (.latch clocked by sv_chip2_hierarchy_no_mem^tm3_clk_v0)
Path Type : setup

Point                                                                                                               Incr      Path
----------------------------------------------------------------------------------------------------------------------------------
clock sv_chip2_hierarchy_no_mem^tm3_clk_v0 (rise edge)                                                             0.000     0.000
clock source latency                                                                                               0.000     0.000
sv_chip2_hierarchy_no_mem^tm3_clk_v0.inpad[0] (.input)                                                             0.000     0.000
lo13997.clk[0] (.latch)                                                                                            1.338     1.338
lo13997.Q[0] (.latch) [clock-to-output]                                                                            0.124     1.462
sv_chip2_hierarchy_no_mem.h_fltr_4_right.your_instance_name_h2^MUL~1494[0].a[0] (multiply)                         1.338     2.800
sv_chip2_hierarchy_no_mem.h_fltr_4_right.your_instance_name_h2^MUL~1494[0].out[3] (multiply)                       1.523     4.323
new_n120940_1.in[0] (.names)                                                                                       1.338     5.660
new_n120940_1.out[0] (.names)                                                                                      0.261     5.921
new_n120952.in[0] (.names)                                                                                         1.338     7.259
new_n120952.out[0] (.names)                                                                                        0.261     7.520
new_n120964_1.in[5] (.names)                                                                                       1.338     8.858
new_n120964_1.out[0] (.names)                                                                                      0.261     9.119
new_n120990_1.in[1] (.names)                                                                                       1.338    10.457
new_n120990_1.out[0] (.names)                                                                                      0.261    10.718
new_n121020_1.in[0] (.names)                                                                                       1.338    12.055
new_n121020_1.out[0] (.names)                                                                                      0.261    12.316
new_n121061.in[1] (.names)                                                                                         1.338    13.654
new_n121061.out[0] (.names)                                                                                        0.261    13.915
new_n121088.in[1] (.names)                                                                                         1.338    15.253
new_n121088.out[0] (.names)                                                                                        0.261    15.514
new_n121112.in[0] (.names)                                                                                         1.338    16.852
new_n121112.out[0] (.names)                                                                                        0.261    17.113
new_n121142.in[1] (.names)                                                                                         1.338    18.450
new_n121142.out[0] (.names)                                                                                        0.261    18.711
new_n121152.in[0] (.names)                                                                                         1.338    20.049
new_n121152.out[0] (.names)                                                                                        0.261    20.310
new_n121163.in[5] (.names)                                                                                         1.338    21.648
new_n121163.out[0] (.names)                                                                                        0.261    21.909
new_n121184_1.in[0] (.names)                                                                                       1.338    23.247
new_n121184_1.out[0] (.names)                                                                                      0.261    23.508
new_n121195_1.in[0] (.names)                                                                                       1.338    24.846
new_n121195_1.out[0] (.names)                                                                                      0.261    25.107
new_n121202.in[4] (.names)                                                                                         1.338    26.444
new_n121202.out[0] (.names)                                                                                        0.235    26.679
new_n121215_1.in[0] (.names)                                                                                       1.338    28.017
new_n121215_1.out[0] (.names)                                                                                      0.261    28.278
new_n121214_1.in[4] (.names)                                                                                       1.338    29.616
new_n121214_1.out[0] (.names)                                                                                      0.235    29.851
n112759.in[4] (.names)                                                                                             1.338    31.189
n112759.out[0] (.names)                                                                                            0.261    31.450
sv_chip2_hierarchy_no_mem.h_fltr_4_right.your_instance_name_h2^dout~27_FF.D[0] (.latch)                            1.338    32.787
data arrival time                                                                                                           32.787

clock sv_chip2_hierarchy_no_mem^tm3_clk_v0 (rise edge)                                                             0.000     0.000
clock source latency                                                                                               0.000     0.000
sv_chip2_hierarchy_no_mem^tm3_clk_v0.inpad[0] (.input)                                                             0.000     0.000
sv_chip2_hierarchy_no_mem.h_fltr_4_right.your_instance_name_h2^dout~27_FF.clk[0] (.latch)                          1.338     1.338
clock uncertainty                                                                                                  0.000     1.338
cell setup time                                                                                                   -0.066     1.272
data required time                                                                                                           1.272
----------------------------------------------------------------------------------------------------------------------------------
data required time                                                                                                           1.272
data arrival time                                                                                                          -32.787
----------------------------------------------------------------------------------------------------------------------------------
slack (VIOLATED)                                                                                                           -31.516


#Path 21
Startpoint: lo07098.Q[0] (.latch clocked by sv_chip2_hierarchy_no_mem^tm3_clk_v0)
Endpoint  : sv_chip2_hierarchy_no_mem.h_fltr_4_left.your_instance_name_h4^dout~27_FF.D[0] (.latch clocked by sv_chip2_hierarchy_no_mem^tm3_clk_v0)
Path Type : setup

Point                                                                                                             Incr      Path
--------------------------------------------------------------------------------------------------------------------------------
clock sv_chip2_hierarchy_no_mem^tm3_clk_v0 (rise edge)                                                           0.000     0.000
clock source latency                                                                                             0.000     0.000
sv_chip2_hierarchy_no_mem^tm3_clk_v0.inpad[0] (.input)                                                           0.000     0.000
lo07098.clk[0] (.latch)                                                                                          1.338     1.338
lo07098.Q[0] (.latch) [clock-to-output]                                                                          0.124     1.462
sv_chip2_hierarchy_no_mem.h_fltr_4_left.your_instance_name_h4^MUL~738[0].a[0] (multiply)                         1.338     2.800
sv_chip2_hierarchy_no_mem.h_fltr_4_left.your_instance_name_h4^MUL~738[0].out[0] (multiply)                       1.523     4.323
new_n108341_1.in[0] (.names)                                                                                     1.338     5.660
new_n108341_1.out[0] (.names)                                                                                    0.261     5.921
new_n108351_1.in[0] (.names)                                                                                     1.338     7.259
new_n108351_1.out[0] (.names)                                                                                    0.261     7.520
new_n108349.in[3] (.names)                                                                                       1.338     8.858
new_n108349.out[0] (.names)                                                                                      0.261     9.119
new_n108356_1.in[4] (.names)                                                                                     1.338    10.457
new_n108356_1.out[0] (.names)                                                                                    0.261    10.718
new_n108374_1.in[1] (.names)                                                                                     1.338    12.055
new_n108374_1.out[0] (.names)                                                                                    0.261    12.316
new_n108395.in[1] (.names)                                                                                       1.338    13.654
new_n108395.out[0] (.names)                                                                                      0.261    13.915
new_n108418_1.in[1] (.names)                                                                                     1.338    15.253
new_n108418_1.out[0] (.names)                                                                                    0.261    15.514
new_n108448.in[1] (.names)                                                                                       1.338    16.852
new_n108448.out[0] (.names)                                                                                      0.261    17.113
new_n108458.in[3] (.names)                                                                                       1.338    18.450
new_n108458.out[0] (.names)                                                                                      0.261    18.711
new_n108479_1.in[1] (.names)                                                                                     1.338    20.049
new_n108479_1.out[0] (.names)                                                                                    0.261    20.310
new_n108512_1.in[1] (.names)                                                                                     1.338    21.648
new_n108512_1.out[0] (.names)                                                                                    0.261    21.909
new_n108534.in[3] (.names)                                                                                       1.338    23.247
new_n108534.out[0] (.names)                                                                                      0.261    23.508
new_n108557.in[3] (.names)                                                                                       1.338    24.846
new_n108557.out[0] (.names)                                                                                      0.261    25.107
new_n108576.in[3] (.names)                                                                                       1.338    26.444
new_n108576.out[0] (.names)                                                                                      0.261    26.705
new_n108594_1.in[0] (.names)                                                                                     1.338    28.043
new_n108594_1.out[0] (.names)                                                                                    0.235    28.278
new_n108598_1.in[0] (.names)                                                                                     1.338    29.616
new_n108598_1.out[0] (.names)                                                                                    0.235    29.851
n76536.in[1] (.names)                                                                                            1.338    31.189
n76536.out[0] (.names)                                                                                           0.261    31.450
sv_chip2_hierarchy_no_mem.h_fltr_4_left.your_instance_name_h4^dout~27_FF.D[0] (.latch)                           1.338    32.787
data arrival time                                                                                                         32.787

clock sv_chip2_hierarchy_no_mem^tm3_clk_v0 (rise edge)                                                           0.000     0.000
clock source latency                                                                                             0.000     0.000
sv_chip2_hierarchy_no_mem^tm3_clk_v0.inpad[0] (.input)                                                           0.000     0.000
sv_chip2_hierarchy_no_mem.h_fltr_4_left.your_instance_name_h4^dout~27_FF.clk[0] (.latch)                         1.338     1.338
clock uncertainty                                                                                                0.000     1.338
cell setup time                                                                                                 -0.066     1.272
data required time                                                                                                         1.272
--------------------------------------------------------------------------------------------------------------------------------
data required time                                                                                                         1.272
data arrival time                                                                                                        -32.787
--------------------------------------------------------------------------------------------------------------------------------
slack (VIOLATED)                                                                                                         -31.516


#Path 22
Startpoint: lo14758.Q[0] (.latch clocked by sv_chip2_hierarchy_no_mem^tm3_clk_v0)
Endpoint  : sv_chip2_hierarchy_no_mem.h_fltr_4_right.your_instance_name_h4^dout~27_FF.D[0] (.latch clocked by sv_chip2_hierarchy_no_mem^tm3_clk_v0)
Path Type : setup

Point                                                                                                               Incr      Path
----------------------------------------------------------------------------------------------------------------------------------
clock sv_chip2_hierarchy_no_mem^tm3_clk_v0 (rise edge)                                                             0.000     0.000
clock source latency                                                                                               0.000     0.000
sv_chip2_hierarchy_no_mem^tm3_clk_v0.inpad[0] (.input)                                                             0.000     0.000
lo14758.clk[0] (.latch)                                                                                            1.338     1.338
lo14758.Q[0] (.latch) [clock-to-output]                                                                            0.124     1.462
sv_chip2_hierarchy_no_mem.h_fltr_4_right.your_instance_name_h4^MUL~1524[0].a[0] (multiply)                         1.338     2.800
sv_chip2_hierarchy_no_mem.h_fltr_4_right.your_instance_name_h4^MUL~1524[0].out[0] (multiply)                       1.523     4.323
new_n122107.in[0] (.names)                                                                                         1.338     5.660
new_n122107.out[0] (.names)                                                                                        0.261     5.921
new_n122117.in[0] (.names)                                                                                         1.338     7.259
new_n122117.out[0] (.names)                                                                                        0.235     7.494
new_n122128.in[1] (.names)                                                                                         1.338     8.832
new_n122128.out[0] (.names)                                                                                        0.261     9.093
new_n122136.in[0] (.names)                                                                                         1.338    10.431
new_n122136.out[0] (.names)                                                                                        0.261    10.692
new_n122156.in[1] (.names)                                                                                         1.338    12.029
new_n122156.out[0] (.names)                                                                                        0.261    12.290
new_n122182.in[1] (.names)                                                                                         1.338    13.628
new_n122182.out[0] (.names)                                                                                        0.261    13.889
new_n122191.in[0] (.names)                                                                                         1.338    15.227
new_n122191.out[0] (.names)                                                                                        0.261    15.488
new_n122202.in[0] (.names)                                                                                         1.338    16.826
new_n122202.out[0] (.names)                                                                                        0.261    17.087
new_n122231.in[1] (.names)                                                                                         1.338    18.424
new_n122231.out[0] (.names)                                                                                        0.261    18.685
new_n122253.in[3] (.names)                                                                                         1.338    20.023
new_n122253.out[0] (.names)                                                                                        0.261    20.284
new_n122279_1.in[3] (.names)                                                                                       1.338    21.622
new_n122279_1.out[0] (.names)                                                                                      0.261    21.883
new_n122301.in[3] (.names)                                                                                         1.338    23.221
new_n122301.out[0] (.names)                                                                                        0.261    23.482
new_n122319_1.in[3] (.names)                                                                                       1.338    24.820
new_n122319_1.out[0] (.names)                                                                                      0.261    25.081
new_n122349_1.in[1] (.names)                                                                                       1.338    26.418
new_n122349_1.out[0] (.names)                                                                                      0.261    26.679
new_n122375_1.in[3] (.names)                                                                                       1.338    28.017
new_n122375_1.out[0] (.names)                                                                                      0.261    28.278
new_n122393.in[3] (.names)                                                                                         1.338    29.616
new_n122393.out[0] (.names)                                                                                        0.261    29.877
n116178.in[1] (.names)                                                                                             1.338    31.215
n116178.out[0] (.names)                                                                                            0.235    31.450
sv_chip2_hierarchy_no_mem.h_fltr_4_right.your_instance_name_h4^dout~27_FF.D[0] (.latch)                            1.338    32.787
data arrival time                                                                                                           32.787

clock sv_chip2_hierarchy_no_mem^tm3_clk_v0 (rise edge)                                                             0.000     0.000
clock source latency                                                                                               0.000     0.000
sv_chip2_hierarchy_no_mem^tm3_clk_v0.inpad[0] (.input)                                                             0.000     0.000
sv_chip2_hierarchy_no_mem.h_fltr_4_right.your_instance_name_h4^dout~27_FF.clk[0] (.latch)                          1.338     1.338
clock uncertainty                                                                                                  0.000     1.338
cell setup time                                                                                                   -0.066     1.272
data required time                                                                                                           1.272
----------------------------------------------------------------------------------------------------------------------------------
data required time                                                                                                           1.272
data arrival time                                                                                                          -32.787
----------------------------------------------------------------------------------------------------------------------------------
slack (VIOLATED)                                                                                                           -31.516


#Path 23
Startpoint: lo14758.Q[0] (.latch clocked by sv_chip2_hierarchy_no_mem^tm3_clk_v0)
Endpoint  : sv_chip2_hierarchy_no_mem.h_fltr_4_right.your_instance_name_h4^dout~26_FF.D[0] (.latch clocked by sv_chip2_hierarchy_no_mem^tm3_clk_v0)
Path Type : setup

Point                                                                                                               Incr      Path
----------------------------------------------------------------------------------------------------------------------------------
clock sv_chip2_hierarchy_no_mem^tm3_clk_v0 (rise edge)                                                             0.000     0.000
clock source latency                                                                                               0.000     0.000
sv_chip2_hierarchy_no_mem^tm3_clk_v0.inpad[0] (.input)                                                             0.000     0.000
lo14758.clk[0] (.latch)                                                                                            1.338     1.338
lo14758.Q[0] (.latch) [clock-to-output]                                                                            0.124     1.462
sv_chip2_hierarchy_no_mem.h_fltr_4_right.your_instance_name_h4^MUL~1524[0].a[0] (multiply)                         1.338     2.800
sv_chip2_hierarchy_no_mem.h_fltr_4_right.your_instance_name_h4^MUL~1524[0].out[0] (multiply)                       1.523     4.323
new_n122107.in[0] (.names)                                                                                         1.338     5.660
new_n122107.out[0] (.names)                                                                                        0.261     5.921
new_n122117.in[0] (.names)                                                                                         1.338     7.259
new_n122117.out[0] (.names)                                                                                        0.235     7.494
new_n122128.in[1] (.names)                                                                                         1.338     8.832
new_n122128.out[0] (.names)                                                                                        0.261     9.093
new_n122136.in[0] (.names)                                                                                         1.338    10.431
new_n122136.out[0] (.names)                                                                                        0.261    10.692
new_n122156.in[1] (.names)                                                                                         1.338    12.029
new_n122156.out[0] (.names)                                                                                        0.261    12.290
new_n122182.in[1] (.names)                                                                                         1.338    13.628
new_n122182.out[0] (.names)                                                                                        0.261    13.889
new_n122191.in[0] (.names)                                                                                         1.338    15.227
new_n122191.out[0] (.names)                                                                                        0.261    15.488
new_n122202.in[0] (.names)                                                                                         1.338    16.826
new_n122202.out[0] (.names)                                                                                        0.261    17.087
new_n122231.in[1] (.names)                                                                                         1.338    18.424
new_n122231.out[0] (.names)                                                                                        0.261    18.685
new_n122253.in[3] (.names)                                                                                         1.338    20.023
new_n122253.out[0] (.names)                                                                                        0.261    20.284
new_n122279_1.in[3] (.names)                                                                                       1.338    21.622
new_n122279_1.out[0] (.names)                                                                                      0.261    21.883
new_n122301.in[3] (.names)                                                                                         1.338    23.221
new_n122301.out[0] (.names)                                                                                        0.261    23.482
new_n122319_1.in[3] (.names)                                                                                       1.338    24.820
new_n122319_1.out[0] (.names)                                                                                      0.261    25.081
new_n122349_1.in[1] (.names)                                                                                       1.338    26.418
new_n122349_1.out[0] (.names)                                                                                      0.261    26.679
new_n122375_1.in[3] (.names)                                                                                       1.338    28.017
new_n122375_1.out[0] (.names)                                                                                      0.261    28.278
new_n122378.in[2] (.names)                                                                                         1.338    29.616
new_n122378.out[0] (.names)                                                                                        0.235    29.851
n116163.in[1] (.names)                                                                                             1.338    31.189
n116163.out[0] (.names)                                                                                            0.261    31.450
sv_chip2_hierarchy_no_mem.h_fltr_4_right.your_instance_name_h4^dout~26_FF.D[0] (.latch)                            1.338    32.787
data arrival time                                                                                                           32.787

clock sv_chip2_hierarchy_no_mem^tm3_clk_v0 (rise edge)                                                             0.000     0.000
clock source latency                                                                                               0.000     0.000
sv_chip2_hierarchy_no_mem^tm3_clk_v0.inpad[0] (.input)                                                             0.000     0.000
sv_chip2_hierarchy_no_mem.h_fltr_4_right.your_instance_name_h4^dout~26_FF.clk[0] (.latch)                          1.338     1.338
clock uncertainty                                                                                                  0.000     1.338
cell setup time                                                                                                   -0.066     1.272
data required time                                                                                                           1.272
----------------------------------------------------------------------------------------------------------------------------------
data required time                                                                                                           1.272
data arrival time                                                                                                          -32.787
----------------------------------------------------------------------------------------------------------------------------------
slack (VIOLATED)                                                                                                           -31.516


#Path 24
Startpoint: lo07444.Q[0] (.latch clocked by sv_chip2_hierarchy_no_mem^tm3_clk_v0)
Endpoint  : sv_chip2_hierarchy_no_mem.h_fltr_4_left.your_instance_name_h3^dout~27_FF.D[0] (.latch clocked by sv_chip2_hierarchy_no_mem^tm3_clk_v0)
Path Type : setup

Point                                                                                                             Incr      Path
--------------------------------------------------------------------------------------------------------------------------------
clock sv_chip2_hierarchy_no_mem^tm3_clk_v0 (rise edge)                                                           0.000     0.000
clock source latency                                                                                             0.000     0.000
sv_chip2_hierarchy_no_mem^tm3_clk_v0.inpad[0] (.input)                                                           0.000     0.000
lo07444.clk[0] (.latch)                                                                                          1.338     1.338
lo07444.Q[0] (.latch) [clock-to-output]                                                                          0.124     1.462
sv_chip2_hierarchy_no_mem.h_fltr_4_left.your_instance_name_h3^MUL~724[0].a[0] (multiply)                         1.338     2.800
sv_chip2_hierarchy_no_mem.h_fltr_4_left.your_instance_name_h3^MUL~724[0].out[0] (multiply)                       1.523     4.323
new_n108934.in[0] (.names)                                                                                       1.338     5.660
new_n108934.out[0] (.names)                                                                                      0.261     5.921
new_n108953.in[1] (.names)                                                                                       1.338     7.259
new_n108953.out[0] (.names)                                                                                      0.261     7.520
new_n108961.in[1] (.names)                                                                                       1.338     8.858
new_n108961.out[0] (.names)                                                                                      0.261     9.119
new_n108959.in[3] (.names)                                                                                       1.338    10.457
new_n108959.out[0] (.names)                                                                                      0.235    10.692
new_n108986.in[1] (.names)                                                                                       1.338    12.029
new_n108986.out[0] (.names)                                                                                      0.261    12.290
new_n109009.in[2] (.names)                                                                                       1.338    13.628
new_n109009.out[0] (.names)                                                                                      0.261    13.889
new_n109029.in[1] (.names)                                                                                       1.338    15.227
new_n109029.out[0] (.names)                                                                                      0.261    15.488
new_n109049.in[1] (.names)                                                                                       1.338    16.826
new_n109049.out[0] (.names)                                                                                      0.261    17.087
new_n109071.in[2] (.names)                                                                                       1.338    18.424
new_n109071.out[0] (.names)                                                                                      0.261    18.685
new_n109093.in[1] (.names)                                                                                       1.338    20.023
new_n109093.out[0] (.names)                                                                                      0.261    20.284
new_n109112_1.in[2] (.names)                                                                                     1.338    21.622
new_n109112_1.out[0] (.names)                                                                                    0.261    21.883
new_n109132.in[1] (.names)                                                                                       1.338    23.221
new_n109132.out[0] (.names)                                                                                      0.261    23.482
new_n109158.in[2] (.names)                                                                                       1.338    24.820
new_n109158.out[0] (.names)                                                                                      0.261    25.081
new_n109183.in[1] (.names)                                                                                       1.338    26.418
new_n109183.out[0] (.names)                                                                                      0.261    26.679
new_n109198.in[1] (.names)                                                                                       1.338    28.017
new_n109198.out[0] (.names)                                                                                      0.261    28.278
new_n109196.in[1] (.names)                                                                                       1.338    29.616
new_n109196.out[0] (.names)                                                                                      0.235    29.851
n78306.in[4] (.names)                                                                                            1.338    31.189
n78306.out[0] (.names)                                                                                           0.261    31.450
sv_chip2_hierarchy_no_mem.h_fltr_4_left.your_instance_name_h3^dout~27_FF.D[0] (.latch)                           1.338    32.787
data arrival time                                                                                                         32.787

clock sv_chip2_hierarchy_no_mem^tm3_clk_v0 (rise edge)                                                           0.000     0.000
clock source latency                                                                                             0.000     0.000
sv_chip2_hierarchy_no_mem^tm3_clk_v0.inpad[0] (.input)                                                           0.000     0.000
sv_chip2_hierarchy_no_mem.h_fltr_4_left.your_instance_name_h3^dout~27_FF.clk[0] (.latch)                         1.338     1.338
clock uncertainty                                                                                                0.000     1.338
cell setup time                                                                                                 -0.066     1.272
data required time                                                                                                         1.272
--------------------------------------------------------------------------------------------------------------------------------
data required time                                                                                                         1.272
data arrival time                                                                                                        -32.787
--------------------------------------------------------------------------------------------------------------------------------
slack (VIOLATED)                                                                                                         -31.516


#Path 25
Startpoint: lo00510.Q[0] (.latch clocked by sv_chip2_hierarchy_no_mem^tm3_clk_v0)
Endpoint  : sv_chip2_hierarchy_no_mem.h_fltr_1_left.your_instance_name_f1^dout~26_FF.D[0] (.latch clocked by sv_chip2_hierarchy_no_mem^tm3_clk_v0)
Path Type : setup

Point                                                                                                             Incr      Path
--------------------------------------------------------------------------------------------------------------------------------
clock sv_chip2_hierarchy_no_mem^tm3_clk_v0 (rise edge)                                                           0.000     0.000
clock source latency                                                                                             0.000     0.000
sv_chip2_hierarchy_no_mem^tm3_clk_v0.inpad[0] (.input)                                                           0.000     0.000
lo00510.clk[0] (.latch)                                                                                          1.338     1.338
lo00510.Q[0] (.latch) [clock-to-output]                                                                          0.124     1.462
sv_chip2_hierarchy_no_mem.h_fltr_1_left.your_instance_name_f1^MUL~364[0].a[0] (multiply)                         1.338     2.800
sv_chip2_hierarchy_no_mem.h_fltr_1_left.your_instance_name_f1^MUL~364[0].out[1] (multiply)                       1.523     4.323
new_n96261.in[0] (.names)                                                                                        1.338     5.660
new_n96261.out[0] (.names)                                                                                       0.261     5.921
new_n96295_1.in[0] (.names)                                                                                      1.338     7.259
new_n96295_1.out[0] (.names)                                                                                     0.261     7.520
new_n96321_1.in[2] (.names)                                                                                      1.338     8.858
new_n96321_1.out[0] (.names)                                                                                     0.261     9.119
new_n96364.in[0] (.names)                                                                                        1.338    10.457
new_n96364.out[0] (.names)                                                                                       0.261    10.718
new_n96379.in[0] (.names)                                                                                        1.338    12.055
new_n96379.out[0] (.names)                                                                                       0.261    12.316
new_n96390.in[5] (.names)                                                                                        1.338    13.654
new_n96390.out[0] (.names)                                                                                       0.261    13.915
new_n96405.in[0] (.names)                                                                                        1.338    15.253
new_n96405.out[0] (.names)                                                                                       0.261    15.514
new_n96415.in[5] (.names)                                                                                        1.338    16.852
new_n96415.out[0] (.names)                                                                                       0.261    17.113
new_n96453.in[0] (.names)                                                                                        1.338    18.450
new_n96453.out[0] (.names)                                                                                       0.261    18.711
new_n96492.in[2] (.names)                                                                                        1.338    20.049
new_n96492.out[0] (.names)                                                                                       0.261    20.310
new_n96513.in[0] (.names)                                                                                        1.338    21.648
new_n96513.out[0] (.names)                                                                                       0.261    21.909
new_n96536.in[5] (.names)                                                                                        1.338    23.247
new_n96536.out[0] (.names)                                                                                       0.261    23.508
new_n96562.in[0] (.names)                                                                                        1.338    24.846
new_n96562.out[0] (.names)                                                                                       0.261    25.107
new_n96561.in[0] (.names)                                                                                        1.338    26.444
new_n96561.out[0] (.names)                                                                                       0.261    26.705
new_n96587.in[1] (.names)                                                                                        1.338    28.043
new_n96587.out[0] (.names)                                                                                       0.261    28.304
new_n96586.in[0] (.names)                                                                                        1.338    29.642
new_n96586.out[0] (.names)                                                                                       0.235    29.877
n42466.in[1] (.names)                                                                                            1.338    31.215
n42466.out[0] (.names)                                                                                           0.235    31.450
sv_chip2_hierarchy_no_mem.h_fltr_1_left.your_instance_name_f1^dout~26_FF.D[0] (.latch)                           1.338    32.787
data arrival time                                                                                                         32.787

clock sv_chip2_hierarchy_no_mem^tm3_clk_v0 (rise edge)                                                           0.000     0.000
clock source latency                                                                                             0.000     0.000
sv_chip2_hierarchy_no_mem^tm3_clk_v0.inpad[0] (.input)                                                           0.000     0.000
sv_chip2_hierarchy_no_mem.h_fltr_1_left.your_instance_name_f1^dout~26_FF.clk[0] (.latch)                         1.338     1.338
clock uncertainty                                                                                                0.000     1.338
cell setup time                                                                                                 -0.066     1.272
data required time                                                                                                         1.272
--------------------------------------------------------------------------------------------------------------------------------
data required time                                                                                                         1.272
data arrival time                                                                                                        -32.787
--------------------------------------------------------------------------------------------------------------------------------
slack (VIOLATED)                                                                                                         -31.516


#Path 26
Startpoint: lo13648.Q[0] (.latch clocked by sv_chip2_hierarchy_no_mem^tm3_clk_v0)
Endpoint  : sv_chip2_hierarchy_no_mem.h_fltr_4_right.your_instance_name_f3^dout~27_FF.D[0] (.latch clocked by sv_chip2_hierarchy_no_mem^tm3_clk_v0)
Path Type : setup

Point                                                                                                               Incr      Path
----------------------------------------------------------------------------------------------------------------------------------
clock sv_chip2_hierarchy_no_mem^tm3_clk_v0 (rise edge)                                                             0.000     0.000
clock source latency                                                                                               0.000     0.000
sv_chip2_hierarchy_no_mem^tm3_clk_v0.inpad[0] (.input)                                                             0.000     0.000
lo13648.clk[0] (.latch)                                                                                            1.338     1.338
lo13648.Q[0] (.latch) [clock-to-output]                                                                            0.124     1.462
sv_chip2_hierarchy_no_mem.h_fltr_4_right.your_instance_name_f3^MUL~1466[0].a[0] (multiply)                         1.338     2.800
sv_chip2_hierarchy_no_mem.h_fltr_4_right.your_instance_name_f3^MUL~1466[0].out[0] (multiply)                       1.523     4.323
new_n120022_1.in[0] (.names)                                                                                       1.338     5.660
new_n120022_1.out[0] (.names)                                                                                      0.261     5.921
new_n120032_1.in[0] (.names)                                                                                       1.338     7.259
new_n120032_1.out[0] (.names)                                                                                      0.261     7.520
new_n120030.in[3] (.names)                                                                                         1.338     8.858
new_n120030.out[0] (.names)                                                                                        0.261     9.119
new_n120043_1.in[4] (.names)                                                                                       1.338    10.457
new_n120043_1.out[0] (.names)                                                                                      0.261    10.718
new_n120055.in[3] (.names)                                                                                         1.338    12.055
new_n120055.out[0] (.names)                                                                                        0.261    12.316
new_n120076.in[1] (.names)                                                                                         1.338    13.654
new_n120076.out[0] (.names)                                                                                        0.261    13.915
new_n120108_1.in[1] (.names)                                                                                       1.338    15.253
new_n120108_1.out[0] (.names)                                                                                      0.261    15.514
new_n120119.in[3] (.names)                                                                                         1.338    16.852
new_n120119.out[0] (.names)                                                                                        0.261    17.113
new_n120139.in[1] (.names)                                                                                         1.338    18.450
new_n120139.out[0] (.names)                                                                                        0.261    18.711
new_n120163_1.in[1] (.names)                                                                                       1.338    20.049
new_n120163_1.out[0] (.names)                                                                                      0.261    20.310
new_n120184.in[1] (.names)                                                                                         1.338    21.648
new_n120184.out[0] (.names)                                                                                        0.261    21.909
new_n120216.in[1] (.names)                                                                                         1.338    23.247
new_n120216.out[0] (.names)                                                                                        0.261    23.508
new_n120231.in[3] (.names)                                                                                         1.338    24.846
new_n120231.out[0] (.names)                                                                                        0.261    25.107
new_n120256.in[0] (.names)                                                                                         1.338    26.444
new_n120256.out[0] (.names)                                                                                        0.261    26.705
new_n120277_1.in[1] (.names)                                                                                       1.338    28.043
new_n120277_1.out[0] (.names)                                                                                      0.261    28.304
new_n120291.in[0] (.names)                                                                                         1.338    29.642
new_n120291.out[0] (.names)                                                                                        0.235    29.877
n110431.in[1] (.names)                                                                                             1.338    31.215
n110431.out[0] (.names)                                                                                            0.235    31.450
sv_chip2_hierarchy_no_mem.h_fltr_4_right.your_instance_name_f3^dout~27_FF.D[0] (.latch)                            1.338    32.787
data arrival time                                                                                                           32.787

clock sv_chip2_hierarchy_no_mem^tm3_clk_v0 (rise edge)                                                             0.000     0.000
clock source latency                                                                                               0.000     0.000
sv_chip2_hierarchy_no_mem^tm3_clk_v0.inpad[0] (.input)                                                             0.000     0.000
sv_chip2_hierarchy_no_mem.h_fltr_4_right.your_instance_name_f3^dout~27_FF.clk[0] (.latch)                          1.338     1.338
clock uncertainty                                                                                                  0.000     1.338
cell setup time                                                                                                   -0.066     1.272
data required time                                                                                                           1.272
----------------------------------------------------------------------------------------------------------------------------------
data required time                                                                                                           1.272
data arrival time                                                                                                          -32.787
----------------------------------------------------------------------------------------------------------------------------------
slack (VIOLATED)                                                                                                           -31.516


#Path 27
Startpoint: lo13338.Q[0] (.latch clocked by sv_chip2_hierarchy_no_mem^tm3_clk_v0)
Endpoint  : sv_chip2_hierarchy_no_mem.h_fltr_4_right.your_instance_name_f1^dout~26_FF.D[0] (.latch clocked by sv_chip2_hierarchy_no_mem^tm3_clk_v0)
Path Type : setup

Point                                                                                                               Incr      Path
----------------------------------------------------------------------------------------------------------------------------------
clock sv_chip2_hierarchy_no_mem^tm3_clk_v0 (rise edge)                                                             0.000     0.000
clock source latency                                                                                               0.000     0.000
sv_chip2_hierarchy_no_mem^tm3_clk_v0.inpad[0] (.input)                                                             0.000     0.000
lo13338.clk[0] (.latch)                                                                                            1.338     1.338
lo13338.Q[0] (.latch) [clock-to-output]                                                                            0.124     1.462
sv_chip2_hierarchy_no_mem.h_fltr_4_right.your_instance_name_f1^MUL~1434[0].a[0] (multiply)                         1.338     2.800
sv_chip2_hierarchy_no_mem.h_fltr_4_right.your_instance_name_f1^MUL~1434[0].out[1] (multiply)                       1.523     4.323
new_n119421_1.in[0] (.names)                                                                                       1.338     5.660
new_n119421_1.out[0] (.names)                                                                                      0.261     5.921
new_n119455_1.in[0] (.names)                                                                                       1.338     7.259
new_n119455_1.out[0] (.names)                                                                                      0.261     7.520
new_n119472.in[0] (.names)                                                                                         1.338     8.858
new_n119472.out[0] (.names)                                                                                        0.261     9.119
new_n119471_1.in[3] (.names)                                                                                       1.338    10.457
new_n119471_1.out[0] (.names)                                                                                      0.261    10.718
new_n119484.in[5] (.names)                                                                                         1.338    12.055
new_n119484.out[0] (.names)                                                                                        0.261    12.316
new_n119491_1.in[4] (.names)                                                                                       1.338    13.654
new_n119491_1.out[0] (.names)                                                                                      0.261    13.915
new_n119518.in[1] (.names)                                                                                         1.338    15.253
new_n119518.out[0] (.names)                                                                                        0.261    15.514
new_n119553.in[1] (.names)                                                                                         1.338    16.852
new_n119553.out[0] (.names)                                                                                        0.261    17.113
new_n119585_1.in[2] (.names)                                                                                       1.338    18.450
new_n119585_1.out[0] (.names)                                                                                      0.261    18.711
new_n119590_1.in[1] (.names)                                                                                       1.338    20.049
new_n119590_1.out[0] (.names)                                                                                      0.261    20.310
new_n119588.in[3] (.names)                                                                                         1.338    21.648
new_n119588.out[0] (.names)                                                                                        0.235    21.883
new_n119631_1.in[1] (.names)                                                                                       1.338    23.221
new_n119631_1.out[0] (.names)                                                                                      0.261    23.482
new_n119664.in[3] (.names)                                                                                         1.338    24.820
new_n119664.out[0] (.names)                                                                                        0.261    25.081
new_n119696_1.in[3] (.names)                                                                                       1.338    26.418
new_n119696_1.out[0] (.names)                                                                                      0.261    26.679
new_n119730.in[3] (.names)                                                                                         1.338    28.017
new_n119730.out[0] (.names)                                                                                        0.261    28.278
new_n119745_1.in[3] (.names)                                                                                       1.338    29.616
new_n119745_1.out[0] (.names)                                                                                      0.261    29.877
n108754.in[2] (.names)                                                                                             1.338    31.215
n108754.out[0] (.names)                                                                                            0.235    31.450
sv_chip2_hierarchy_no_mem.h_fltr_4_right.your_instance_name_f1^dout~26_FF.D[0] (.latch)                            1.338    32.787
data arrival time                                                                                                           32.787

clock sv_chip2_hierarchy_no_mem^tm3_clk_v0 (rise edge)                                                             0.000     0.000
clock source latency                                                                                               0.000     0.000
sv_chip2_hierarchy_no_mem^tm3_clk_v0.inpad[0] (.input)                                                             0.000     0.000
sv_chip2_hierarchy_no_mem.h_fltr_4_right.your_instance_name_f1^dout~26_FF.clk[0] (.latch)                          1.338     1.338
clock uncertainty                                                                                                  0.000     1.338
cell setup time                                                                                                   -0.066     1.272
data required time                                                                                                           1.272
----------------------------------------------------------------------------------------------------------------------------------
data required time                                                                                                           1.272
data arrival time                                                                                                          -32.787
----------------------------------------------------------------------------------------------------------------------------------
slack (VIOLATED)                                                                                                           -31.516


#Path 28
Startpoint: lo13338.Q[0] (.latch clocked by sv_chip2_hierarchy_no_mem^tm3_clk_v0)
Endpoint  : sv_chip2_hierarchy_no_mem.h_fltr_4_right.your_instance_name_f1^dout~25_FF.D[0] (.latch clocked by sv_chip2_hierarchy_no_mem^tm3_clk_v0)
Path Type : setup

Point                                                                                                               Incr      Path
----------------------------------------------------------------------------------------------------------------------------------
clock sv_chip2_hierarchy_no_mem^tm3_clk_v0 (rise edge)                                                             0.000     0.000
clock source latency                                                                                               0.000     0.000
sv_chip2_hierarchy_no_mem^tm3_clk_v0.inpad[0] (.input)                                                             0.000     0.000
lo13338.clk[0] (.latch)                                                                                            1.338     1.338
lo13338.Q[0] (.latch) [clock-to-output]                                                                            0.124     1.462
sv_chip2_hierarchy_no_mem.h_fltr_4_right.your_instance_name_f1^MUL~1434[0].a[0] (multiply)                         1.338     2.800
sv_chip2_hierarchy_no_mem.h_fltr_4_right.your_instance_name_f1^MUL~1434[0].out[1] (multiply)                       1.523     4.323
new_n119421_1.in[0] (.names)                                                                                       1.338     5.660
new_n119421_1.out[0] (.names)                                                                                      0.261     5.921
new_n119455_1.in[0] (.names)                                                                                       1.338     7.259
new_n119455_1.out[0] (.names)                                                                                      0.261     7.520
new_n119472.in[0] (.names)                                                                                         1.338     8.858
new_n119472.out[0] (.names)                                                                                        0.261     9.119
new_n119471_1.in[3] (.names)                                                                                       1.338    10.457
new_n119471_1.out[0] (.names)                                                                                      0.261    10.718
new_n119484.in[5] (.names)                                                                                         1.338    12.055
new_n119484.out[0] (.names)                                                                                        0.261    12.316
new_n119491_1.in[4] (.names)                                                                                       1.338    13.654
new_n119491_1.out[0] (.names)                                                                                      0.261    13.915
new_n119518.in[1] (.names)                                                                                         1.338    15.253
new_n119518.out[0] (.names)                                                                                        0.261    15.514
new_n119553.in[1] (.names)                                                                                         1.338    16.852
new_n119553.out[0] (.names)                                                                                        0.261    17.113
new_n119585_1.in[2] (.names)                                                                                       1.338    18.450
new_n119585_1.out[0] (.names)                                                                                      0.261    18.711
new_n119590_1.in[1] (.names)                                                                                       1.338    20.049
new_n119590_1.out[0] (.names)                                                                                      0.261    20.310
new_n119588.in[3] (.names)                                                                                         1.338    21.648
new_n119588.out[0] (.names)                                                                                        0.235    21.883
new_n119631_1.in[1] (.names)                                                                                       1.338    23.221
new_n119631_1.out[0] (.names)                                                                                      0.261    23.482
new_n119664.in[3] (.names)                                                                                         1.338    24.820
new_n119664.out[0] (.names)                                                                                        0.261    25.081
new_n119696_1.in[3] (.names)                                                                                       1.338    26.418
new_n119696_1.out[0] (.names)                                                                                      0.261    26.679
new_n119730.in[3] (.names)                                                                                         1.338    28.017
new_n119730.out[0] (.names)                                                                                        0.261    28.278
new_n119733.in[2] (.names)                                                                                         1.338    29.616
new_n119733.out[0] (.names)                                                                                        0.235    29.851
n108735.in[1] (.names)                                                                                             1.338    31.189
n108735.out[0] (.names)                                                                                            0.261    31.450
sv_chip2_hierarchy_no_mem.h_fltr_4_right.your_instance_name_f1^dout~25_FF.D[0] (.latch)                            1.338    32.787
data arrival time                                                                                                           32.787

clock sv_chip2_hierarchy_no_mem^tm3_clk_v0 (rise edge)                                                             0.000     0.000
clock source latency                                                                                               0.000     0.000
sv_chip2_hierarchy_no_mem^tm3_clk_v0.inpad[0] (.input)                                                             0.000     0.000
sv_chip2_hierarchy_no_mem.h_fltr_4_right.your_instance_name_f1^dout~25_FF.clk[0] (.latch)                          1.338     1.338
clock uncertainty                                                                                                  0.000     1.338
cell setup time                                                                                                   -0.066     1.272
data required time                                                                                                           1.272
----------------------------------------------------------------------------------------------------------------------------------
data required time                                                                                                           1.272
data arrival time                                                                                                          -32.787
----------------------------------------------------------------------------------------------------------------------------------
slack (VIOLATED)                                                                                                           -31.516


#Path 29
Startpoint: lo04239.Q[0] (.latch clocked by sv_chip2_hierarchy_no_mem^tm3_clk_v0)
Endpoint  : sv_chip2_hierarchy_no_mem.h_fltr_2_left.your_instance_name_h1^dout~27_FF.D[0] (.latch clocked by sv_chip2_hierarchy_no_mem^tm3_clk_v0)
Path Type : setup

Point                                                                                                             Incr      Path
--------------------------------------------------------------------------------------------------------------------------------
clock sv_chip2_hierarchy_no_mem^tm3_clk_v0 (rise edge)                                                           0.000     0.000
clock source latency                                                                                             0.000     0.000
sv_chip2_hierarchy_no_mem^tm3_clk_v0.inpad[0] (.input)                                                           0.000     0.000
lo04239.clk[0] (.latch)                                                                                          1.338     1.338
lo04239.Q[0] (.latch) [clock-to-output]                                                                          0.124     1.462
sv_chip2_hierarchy_no_mem.h_fltr_2_left.your_instance_name_h1^MUL~554[0].a[0] (multiply)                         1.338     2.800
sv_chip2_hierarchy_no_mem.h_fltr_2_left.your_instance_name_h1^MUL~554[0].out[1] (multiply)                       1.523     4.323
new_n103057.in[0] (.names)                                                                                       1.338     5.660
new_n103057.out[0] (.names)                                                                                      0.261     5.921
new_n103106.in[0] (.names)                                                                                       1.338     7.259
new_n103106.out[0] (.names)                                                                                      0.235     7.494
new_n103105.in[0] (.names)                                                                                       1.338     8.832
new_n103105.out[0] (.names)                                                                                      0.261     9.093
new_n103112_1.in[0] (.names)                                                                                     1.338    10.431
new_n103112_1.out[0] (.names)                                                                                    0.235    10.666
new_n103127.in[2] (.names)                                                                                       1.338    12.003
new_n103127.out[0] (.names)                                                                                      0.261    12.264
new_n103147.in[3] (.names)                                                                                       1.338    13.602
new_n103147.out[0] (.names)                                                                                      0.261    13.863
new_n103168.in[3] (.names)                                                                                       1.338    15.201
new_n103168.out[0] (.names)                                                                                      0.261    15.462
new_n103188.in[3] (.names)                                                                                       1.338    16.800
new_n103188.out[0] (.names)                                                                                      0.261    17.061
new_n103208.in[3] (.names)                                                                                       1.338    18.398
new_n103208.out[0] (.names)                                                                                      0.261    18.659
new_n103232.in[3] (.names)                                                                                       1.338    19.997
new_n103232.out[0] (.names)                                                                                      0.261    20.258
new_n103253.in[3] (.names)                                                                                       1.338    21.596
new_n103253.out[0] (.names)                                                                                      0.261    21.857
new_n103271.in[3] (.names)                                                                                       1.338    23.195
new_n103271.out[0] (.names)                                                                                      0.261    23.456
new_n103299.in[1] (.names)                                                                                       1.338    24.794
new_n103299.out[0] (.names)                                                                                      0.261    25.055
new_n103326_1.in[3] (.names)                                                                                     1.338    26.392
new_n103326_1.out[0] (.names)                                                                                    0.261    26.653
new_n103329.in[1] (.names)                                                                                       1.338    27.991
new_n103329.out[0] (.names)                                                                                      0.261    28.252
new_n103359.in[1] (.names)                                                                                       1.338    29.590
new_n103359.out[0] (.names)                                                                                      0.261    29.851
n61674.in[2] (.names)                                                                                            1.338    31.189
n61674.out[0] (.names)                                                                                           0.261    31.450
sv_chip2_hierarchy_no_mem.h_fltr_2_left.your_instance_name_h1^dout~27_FF.D[0] (.latch)                           1.338    32.787
data arrival time                                                                                                         32.787

clock sv_chip2_hierarchy_no_mem^tm3_clk_v0 (rise edge)                                                           0.000     0.000
clock source latency                                                                                             0.000     0.000
sv_chip2_hierarchy_no_mem^tm3_clk_v0.inpad[0] (.input)                                                           0.000     0.000
sv_chip2_hierarchy_no_mem.h_fltr_2_left.your_instance_name_h1^dout~27_FF.clk[0] (.latch)                         1.338     1.338
clock uncertainty                                                                                                0.000     1.338
cell setup time                                                                                                 -0.066     1.272
data required time                                                                                                         1.272
--------------------------------------------------------------------------------------------------------------------------------
data required time                                                                                                         1.272
data arrival time                                                                                                        -32.787
--------------------------------------------------------------------------------------------------------------------------------
slack (VIOLATED)                                                                                                         -31.516


#Path 30
Startpoint: lo11899.Q[0] (.latch clocked by sv_chip2_hierarchy_no_mem^tm3_clk_v0)
Endpoint  : sv_chip2_hierarchy_no_mem.h_fltr_2_right.your_instance_name_h1^dout~27_FF.D[0] (.latch clocked by sv_chip2_hierarchy_no_mem^tm3_clk_v0)
Path Type : setup

Point                                                                                                               Incr      Path
----------------------------------------------------------------------------------------------------------------------------------
clock sv_chip2_hierarchy_no_mem^tm3_clk_v0 (rise edge)                                                             0.000     0.000
clock source latency                                                                                               0.000     0.000
sv_chip2_hierarchy_no_mem^tm3_clk_v0.inpad[0] (.input)                                                             0.000     0.000
lo11899.clk[0] (.latch)                                                                                            1.338     1.338
lo11899.Q[0] (.latch) [clock-to-output]                                                                            0.124     1.462
sv_chip2_hierarchy_no_mem.h_fltr_2_right.your_instance_name_h1^MUL~1340[0].a[0] (multiply)                         1.338     2.800
sv_chip2_hierarchy_no_mem.h_fltr_2_right.your_instance_name_h1^MUL~1340[0].out[1] (multiply)                       1.523     4.323
new_n116868.in[0] (.names)                                                                                         1.338     5.660
new_n116868.out[0] (.names)                                                                                        0.261     5.921
new_n116918.in[0] (.names)                                                                                         1.338     7.259
new_n116918.out[0] (.names)                                                                                        0.235     7.494
new_n116917.in[0] (.names)                                                                                         1.338     8.832
new_n116917.out[0] (.names)                                                                                        0.261     9.093
new_n116925_1.in[0] (.names)                                                                                       1.338    10.431
new_n116925_1.out[0] (.names)                                                                                      0.235    10.666
new_n116934.in[2] (.names)                                                                                         1.338    12.003
new_n116934.out[0] (.names)                                                                                        0.261    12.264
new_n116959.in[1] (.names)                                                                                         1.338    13.602
new_n116959.out[0] (.names)                                                                                        0.261    13.863
new_n116981.in[3] (.names)                                                                                         1.338    15.201
new_n116981.out[0] (.names)                                                                                        0.261    15.462
new_n116998_1.in[3] (.names)                                                                                       1.338    16.800
new_n116998_1.out[0] (.names)                                                                                      0.261    17.061
new_n117021_1.in[1] (.names)                                                                                       1.338    18.398
new_n117021_1.out[0] (.names)                                                                                      0.261    18.659
new_n117037_1.in[2] (.names)                                                                                       1.338    19.997
new_n117037_1.out[0] (.names)                                                                                      0.261    20.258
new_n117066_1.in[1] (.names)                                                                                       1.338    21.596
new_n117066_1.out[0] (.names)                                                                                      0.261    21.857
new_n117090.in[3] (.names)                                                                                         1.338    23.195
new_n117090.out[0] (.names)                                                                                        0.261    23.456
new_n117113.in[3] (.names)                                                                                         1.338    24.794
new_n117113.out[0] (.names)                                                                                        0.261    25.055
new_n117128.in[3] (.names)                                                                                         1.338    26.392
new_n117128.out[0] (.names)                                                                                        0.261    26.653
new_n117140.in[0] (.names)                                                                                         1.338    27.991
new_n117140.out[0] (.names)                                                                                        0.261    28.252
new_n117162_1.in[1] (.names)                                                                                       1.338    29.590
new_n117162_1.out[0] (.names)                                                                                      0.261    29.851
n101316.in[2] (.names)                                                                                             1.338    31.189
n101316.out[0] (.names)                                                                                            0.261    31.450
sv_chip2_hierarchy_no_mem.h_fltr_2_right.your_instance_name_h1^dout~27_FF.D[0] (.latch)                            1.338    32.787
data arrival time                                                                                                           32.787

clock sv_chip2_hierarchy_no_mem^tm3_clk_v0 (rise edge)                                                             0.000     0.000
clock source latency                                                                                               0.000     0.000
sv_chip2_hierarchy_no_mem^tm3_clk_v0.inpad[0] (.input)                                                             0.000     0.000
sv_chip2_hierarchy_no_mem.h_fltr_2_right.your_instance_name_h1^dout~27_FF.clk[0] (.latch)                          1.338     1.338
clock uncertainty                                                                                                  0.000     1.338
cell setup time                                                                                                   -0.066     1.272
data required time                                                                                                           1.272
----------------------------------------------------------------------------------------------------------------------------------
data required time                                                                                                           1.272
data arrival time                                                                                                          -32.787
----------------------------------------------------------------------------------------------------------------------------------
slack (VIOLATED)                                                                                                           -31.516


#Path 31
Startpoint: lo06337.Q[0] (.latch clocked by sv_chip2_hierarchy_no_mem^tm3_clk_v0)
Endpoint  : sv_chip2_hierarchy_no_mem.h_fltr_4_left.your_instance_name_h2^dout~27_FF.D[0] (.latch clocked by sv_chip2_hierarchy_no_mem^tm3_clk_v0)
Path Type : setup

Point                                                                                                             Incr      Path
--------------------------------------------------------------------------------------------------------------------------------
clock sv_chip2_hierarchy_no_mem^tm3_clk_v0 (rise edge)                                                           0.000     0.000
clock source latency                                                                                             0.000     0.000
sv_chip2_hierarchy_no_mem^tm3_clk_v0.inpad[0] (.input)                                                           0.000     0.000
lo06337.clk[0] (.latch)                                                                                          1.338     1.338
lo06337.Q[0] (.latch) [clock-to-output]                                                                          0.124     1.462
sv_chip2_hierarchy_no_mem.h_fltr_4_left.your_instance_name_h2^MUL~708[0].a[0] (multiply)                         1.338     2.800
sv_chip2_hierarchy_no_mem.h_fltr_4_left.your_instance_name_h2^MUL~708[0].out[3] (multiply)                       1.523     4.323
new_n107178.in[0] (.names)                                                                                       1.338     5.660
new_n107178.out[0] (.names)                                                                                      0.261     5.921
new_n107190.in[0] (.names)                                                                                       1.338     7.259
new_n107190.out[0] (.names)                                                                                      0.261     7.520
new_n107204.in[5] (.names)                                                                                       1.338     8.858
new_n107204.out[0] (.names)                                                                                      0.261     9.119
new_n107226.in[1] (.names)                                                                                       1.338    10.457
new_n107226.out[0] (.names)                                                                                      0.261    10.718
new_n107260.in[0] (.names)                                                                                       1.338    12.055
new_n107260.out[0] (.names)                                                                                      0.261    12.316
new_n107298.in[1] (.names)                                                                                       1.338    13.654
new_n107298.out[0] (.names)                                                                                      0.261    13.915
new_n107325.in[1] (.names)                                                                                       1.338    15.253
new_n107325.out[0] (.names)                                                                                      0.261    15.514
new_n107357_1.in[0] (.names)                                                                                     1.338    16.852
new_n107357_1.out[0] (.names)                                                                                    0.261    17.113
new_n107383.in[2] (.names)                                                                                       1.338    18.450
new_n107383.out[0] (.names)                                                                                      0.261    18.711
new_n107405.in[0] (.names)                                                                                       1.338    20.049
new_n107405.out[0] (.names)                                                                                      0.261    20.310
new_n107424.in[0] (.names)                                                                                       1.338    21.648
new_n107424.out[0] (.names)                                                                                      0.261    21.909
new_n107435_1.in[0] (.names)                                                                                     1.338    23.247
new_n107435_1.out[0] (.names)                                                                                    0.261    23.508
new_n107434.in[4] (.names)                                                                                       1.338    24.846
new_n107434.out[0] (.names)                                                                                      0.261    25.107
new_n107433.in[4] (.names)                                                                                       1.338    26.444
new_n107433.out[0] (.names)                                                                                      0.235    26.679
new_n107440.in[1] (.names)                                                                                       1.338    28.017
new_n107440.out[0] (.names)                                                                                      0.235    28.252
new_n107452.in[0] (.names)                                                                                       1.338    29.590
new_n107452.out[0] (.names)                                                                                      0.261    29.851
n73117.in[4] (.names)                                                                                            1.338    31.189
n73117.out[0] (.names)                                                                                           0.261    31.450
sv_chip2_hierarchy_no_mem.h_fltr_4_left.your_instance_name_h2^dout~27_FF.D[0] (.latch)                           1.338    32.787
data arrival time                                                                                                         32.787

clock sv_chip2_hierarchy_no_mem^tm3_clk_v0 (rise edge)                                                           0.000     0.000
clock source latency                                                                                             0.000     0.000
sv_chip2_hierarchy_no_mem^tm3_clk_v0.inpad[0] (.input)                                                           0.000     0.000
sv_chip2_hierarchy_no_mem.h_fltr_4_left.your_instance_name_h2^dout~27_FF.clk[0] (.latch)                         1.338     1.338
clock uncertainty                                                                                                0.000     1.338
cell setup time                                                                                                 -0.066     1.272
data required time                                                                                                         1.272
--------------------------------------------------------------------------------------------------------------------------------
data required time                                                                                                         1.272
data arrival time                                                                                                        -32.787
--------------------------------------------------------------------------------------------------------------------------------
slack (VIOLATED)                                                                                                         -31.516


#Path 32
Startpoint: lo14452.Q[0] (.latch clocked by sv_chip2_hierarchy_no_mem^tm3_clk_v0)
Endpoint  : sv_chip2_hierarchy_no_mem.h_fltr_4_right.your_instance_name_h1^dout~27_FF.D[0] (.latch clocked by sv_chip2_hierarchy_no_mem^tm3_clk_v0)
Path Type : setup

Point                                                                                                               Incr      Path
----------------------------------------------------------------------------------------------------------------------------------
clock sv_chip2_hierarchy_no_mem^tm3_clk_v0 (rise edge)                                                             0.000     0.000
clock source latency                                                                                               0.000     0.000
sv_chip2_hierarchy_no_mem^tm3_clk_v0.inpad[0] (.input)                                                             0.000     0.000
lo14452.clk[0] (.latch)                                                                                            1.338     1.338
lo14452.Q[0] (.latch) [clock-to-output]                                                                            0.124     1.462
sv_chip2_hierarchy_no_mem.h_fltr_4_right.your_instance_name_h1^MUL~1482[0].a[0] (multiply)                         1.338     2.800
sv_chip2_hierarchy_no_mem.h_fltr_4_right.your_instance_name_h1^MUL~1482[0].out[1] (multiply)                       1.523     4.323
new_n121488.in[0] (.names)                                                                                         1.338     5.660
new_n121488.out[0] (.names)                                                                                        0.261     5.921
new_n121536.in[0] (.names)                                                                                         1.338     7.259
new_n121536.out[0] (.names)                                                                                        0.235     7.494
new_n121535_1.in[0] (.names)                                                                                       1.338     8.832
new_n121535_1.out[0] (.names)                                                                                      0.261     9.093
new_n121543.in[0] (.names)                                                                                         1.338    10.431
new_n121543.out[0] (.names)                                                                                        0.235    10.666
new_n121557.in[2] (.names)                                                                                         1.338    12.003
new_n121557.out[0] (.names)                                                                                        0.261    12.264
new_n121577.in[3] (.names)                                                                                         1.338    13.602
new_n121577.out[0] (.names)                                                                                        0.261    13.863
new_n121598.in[3] (.names)                                                                                         1.338    15.201
new_n121598.out[0] (.names)                                                                                        0.261    15.462
new_n121619_1.in[3] (.names)                                                                                       1.338    16.800
new_n121619_1.out[0] (.names)                                                                                      0.261    17.061
new_n121639_1.in[3] (.names)                                                                                       1.338    18.398
new_n121639_1.out[0] (.names)                                                                                      0.261    18.659
new_n121663.in[3] (.names)                                                                                         1.338    19.997
new_n121663.out[0] (.names)                                                                                        0.261    20.258
new_n121684_1.in[3] (.names)                                                                                       1.338    21.596
new_n121684_1.out[0] (.names)                                                                                      0.261    21.857
new_n121708.in[3] (.names)                                                                                         1.338    23.195
new_n121708.out[0] (.names)                                                                                        0.261    23.456
new_n121732.in[3] (.names)                                                                                         1.338    24.794
new_n121732.out[0] (.names)                                                                                        0.261    25.055
new_n121735_1.in[1] (.names)                                                                                       1.338    26.392
new_n121735_1.out[0] (.names)                                                                                      0.261    26.653
new_n121770_1.in[1] (.names)                                                                                       1.338    27.991
new_n121770_1.out[0] (.names)                                                                                      0.261    28.252
new_n121792.in[3] (.names)                                                                                         1.338    29.590
new_n121792.out[0] (.names)                                                                                        0.261    29.851
n114495.in[2] (.names)                                                                                             1.338    31.189
n114495.out[0] (.names)                                                                                            0.261    31.450
sv_chip2_hierarchy_no_mem.h_fltr_4_right.your_instance_name_h1^dout~27_FF.D[0] (.latch)                            1.338    32.787
data arrival time                                                                                                           32.787

clock sv_chip2_hierarchy_no_mem^tm3_clk_v0 (rise edge)                                                             0.000     0.000
clock source latency                                                                                               0.000     0.000
sv_chip2_hierarchy_no_mem^tm3_clk_v0.inpad[0] (.input)                                                             0.000     0.000
sv_chip2_hierarchy_no_mem.h_fltr_4_right.your_instance_name_h1^dout~27_FF.clk[0] (.latch)                          1.338     1.338
clock uncertainty                                                                                                  0.000     1.338
cell setup time                                                                                                   -0.066     1.272
data required time                                                                                                           1.272
----------------------------------------------------------------------------------------------------------------------------------
data required time                                                                                                           1.272
data arrival time                                                                                                          -32.787
----------------------------------------------------------------------------------------------------------------------------------
slack (VIOLATED)                                                                                                           -31.516


#Path 33
Startpoint: lo09346.Q[0] (.latch clocked by sv_chip2_hierarchy_no_mem^tm3_clk_v0)
Endpoint  : sv_chip2_hierarchy_no_mem.h_fltr_1_right.your_instance_name_h1^dout~27_FF.D[0] (.latch clocked by sv_chip2_hierarchy_no_mem^tm3_clk_v0)
Path Type : setup

Point                                                                                                               Incr      Path
----------------------------------------------------------------------------------------------------------------------------------
clock sv_chip2_hierarchy_no_mem^tm3_clk_v0 (rise edge)                                                             0.000     0.000
clock source latency                                                                                               0.000     0.000
sv_chip2_hierarchy_no_mem^tm3_clk_v0.inpad[0] (.input)                                                             0.000     0.000
lo09346.clk[0] (.latch)                                                                                            1.338     1.338
lo09346.Q[0] (.latch) [clock-to-output]                                                                            0.124     1.462
sv_chip2_hierarchy_no_mem.h_fltr_1_right.your_instance_name_h1^MUL~1198[0].a[0] (multiply)                         1.338     2.800
sv_chip2_hierarchy_no_mem.h_fltr_1_right.your_instance_name_h1^MUL~1198[0].out[1] (multiply)                       1.523     4.323
new_n112305_1.in[0] (.names)                                                                                       1.338     5.660
new_n112305_1.out[0] (.names)                                                                                      0.261     5.921
new_n112347.in[0] (.names)                                                                                         1.338     7.259
new_n112347.out[0] (.names)                                                                                        0.235     7.494
new_n112346.in[0] (.names)                                                                                         1.338     8.832
new_n112346.out[0] (.names)                                                                                        0.261     9.093
new_n112356.in[0] (.names)                                                                                         1.338    10.431
new_n112356.out[0] (.names)                                                                                        0.235    10.666
new_n112370_1.in[1] (.names)                                                                                       1.338    12.003
new_n112370_1.out[0] (.names)                                                                                      0.261    12.264
new_n112385_1.in[3] (.names)                                                                                       1.338    13.602
new_n112385_1.out[0] (.names)                                                                                      0.261    13.863
new_n112412.in[1] (.names)                                                                                         1.338    15.201
new_n112412.out[0] (.names)                                                                                        0.261    15.462
new_n112429_1.in[2] (.names)                                                                                       1.338    16.800
new_n112429_1.out[0] (.names)                                                                                      0.261    17.061
new_n112449_1.in[1] (.names)                                                                                       1.338    18.398
new_n112449_1.out[0] (.names)                                                                                      0.261    18.659
new_n112469_1.in[1] (.names)                                                                                       1.338    19.997
new_n112469_1.out[0] (.names)                                                                                      0.261    20.258
new_n112493.in[1] (.names)                                                                                         1.338    21.596
new_n112493.out[0] (.names)                                                                                        0.261    21.857
new_n112513.in[1] (.names)                                                                                         1.338    23.195
new_n112513.out[0] (.names)                                                                                        0.261    23.456
new_n112541.in[1] (.names)                                                                                         1.338    24.794
new_n112541.out[0] (.names)                                                                                        0.261    25.055
new_n112558.in[2] (.names)                                                                                         1.338    26.392
new_n112558.out[0] (.names)                                                                                        0.261    26.653
new_n112569_1.in[0] (.names)                                                                                       1.338    27.991
new_n112569_1.out[0] (.names)                                                                                      0.261    28.252
new_n112598.in[1] (.names)                                                                                         1.338    29.590
new_n112598.out[0] (.names)                                                                                        0.261    29.851
n88137.in[2] (.names)                                                                                              1.338    31.189
n88137.out[0] (.names)                                                                                             0.261    31.450
sv_chip2_hierarchy_no_mem.h_fltr_1_right.your_instance_name_h1^dout~27_FF.D[0] (.latch)                            1.338    32.787
data arrival time                                                                                                           32.787

clock sv_chip2_hierarchy_no_mem^tm3_clk_v0 (rise edge)                                                             0.000     0.000
clock source latency                                                                                               0.000     0.000
sv_chip2_hierarchy_no_mem^tm3_clk_v0.inpad[0] (.input)                                                             0.000     0.000
sv_chip2_hierarchy_no_mem.h_fltr_1_right.your_instance_name_h1^dout~27_FF.clk[0] (.latch)                          1.338     1.338
clock uncertainty                                                                                                  0.000     1.338
cell setup time                                                                                                   -0.066     1.272
data required time                                                                                                           1.272
----------------------------------------------------------------------------------------------------------------------------------
data required time                                                                                                           1.272
data arrival time                                                                                                          -32.787
----------------------------------------------------------------------------------------------------------------------------------
slack (VIOLATED)                                                                                                           -31.516


#Path 34
Startpoint: lo01686.Q[0] (.latch clocked by sv_chip2_hierarchy_no_mem^tm3_clk_v0)
Endpoint  : sv_chip2_hierarchy_no_mem.h_fltr_1_left.your_instance_name_h1^dout~27_FF.D[0] (.latch clocked by sv_chip2_hierarchy_no_mem^tm3_clk_v0)
Path Type : setup

Point                                                                                                             Incr      Path
--------------------------------------------------------------------------------------------------------------------------------
clock sv_chip2_hierarchy_no_mem^tm3_clk_v0 (rise edge)                                                           0.000     0.000
clock source latency                                                                                             0.000     0.000
sv_chip2_hierarchy_no_mem^tm3_clk_v0.inpad[0] (.input)                                                           0.000     0.000
lo01686.clk[0] (.latch)                                                                                          1.338     1.338
lo01686.Q[0] (.latch) [clock-to-output]                                                                          0.124     1.462
sv_chip2_hierarchy_no_mem.h_fltr_1_left.your_instance_name_h1^MUL~412[0].a[0] (multiply)                         1.338     2.800
sv_chip2_hierarchy_no_mem.h_fltr_1_left.your_instance_name_h1^MUL~412[0].out[1] (multiply)                       1.523     4.323
new_n98432.in[0] (.names)                                                                                        1.338     5.660
new_n98432.out[0] (.names)                                                                                       0.261     5.921
new_n98480_1.in[0] (.names)                                                                                      1.338     7.259
new_n98480_1.out[0] (.names)                                                                                     0.235     7.494
new_n98479_1.in[0] (.names)                                                                                      1.338     8.832
new_n98479_1.out[0] (.names)                                                                                     0.261     9.093
new_n98487.in[0] (.names)                                                                                        1.338    10.431
new_n98487.out[0] (.names)                                                                                       0.235    10.666
new_n98498.in[2] (.names)                                                                                        1.338    12.003
new_n98498.out[0] (.names)                                                                                       0.261    12.264
new_n98523_1.in[0] (.names)                                                                                      1.338    13.602
new_n98523_1.out[0] (.names)                                                                                     0.261    13.863
new_n98540_1.in[3] (.names)                                                                                      1.338    15.201
new_n98540_1.out[0] (.names)                                                                                     0.261    15.462
new_n98560.in[1] (.names)                                                                                        1.338    16.800
new_n98560.out[0] (.names)                                                                                       0.261    17.061
new_n98584_1.in[1] (.names)                                                                                      1.338    18.398
new_n98584_1.out[0] (.names)                                                                                     0.261    18.659
new_n98600.in[3] (.names)                                                                                        1.338    19.997
new_n98600.out[0] (.names)                                                                                       0.261    20.258
new_n98627.in[1] (.names)                                                                                        1.338    21.596
new_n98627.out[0] (.names)                                                                                       0.261    21.857
new_n98652_1.in[3] (.names)                                                                                      1.338    23.195
new_n98652_1.out[0] (.names)                                                                                     0.261    23.456
new_n98676.in[3] (.names)                                                                                        1.338    24.794
new_n98676.out[0] (.names)                                                                                       0.261    25.055
new_n98679_1.in[1] (.names)                                                                                      1.338    26.392
new_n98679_1.out[0] (.names)                                                                                     0.261    26.653
new_n98712.in[1] (.names)                                                                                        1.338    27.991
new_n98712.out[0] (.names)                                                                                       0.261    28.252
new_n98736.in[3] (.names)                                                                                        1.338    29.590
new_n98736.out[0] (.names)                                                                                       0.261    29.851
n48495.in[2] (.names)                                                                                            1.338    31.189
n48495.out[0] (.names)                                                                                           0.261    31.450
sv_chip2_hierarchy_no_mem.h_fltr_1_left.your_instance_name_h1^dout~27_FF.D[0] (.latch)                           1.338    32.787
data arrival time                                                                                                         32.787

clock sv_chip2_hierarchy_no_mem^tm3_clk_v0 (rise edge)                                                           0.000     0.000
clock source latency                                                                                             0.000     0.000
sv_chip2_hierarchy_no_mem^tm3_clk_v0.inpad[0] (.input)                                                           0.000     0.000
sv_chip2_hierarchy_no_mem.h_fltr_1_left.your_instance_name_h1^dout~27_FF.clk[0] (.latch)                         1.338     1.338
clock uncertainty                                                                                                0.000     1.338
cell setup time                                                                                                 -0.066     1.272
data required time                                                                                                         1.272
--------------------------------------------------------------------------------------------------------------------------------
data required time                                                                                                         1.272
data arrival time                                                                                                        -32.787
--------------------------------------------------------------------------------------------------------------------------------
slack (VIOLATED)                                                                                                         -31.516


#Path 35
Startpoint: lo01169.Q[0] (.latch clocked by sv_chip2_hierarchy_no_mem^tm3_clk_v0)
Endpoint  : sv_chip2_hierarchy_no_mem.h_fltr_1_left.your_instance_name_h2^dout~27_FF.D[0] (.latch clocked by sv_chip2_hierarchy_no_mem^tm3_clk_v0)
Path Type : setup

Point                                                                                                             Incr      Path
--------------------------------------------------------------------------------------------------------------------------------
clock sv_chip2_hierarchy_no_mem^tm3_clk_v0 (rise edge)                                                           0.000     0.000
clock source latency                                                                                             0.000     0.000
sv_chip2_hierarchy_no_mem^tm3_clk_v0.inpad[0] (.input)                                                           0.000     0.000
lo01169.clk[0] (.latch)                                                                                          1.338     1.338
lo01169.Q[0] (.latch) [clock-to-output]                                                                          0.124     1.462
sv_chip2_hierarchy_no_mem.h_fltr_1_left.your_instance_name_h2^MUL~424[0].a[0] (multiply)                         1.338     2.800
sv_chip2_hierarchy_no_mem.h_fltr_1_left.your_instance_name_h2^MUL~424[0].out[3] (multiply)                       1.523     4.323
new_n97887.in[0] (.names)                                                                                        1.338     5.660
new_n97887.out[0] (.names)                                                                                       0.261     5.921
new_n97898.in[0] (.names)                                                                                        1.338     7.259
new_n97898.out[0] (.names)                                                                                       0.261     7.520
new_n97908.in[5] (.names)                                                                                        1.338     8.858
new_n97908.out[0] (.names)                                                                                       0.261     9.119
new_n97934.in[1] (.names)                                                                                        1.338    10.457
new_n97934.out[0] (.names)                                                                                       0.261    10.718
new_n97964.in[0] (.names)                                                                                        1.338    12.055
new_n97964.out[0] (.names)                                                                                       0.261    12.316
new_n98007_1.in[1] (.names)                                                                                      1.338    13.654
new_n98007_1.out[0] (.names)                                                                                     0.261    13.915
new_n98036_1.in[1] (.names)                                                                                      1.338    15.253
new_n98036_1.out[0] (.names)                                                                                     0.261    15.514
new_n98060_1.in[0] (.names)                                                                                      1.338    16.852
new_n98060_1.out[0] (.names)                                                                                     0.261    17.113
new_n98089.in[2] (.names)                                                                                        1.338    18.450
new_n98089.out[0] (.names)                                                                                       0.261    18.711
new_n98097.in[0] (.names)                                                                                        1.338    20.049
new_n98097.out[0] (.names)                                                                                       0.261    20.310
new_n98112.in[5] (.names)                                                                                        1.338    21.648
new_n98112.out[0] (.names)                                                                                       0.261    21.909
new_n98130_1.in[0] (.names)                                                                                      1.338    23.247
new_n98130_1.out[0] (.names)                                                                                     0.261    23.508
new_n98142.in[0] (.names)                                                                                        1.338    24.846
new_n98142.out[0] (.names)                                                                                       0.261    25.107
new_n98141_1.in[3] (.names)                                                                                      1.338    26.444
new_n98141_1.out[0] (.names)                                                                                     0.235    26.679
new_n98148.in[1] (.names)                                                                                        1.338    28.017
new_n98148.out[0] (.names)                                                                                       0.235    28.252
new_n98162.in[1] (.names)                                                                                        1.338    29.590
new_n98162.out[0] (.names)                                                                                       0.261    29.851
n46759.in[4] (.names)                                                                                            1.338    31.189
n46759.out[0] (.names)                                                                                           0.261    31.450
sv_chip2_hierarchy_no_mem.h_fltr_1_left.your_instance_name_h2^dout~27_FF.D[0] (.latch)                           1.338    32.787
data arrival time                                                                                                         32.787

clock sv_chip2_hierarchy_no_mem^tm3_clk_v0 (rise edge)                                                           0.000     0.000
clock source latency                                                                                             0.000     0.000
sv_chip2_hierarchy_no_mem^tm3_clk_v0.inpad[0] (.input)                                                           0.000     0.000
sv_chip2_hierarchy_no_mem.h_fltr_1_left.your_instance_name_h2^dout~27_FF.clk[0] (.latch)                         1.338     1.338
clock uncertainty                                                                                                0.000     1.338
cell setup time                                                                                                 -0.066     1.272
data required time                                                                                                         1.272
--------------------------------------------------------------------------------------------------------------------------------
data required time                                                                                                         1.272
data arrival time                                                                                                        -32.787
--------------------------------------------------------------------------------------------------------------------------------
slack (VIOLATED)                                                                                                         -31.516


#Path 36
Startpoint: lo10338.Q[0] (.latch clocked by sv_chip2_hierarchy_no_mem^tm3_clk_v0)
Endpoint  : sv_chip2_hierarchy_no_mem.h_fltr_2_right.your_instance_name_f2^dout~27_FF.D[0] (.latch clocked by sv_chip2_hierarchy_no_mem^tm3_clk_v0)
Path Type : setup

Point                                                                                                               Incr      Path
----------------------------------------------------------------------------------------------------------------------------------
clock sv_chip2_hierarchy_no_mem^tm3_clk_v0 (rise edge)                                                             0.000     0.000
clock source latency                                                                                               0.000     0.000
sv_chip2_hierarchy_no_mem^tm3_clk_v0.inpad[0] (.input)                                                             0.000     0.000
lo10338.clk[0] (.latch)                                                                                            1.338     1.338
lo10338.Q[0] (.latch) [clock-to-output]                                                                            0.124     1.462
sv_chip2_hierarchy_no_mem.h_fltr_2_right.your_instance_name_f2^MUL~1308[0].a[0] (multiply)                         1.338     2.800
sv_chip2_hierarchy_no_mem.h_fltr_2_right.your_instance_name_f2^MUL~1308[0].out[3] (multiply)                       1.523     4.323
new_n114244.in[0] (.names)                                                                                         1.338     5.660
new_n114244.out[0] (.names)                                                                                        0.261     5.921
new_n114256_1.in[0] (.names)                                                                                       1.338     7.259
new_n114256_1.out[0] (.names)                                                                                      0.261     7.520
new_n114268.in[5] (.names)                                                                                         1.338     8.858
new_n114268.out[0] (.names)                                                                                        0.261     9.119
new_n114295_1.in[1] (.names)                                                                                       1.338    10.457
new_n114295_1.out[0] (.names)                                                                                      0.261    10.718
new_n114324.in[0] (.names)                                                                                         1.338    12.055
new_n114324.out[0] (.names)                                                                                        0.261    12.316
new_n114364.in[1] (.names)                                                                                         1.338    13.654
new_n114364.out[0] (.names)                                                                                        0.261    13.915
new_n114393.in[1] (.names)                                                                                         1.338    15.253
new_n114393.out[0] (.names)                                                                                        0.261    15.514
new_n114425_1.in[0] (.names)                                                                                       1.338    16.852
new_n114425_1.out[0] (.names)                                                                                      0.261    17.113
new_n114447.in[2] (.names)                                                                                         1.338    18.450
new_n114447.out[0] (.names)                                                                                        0.261    18.711
new_n114473.in[0] (.names)                                                                                         1.338    20.049
new_n114473.out[0] (.names)                                                                                        0.261    20.310
new_n114493.in[0] (.names)                                                                                         1.338    21.648
new_n114493.out[0] (.names)                                                                                        0.261    21.909
new_n114505_1.in[0] (.names)                                                                                       1.338    23.247
new_n114505_1.out[0] (.names)                                                                                      0.261    23.508
new_n114504.in[4] (.names)                                                                                         1.338    24.846
new_n114504.out[0] (.names)                                                                                        0.261    25.107
new_n114503.in[3] (.names)                                                                                         1.338    26.444
new_n114503.out[0] (.names)                                                                                        0.235    26.679
new_n114519.in[1] (.names)                                                                                         1.338    28.017
new_n114519.out[0] (.names)                                                                                        0.235    28.252
new_n114522.in[0] (.names)                                                                                         1.338    29.590
new_n114522.out[0] (.names)                                                                                        0.261    29.851
n93855.in[4] (.names)                                                                                              1.338    31.189
n93855.out[0] (.names)                                                                                             0.261    31.450
sv_chip2_hierarchy_no_mem.h_fltr_2_right.your_instance_name_f2^dout~27_FF.D[0] (.latch)                            1.338    32.787
data arrival time                                                                                                           32.787

clock sv_chip2_hierarchy_no_mem^tm3_clk_v0 (rise edge)                                                             0.000     0.000
clock source latency                                                                                               0.000     0.000
sv_chip2_hierarchy_no_mem^tm3_clk_v0.inpad[0] (.input)                                                             0.000     0.000
sv_chip2_hierarchy_no_mem.h_fltr_2_right.your_instance_name_f2^dout~27_FF.clk[0] (.latch)                          1.338     1.338
clock uncertainty                                                                                                  0.000     1.338
cell setup time                                                                                                   -0.066     1.272
data required time                                                                                                           1.272
----------------------------------------------------------------------------------------------------------------------------------
data required time                                                                                                           1.272
data arrival time                                                                                                          -32.787
----------------------------------------------------------------------------------------------------------------------------------
slack (VIOLATED)                                                                                                           -31.516


#Path 37
Startpoint: lo00005.Q[0] (.latch clocked by sv_chip2_hierarchy_no_mem^tm3_clk_v0)
Endpoint  : sv_chip2_hierarchy_no_mem.h_fltr_1_left.your_instance_name_f2^dout~27_FF.D[0] (.latch clocked by sv_chip2_hierarchy_no_mem^tm3_clk_v0)
Path Type : setup

Point                                                                                                             Incr      Path
--------------------------------------------------------------------------------------------------------------------------------
clock sv_chip2_hierarchy_no_mem^tm3_clk_v0 (rise edge)                                                           0.000     0.000
clock source latency                                                                                             0.000     0.000
sv_chip2_hierarchy_no_mem^tm3_clk_v0.inpad[0] (.input)                                                           0.000     0.000
lo00005.clk[0] (.latch)                                                                                          1.338     1.338
lo00005.Q[0] (.latch) [clock-to-output]                                                                          0.124     1.462
sv_chip2_hierarchy_no_mem.h_fltr_1_left.your_instance_name_f2^MUL~384[0].a[0] (multiply)                         1.338     2.800
sv_chip2_hierarchy_no_mem.h_fltr_1_left.your_instance_name_f2^MUL~384[0].out[1] (multiply)                       1.523     4.323
new_n95404_1.in[0] (.names)                                                                                      1.338     5.660
new_n95404_1.out[0] (.names)                                                                                     0.261     5.921
new_n95686.in[0] (.names)                                                                                        1.338     7.259
new_n95686.out[0] (.names)                                                                                       0.261     7.520
new_n95706.in[3] (.names)                                                                                        1.338     8.858
new_n95706.out[0] (.names)                                                                                       0.261     9.119
new_n95731.in[1] (.names)                                                                                        1.338    10.457
new_n95731.out[0] (.names)                                                                                       0.261    10.718
new_n95762.in[1] (.names)                                                                                        1.338    12.055
new_n95762.out[0] (.names)                                                                                       0.261    12.316
new_n95792.in[3] (.names)                                                                                        1.338    13.654
new_n95792.out[0] (.names)                                                                                       0.235    13.889
new_n95817_1.in[0] (.names)                                                                                      1.338    15.227
new_n95817_1.out[0] (.names)                                                                                     0.261    15.488
new_n95843.in[0] (.names)                                                                                        1.338    16.826
new_n95843.out[0] (.names)                                                                                       0.261    17.087
new_n95881.in[2] (.names)                                                                                        1.338    18.424
new_n95881.out[0] (.names)                                                                                       0.261    18.685
new_n95906.in[1] (.names)                                                                                        1.338    20.023
new_n95906.out[0] (.names)                                                                                       0.261    20.284
new_n95930.in[0] (.names)                                                                                        1.338    21.622
new_n95930.out[0] (.names)                                                                                       0.261    21.883
new_n95955.in[0] (.names)                                                                                        1.338    23.221
new_n95955.out[0] (.names)                                                                                       0.261    23.482
new_n95961.in[0] (.names)                                                                                        1.338    24.820
new_n95961.out[0] (.names)                                                                                       0.261    25.081
new_n95960.in[5] (.names)                                                                                        1.338    26.418
new_n95960.out[0] (.names)                                                                                       0.261    26.679
new_n95968.in[0] (.names)                                                                                        1.338    28.017
new_n95968.out[0] (.names)                                                                                       0.235    28.252
new_n95980.in[0] (.names)                                                                                        1.338    29.590
new_n95980.out[0] (.names)                                                                                       0.261    29.851
n40745.in[4] (.names)                                                                                            1.338    31.189
n40745.out[0] (.names)                                                                                           0.261    31.450
sv_chip2_hierarchy_no_mem.h_fltr_1_left.your_instance_name_f2^dout~27_FF.D[0] (.latch)                           1.338    32.787
data arrival time                                                                                                         32.787

clock sv_chip2_hierarchy_no_mem^tm3_clk_v0 (rise edge)                                                           0.000     0.000
clock source latency                                                                                             0.000     0.000
sv_chip2_hierarchy_no_mem^tm3_clk_v0.inpad[0] (.input)                                                           0.000     0.000
sv_chip2_hierarchy_no_mem.h_fltr_1_left.your_instance_name_f2^dout~27_FF.clk[0] (.latch)                         1.338     1.338
clock uncertainty                                                                                                0.000     1.338
cell setup time                                                                                                 -0.066     1.272
data required time                                                                                                         1.272
--------------------------------------------------------------------------------------------------------------------------------
data required time                                                                                                         1.272
data arrival time                                                                                                        -32.787
--------------------------------------------------------------------------------------------------------------------------------
slack (VIOLATED)                                                                                                         -31.516


#Path 38
Startpoint: lo06792.Q[0] (.latch clocked by sv_chip2_hierarchy_no_mem^tm3_clk_v0)
Endpoint  : sv_chip2_hierarchy_no_mem.h_fltr_4_left.your_instance_name_h1^dout~27_FF.D[0] (.latch clocked by sv_chip2_hierarchy_no_mem^tm3_clk_v0)
Path Type : setup

Point                                                                                                             Incr      Path
--------------------------------------------------------------------------------------------------------------------------------
clock sv_chip2_hierarchy_no_mem^tm3_clk_v0 (rise edge)                                                           0.000     0.000
clock source latency                                                                                             0.000     0.000
sv_chip2_hierarchy_no_mem^tm3_clk_v0.inpad[0] (.input)                                                           0.000     0.000
lo06792.clk[0] (.latch)                                                                                          1.338     1.338
lo06792.Q[0] (.latch) [clock-to-output]                                                                          0.124     1.462
sv_chip2_hierarchy_no_mem.h_fltr_4_left.your_instance_name_h1^MUL~696[0].a[0] (multiply)                         1.338     2.800
sv_chip2_hierarchy_no_mem.h_fltr_4_left.your_instance_name_h1^MUL~696[0].out[1] (multiply)                       1.523     4.323
new_n107728.in[0] (.names)                                                                                       1.338     5.660
new_n107728.out[0] (.names)                                                                                      0.261     5.921
new_n107773.in[0] (.names)                                                                                       1.338     7.259
new_n107773.out[0] (.names)                                                                                      0.235     7.494
new_n107772_1.in[0] (.names)                                                                                     1.338     8.832
new_n107772_1.out[0] (.names)                                                                                    0.261     9.093
new_n107783.in[0] (.names)                                                                                       1.338    10.431
new_n107783.out[0] (.names)                                                                                      0.235    10.666
new_n107797_1.in[1] (.names)                                                                                     1.338    12.003
new_n107797_1.out[0] (.names)                                                                                    0.261    12.264
new_n107813.in[3] (.names)                                                                                       1.338    13.602
new_n107813.out[0] (.names)                                                                                      0.261    13.863
new_n107834_1.in[1] (.names)                                                                                     1.338    15.201
new_n107834_1.out[0] (.names)                                                                                    0.261    15.462
new_n107855_1.in[1] (.names)                                                                                     1.338    16.800
new_n107855_1.out[0] (.names)                                                                                    0.261    17.061
new_n107876.in[1] (.names)                                                                                       1.338    18.398
new_n107876.out[0] (.names)                                                                                      0.261    18.659
new_n107904.in[1] (.names)                                                                                       1.338    19.997
new_n107904.out[0] (.names)                                                                                      0.261    20.258
new_n107920_1.in[2] (.names)                                                                                     1.338    21.596
new_n107920_1.out[0] (.names)                                                                                    0.261    21.857
new_n107948.in[1] (.names)                                                                                       1.338    23.195
new_n107948.out[0] (.names)                                                                                      0.261    23.456
new_n107966_1.in[3] (.names)                                                                                     1.338    24.794
new_n107966_1.out[0] (.names)                                                                                    0.261    25.055
new_n107975_1.in[0] (.names)                                                                                     1.338    26.392
new_n107975_1.out[0] (.names)                                                                                    0.261    26.653
new_n108006_1.in[1] (.names)                                                                                     1.338    27.991
new_n108006_1.out[0] (.names)                                                                                    0.261    28.252
new_n108030_1.in[3] (.names)                                                                                     1.338    29.590
new_n108030_1.out[0] (.names)                                                                                    0.261    29.851
n74853.in[2] (.names)                                                                                            1.338    31.189
n74853.out[0] (.names)                                                                                           0.261    31.450
sv_chip2_hierarchy_no_mem.h_fltr_4_left.your_instance_name_h1^dout~27_FF.D[0] (.latch)                           1.338    32.787
data arrival time                                                                                                         32.787

clock sv_chip2_hierarchy_no_mem^tm3_clk_v0 (rise edge)                                                           0.000     0.000
clock source latency                                                                                             0.000     0.000
sv_chip2_hierarchy_no_mem^tm3_clk_v0.inpad[0] (.input)                                                           0.000     0.000
sv_chip2_hierarchy_no_mem.h_fltr_4_left.your_instance_name_h1^dout~27_FF.clk[0] (.latch)                         1.338     1.338
clock uncertainty                                                                                                0.000     1.338
cell setup time                                                                                                 -0.066     1.272
data required time                                                                                                         1.272
--------------------------------------------------------------------------------------------------------------------------------
data required time                                                                                                         1.272
data arrival time                                                                                                        -32.787
--------------------------------------------------------------------------------------------------------------------------------
slack (VIOLATED)                                                                                                         -31.516


#Path 39
Startpoint: lo07785.Q[0] (.latch clocked by sv_chip2_hierarchy_no_mem^tm3_clk_v0)
Endpoint  : sv_chip2_hierarchy_no_mem.h_fltr_1_right.your_instance_name_f2^dout~27_FF.D[0] (.latch clocked by sv_chip2_hierarchy_no_mem^tm3_clk_v0)
Path Type : setup

Point                                                                                                               Incr      Path
----------------------------------------------------------------------------------------------------------------------------------
clock sv_chip2_hierarchy_no_mem^tm3_clk_v0 (rise edge)                                                             0.000     0.000
clock source latency                                                                                               0.000     0.000
sv_chip2_hierarchy_no_mem^tm3_clk_v0.inpad[0] (.input)                                                             0.000     0.000
lo07785.clk[0] (.latch)                                                                                            1.338     1.338
lo07785.Q[0] (.latch) [clock-to-output]                                                                            0.124     1.462
sv_chip2_hierarchy_no_mem.h_fltr_1_right.your_instance_name_f2^MUL~1166[0].a[0] (multiply)                         1.338     2.800
sv_chip2_hierarchy_no_mem.h_fltr_1_right.your_instance_name_f2^MUL~1166[0].out[3] (multiply)                       1.523     4.323
new_n109670_1.in[0] (.names)                                                                                       1.338     5.660
new_n109670_1.out[0] (.names)                                                                                      0.261     5.921
new_n109682.in[0] (.names)                                                                                         1.338     7.259
new_n109682.out[0] (.names)                                                                                        0.261     7.520
new_n109694_1.in[5] (.names)                                                                                       1.338     8.858
new_n109694_1.out[0] (.names)                                                                                      0.261     9.119
new_n109718_1.in[1] (.names)                                                                                       1.338    10.457
new_n109718_1.out[0] (.names)                                                                                      0.261    10.718
new_n109748_1.in[0] (.names)                                                                                       1.338    12.055
new_n109748_1.out[0] (.names)                                                                                      0.261    12.316
new_n109791.in[1] (.names)                                                                                         1.338    13.654
new_n109791.out[0] (.names)                                                                                        0.261    13.915
new_n109818.in[1] (.names)                                                                                         1.338    15.253
new_n109818.out[0] (.names)                                                                                        0.261    15.514
new_n109846_1.in[0] (.names)                                                                                       1.338    16.852
new_n109846_1.out[0] (.names)                                                                                      0.261    17.113
new_n109870.in[2] (.names)                                                                                         1.338    18.450
new_n109870.out[0] (.names)                                                                                        0.261    18.711
new_n109895.in[0] (.names)                                                                                         1.338    20.049
new_n109895.out[0] (.names)                                                                                        0.261    20.310
new_n109917.in[0] (.names)                                                                                         1.338    21.648
new_n109917.out[0] (.names)                                                                                        0.261    21.909
new_n109927.in[0] (.names)                                                                                         1.338    23.247
new_n109927.out[0] (.names)                                                                                        0.261    23.508
new_n109926.in[4] (.names)                                                                                         1.338    24.846
new_n109926.out[0] (.names)                                                                                        0.261    25.107
new_n109925.in[3] (.names)                                                                                         1.338    26.444
new_n109925.out[0] (.names)                                                                                        0.235    26.679
new_n109932_1.in[1] (.names)                                                                                       1.338    28.017
new_n109932_1.out[0] (.names)                                                                                      0.235    28.252
new_n109944.in[0] (.names)                                                                                         1.338    29.590
new_n109944.out[0] (.names)                                                                                        0.261    29.851
n80676.in[4] (.names)                                                                                              1.338    31.189
n80676.out[0] (.names)                                                                                             0.261    31.450
sv_chip2_hierarchy_no_mem.h_fltr_1_right.your_instance_name_f2^dout~27_FF.D[0] (.latch)                            1.338    32.787
data arrival time                                                                                                           32.787

clock sv_chip2_hierarchy_no_mem^tm3_clk_v0 (rise edge)                                                             0.000     0.000
clock source latency                                                                                               0.000     0.000
sv_chip2_hierarchy_no_mem^tm3_clk_v0.inpad[0] (.input)                                                             0.000     0.000
sv_chip2_hierarchy_no_mem.h_fltr_1_right.your_instance_name_f2^dout~27_FF.clk[0] (.latch)                          1.338     1.338
clock uncertainty                                                                                                  0.000     1.338
cell setup time                                                                                                   -0.066     1.272
data required time                                                                                                           1.272
----------------------------------------------------------------------------------------------------------------------------------
data required time                                                                                                           1.272
data arrival time                                                                                                          -32.787
----------------------------------------------------------------------------------------------------------------------------------
slack (VIOLATED)                                                                                                           -31.516


#Path 40
Startpoint: lo11096.Q[0] (.latch clocked by sv_chip2_hierarchy_no_mem^tm3_clk_v0)
Endpoint  : sv_chip2_hierarchy_no_mem.h_fltr_2_right.your_instance_name_f3^dout~27_FF.D[0] (.latch clocked by sv_chip2_hierarchy_no_mem^tm3_clk_v0)
Path Type : setup

Point                                                                                                               Incr      Path
----------------------------------------------------------------------------------------------------------------------------------
clock sv_chip2_hierarchy_no_mem^tm3_clk_v0 (rise edge)                                                             0.000     0.000
clock source latency                                                                                               0.000     0.000
sv_chip2_hierarchy_no_mem^tm3_clk_v0.inpad[0] (.input)                                                             0.000     0.000
lo11096.clk[0] (.latch)                                                                                            1.338     1.338
lo11096.Q[0] (.latch) [clock-to-output]                                                                            0.124     1.462
sv_chip2_hierarchy_no_mem.h_fltr_2_right.your_instance_name_f3^MUL~1326[0].a[0] (multiply)                         1.338     2.800
sv_chip2_hierarchy_no_mem.h_fltr_2_right.your_instance_name_f3^MUL~1326[0].out[1] (multiply)                       1.523     4.323
new_n115401.in[0] (.names)                                                                                         1.338     5.660
new_n115401.out[0] (.names)                                                                                        0.261     5.921
new_n115399_1.in[1] (.names)                                                                                       1.338     7.259
new_n115399_1.out[0] (.names)                                                                                      0.261     7.520
new_n115407.in[5] (.names)                                                                                         1.338     8.858
new_n115407.out[0] (.names)                                                                                        0.261     9.119
new_n115417.in[0] (.names)                                                                                         1.338    10.457
new_n115417.out[0] (.names)                                                                                        0.235    10.692
new_n115431.in[0] (.names)                                                                                         1.338    12.029
new_n115431.out[0] (.names)                                                                                        0.235    12.264
new_n115447.in[2] (.names)                                                                                         1.338    13.602
new_n115447.out[0] (.names)                                                                                        0.261    13.863
new_n115468_1.in[1] (.names)                                                                                       1.338    15.201
new_n115468_1.out[0] (.names)                                                                                      0.261    15.462
new_n115489_1.in[1] (.names)                                                                                       1.338    16.800
new_n115489_1.out[0] (.names)                                                                                      0.261    17.061
new_n115512.in[1] (.names)                                                                                         1.338    18.398
new_n115512.out[0] (.names)                                                                                        0.261    18.659
new_n115529.in[2] (.names)                                                                                         1.338    19.997
new_n115529.out[0] (.names)                                                                                        0.261    20.258
new_n115539.in[0] (.names)                                                                                         1.338    21.596
new_n115539.out[0] (.names)                                                                                        0.261    21.857
new_n115562.in[1] (.names)                                                                                         1.338    23.195
new_n115562.out[0] (.names)                                                                                        0.261    23.456
new_n115594.in[1] (.names)                                                                                         1.338    24.794
new_n115594.out[0] (.names)                                                                                        0.261    25.055
new_n115615.in[3] (.names)                                                                                         1.338    26.392
new_n115615.out[0] (.names)                                                                                        0.261    26.653
new_n115631.in[3] (.names)                                                                                         1.338    27.991
new_n115631.out[0] (.names)                                                                                        0.261    28.252
new_n115655.in[1] (.names)                                                                                         1.338    29.590
new_n115655.out[0] (.names)                                                                                        0.261    29.851
n97252.in[1] (.names)                                                                                              1.338    31.189
n97252.out[0] (.names)                                                                                             0.261    31.450
sv_chip2_hierarchy_no_mem.h_fltr_2_right.your_instance_name_f3^dout~27_FF.D[0] (.latch)                            1.338    32.787
data arrival time                                                                                                           32.787

clock sv_chip2_hierarchy_no_mem^tm3_clk_v0 (rise edge)                                                             0.000     0.000
clock source latency                                                                                               0.000     0.000
sv_chip2_hierarchy_no_mem^tm3_clk_v0.inpad[0] (.input)                                                             0.000     0.000
sv_chip2_hierarchy_no_mem.h_fltr_2_right.your_instance_name_f3^dout~27_FF.clk[0] (.latch)                          1.338     1.338
clock uncertainty                                                                                                  0.000     1.338
cell setup time                                                                                                   -0.066     1.272
data required time                                                                                                           1.272
----------------------------------------------------------------------------------------------------------------------------------
data required time                                                                                                           1.272
data arrival time                                                                                                          -32.787
----------------------------------------------------------------------------------------------------------------------------------
slack (VIOLATED)                                                                                                           -31.516


#Path 41
Startpoint: lo04892.Q[0] (.latch clocked by sv_chip2_hierarchy_no_mem^tm3_clk_v0)
Endpoint  : sv_chip2_hierarchy_no_mem.h_fltr_2_left.your_instance_name_h3^dout~27_FF.D[0] (.latch clocked by sv_chip2_hierarchy_no_mem^tm3_clk_v0)
Path Type : setup

Point                                                                                                             Incr      Path
--------------------------------------------------------------------------------------------------------------------------------
clock sv_chip2_hierarchy_no_mem^tm3_clk_v0 (rise edge)                                                           0.000     0.000
clock source latency                                                                                             0.000     0.000
sv_chip2_hierarchy_no_mem^tm3_clk_v0.inpad[0] (.input)                                                           0.000     0.000
lo04892.clk[0] (.latch)                                                                                          1.338     1.338
lo04892.Q[0] (.latch) [clock-to-output]                                                                          0.124     1.462
sv_chip2_hierarchy_no_mem.h_fltr_2_left.your_instance_name_h3^MUL~584[0].a[0] (multiply)                         1.338     2.800
sv_chip2_hierarchy_no_mem.h_fltr_2_left.your_instance_name_h3^MUL~584[0].out[1] (multiply)                       1.523     4.323
new_n104278.in[0] (.names)                                                                                       1.338     5.660
new_n104278.out[0] (.names)                                                                                      0.261     5.921
new_n104286.in[0] (.names)                                                                                       1.338     7.259
new_n104286.out[0] (.names)                                                                                      0.235     7.494
new_n104285_1.in[0] (.names)                                                                                     1.338     8.832
new_n104285_1.out[0] (.names)                                                                                    0.261     9.093
new_n104294_1.in[0] (.names)                                                                                     1.338    10.431
new_n104294_1.out[0] (.names)                                                                                    0.235    10.666
new_n104309_1.in[1] (.names)                                                                                     1.338    12.003
new_n104309_1.out[0] (.names)                                                                                    0.261    12.264
new_n104324_1.in[2] (.names)                                                                                     1.338    13.602
new_n104324_1.out[0] (.names)                                                                                    0.261    13.863
new_n104349_1.in[1] (.names)                                                                                     1.338    15.201
new_n104349_1.out[0] (.names)                                                                                    0.261    15.462
new_n104371.in[1] (.names)                                                                                       1.338    16.800
new_n104371.out[0] (.names)                                                                                      0.261    17.061
new_n104396.in[1] (.names)                                                                                       1.338    18.398
new_n104396.out[0] (.names)                                                                                      0.261    18.659
new_n104420_1.in[2] (.names)                                                                                     1.338    19.997
new_n104420_1.out[0] (.names)                                                                                    0.261    20.258
new_n104440_1.in[2] (.names)                                                                                     1.338    21.596
new_n104440_1.out[0] (.names)                                                                                    0.261    21.857
new_n104443.in[1] (.names)                                                                                       1.338    23.195
new_n104443.out[0] (.names)                                                                                      0.261    23.456
new_n104466.in[1] (.names)                                                                                       1.338    24.794
new_n104466.out[0] (.names)                                                                                      0.261    25.055
new_n104496.in[1] (.names)                                                                                       1.338    26.392
new_n104496.out[0] (.names)                                                                                      0.261    26.653
new_n104524_1.in[1] (.names)                                                                                     1.338    27.991
new_n104524_1.out[0] (.names)                                                                                    0.261    28.252
new_n104549_1.in[3] (.names)                                                                                     1.338    29.590
new_n104549_1.out[0] (.names)                                                                                    0.261    29.851
n65127.in[2] (.names)                                                                                            1.338    31.189
n65127.out[0] (.names)                                                                                           0.261    31.450
sv_chip2_hierarchy_no_mem.h_fltr_2_left.your_instance_name_h3^dout~27_FF.D[0] (.latch)                           1.338    32.787
data arrival time                                                                                                         32.787

clock sv_chip2_hierarchy_no_mem^tm3_clk_v0 (rise edge)                                                           0.000     0.000
clock source latency                                                                                             0.000     0.000
sv_chip2_hierarchy_no_mem^tm3_clk_v0.inpad[0] (.input)                                                           0.000     0.000
sv_chip2_hierarchy_no_mem.h_fltr_2_left.your_instance_name_h3^dout~27_FF.clk[0] (.latch)                         1.338     1.338
clock uncertainty                                                                                                0.000     1.338
cell setup time                                                                                                 -0.066     1.272
data required time                                                                                                         1.272
--------------------------------------------------------------------------------------------------------------------------------
data required time                                                                                                         1.272
data arrival time                                                                                                        -32.787
--------------------------------------------------------------------------------------------------------------------------------
slack (VIOLATED)                                                                                                         -31.516


#Path 42
Startpoint: lo00820.Q[0] (.latch clocked by sv_chip2_hierarchy_no_mem^tm3_clk_v0)
Endpoint  : sv_chip2_hierarchy_no_mem.h_fltr_1_left.your_instance_name_f3^dout~26_FF.D[0] (.latch clocked by sv_chip2_hierarchy_no_mem^tm3_clk_v0)
Path Type : setup

Point                                                                                                             Incr      Path
--------------------------------------------------------------------------------------------------------------------------------
clock sv_chip2_hierarchy_no_mem^tm3_clk_v0 (rise edge)                                                           0.000     0.000
clock source latency                                                                                             0.000     0.000
sv_chip2_hierarchy_no_mem^tm3_clk_v0.inpad[0] (.input)                                                           0.000     0.000
lo00820.clk[0] (.latch)                                                                                          1.338     1.338
lo00820.Q[0] (.latch) [clock-to-output]                                                                          0.124     1.462
sv_chip2_hierarchy_no_mem.h_fltr_1_left.your_instance_name_f3^MUL~396[0].a[0] (multiply)                         1.338     2.800
sv_chip2_hierarchy_no_mem.h_fltr_1_left.your_instance_name_f3^MUL~396[0].out[0] (multiply)                       1.523     4.323
new_n96865.in[0] (.names)                                                                                        1.338     5.660
new_n96865.out[0] (.names)                                                                                       0.261     5.921
new_n96875.in[0] (.names)                                                                                        1.338     7.259
new_n96875.out[0] (.names)                                                                                       0.235     7.494
new_n96874.in[0] (.names)                                                                                        1.338     8.832
new_n96874.out[0] (.names)                                                                                       0.261     9.093
new_n96893.in[2] (.names)                                                                                        1.338    10.431
new_n96893.out[0] (.names)                                                                                       0.261    10.692
new_n96915_1.in[1] (.names)                                                                                      1.338    12.029
new_n96915_1.out[0] (.names)                                                                                     0.261    12.290
new_n96939_1.in[1] (.names)                                                                                      1.338    13.628
new_n96939_1.out[0] (.names)                                                                                     0.261    13.889
new_n96964.in[1] (.names)                                                                                        1.338    15.227
new_n96964.out[0] (.names)                                                                                       0.261    15.488
new_n96986_1.in[2] (.names)                                                                                      1.338    16.826
new_n96986_1.out[0] (.names)                                                                                     0.261    17.087
new_n97012.in[2] (.names)                                                                                        1.338    18.424
new_n97012.out[0] (.names)                                                                                       0.261    18.685
new_n97031.in[2] (.names)                                                                                        1.338    20.023
new_n97031.out[0] (.names)                                                                                       0.261    20.284
new_n97056.in[2] (.names)                                                                                        1.338    21.622
new_n97056.out[0] (.names)                                                                                       0.261    21.883
new_n97072_1.in[2] (.names)                                                                                      1.338    23.221
new_n97072_1.out[0] (.names)                                                                                     0.261    23.482
new_n97103.in[1] (.names)                                                                                        1.338    24.820
new_n97103.out[0] (.names)                                                                                       0.261    25.081
new_n97107.in[0] (.names)                                                                                        1.338    26.418
new_n97107.out[0] (.names)                                                                                       0.261    26.679
new_n97126.in[1] (.names)                                                                                        1.338    28.017
new_n97126.out[0] (.names)                                                                                       0.261    28.278
new_n97129_1.in[2] (.names)                                                                                      1.338    29.616
new_n97129_1.out[0] (.names)                                                                                     0.235    29.851
n44124.in[1] (.names)                                                                                            1.338    31.189
n44124.out[0] (.names)                                                                                           0.235    31.424
sv_chip2_hierarchy_no_mem.h_fltr_1_left.your_instance_name_f3^dout~26_FF.D[0] (.latch)                           1.338    32.761
data arrival time                                                                                                         32.761

clock sv_chip2_hierarchy_no_mem^tm3_clk_v0 (rise edge)                                                           0.000     0.000
clock source latency                                                                                             0.000     0.000
sv_chip2_hierarchy_no_mem^tm3_clk_v0.inpad[0] (.input)                                                           0.000     0.000
sv_chip2_hierarchy_no_mem.h_fltr_1_left.your_instance_name_f3^dout~26_FF.clk[0] (.latch)                         1.338     1.338
clock uncertainty                                                                                                0.000     1.338
cell setup time                                                                                                 -0.066     1.272
data required time                                                                                                         1.272
--------------------------------------------------------------------------------------------------------------------------------
data required time                                                                                                         1.272
data arrival time                                                                                                        -32.761
--------------------------------------------------------------------------------------------------------------------------------
slack (VIOLATED)                                                                                                         -31.490


#Path 43
Startpoint: lo12205.Q[0] (.latch clocked by sv_chip2_hierarchy_no_mem^tm3_clk_v0)
Endpoint  : sv_chip2_hierarchy_no_mem.h_fltr_2_right.your_instance_name_h4^dout~26_FF.D[0] (.latch clocked by sv_chip2_hierarchy_no_mem^tm3_clk_v0)
Path Type : setup

Point                                                                                                               Incr      Path
----------------------------------------------------------------------------------------------------------------------------------
clock sv_chip2_hierarchy_no_mem^tm3_clk_v0 (rise edge)                                                             0.000     0.000
clock source latency                                                                                               0.000     0.000
sv_chip2_hierarchy_no_mem^tm3_clk_v0.inpad[0] (.input)                                                             0.000     0.000
lo12205.clk[0] (.latch)                                                                                            1.338     1.338
lo12205.Q[0] (.latch) [clock-to-output]                                                                            0.124     1.462
sv_chip2_hierarchy_no_mem.h_fltr_2_right.your_instance_name_h4^MUL~1382[0].a[0] (multiply)                         1.338     2.800
sv_chip2_hierarchy_no_mem.h_fltr_2_right.your_instance_name_h4^MUL~1382[0].out[0] (multiply)                       1.523     4.323
new_n117488_1.in[0] (.names)                                                                                       1.338     5.660
new_n117488_1.out[0] (.names)                                                                                      0.261     5.921
new_n117507.in[1] (.names)                                                                                         1.338     7.259
new_n117507.out[0] (.names)                                                                                        0.261     7.520
new_n117514_1.in[1] (.names)                                                                                       1.338     8.858
new_n117514_1.out[0] (.names)                                                                                      0.261     9.119
new_n117513_1.in[4] (.names)                                                                                       1.338    10.457
new_n117513_1.out[0] (.names)                                                                                      0.261    10.718
new_n117539_1.in[1] (.names)                                                                                       1.338    12.055
new_n117539_1.out[0] (.names)                                                                                      0.261    12.316
new_n117560.in[2] (.names)                                                                                         1.338    13.654
new_n117560.out[0] (.names)                                                                                        0.261    13.915
new_n117582.in[0] (.names)                                                                                         1.338    15.253
new_n117582.out[0] (.names)                                                                                        0.261    15.514
new_n117604_1.in[1] (.names)                                                                                       1.338    16.852
new_n117604_1.out[0] (.names)                                                                                      0.261    17.113
new_n117624_1.in[1] (.names)                                                                                       1.338    18.450
new_n117624_1.out[0] (.names)                                                                                      0.261    18.711
new_n117649_1.in[1] (.names)                                                                                       1.338    20.049
new_n117649_1.out[0] (.names)                                                                                      0.261    20.310
new_n117670.in[1] (.names)                                                                                         1.338    21.648
new_n117670.out[0] (.names)                                                                                        0.261    21.909
new_n117704_1.in[1] (.names)                                                                                       1.338    23.247
new_n117704_1.out[0] (.names)                                                                                      0.261    23.508
new_n117709_1.in[1] (.names)                                                                                       1.338    24.846
new_n117709_1.out[0] (.names)                                                                                      0.261    25.107
new_n117729_1.in[1] (.names)                                                                                       1.338    26.444
new_n117729_1.out[0] (.names)                                                                                      0.235    26.679
new_n117755.in[0] (.names)                                                                                         1.338    28.017
new_n117755.out[0] (.names)                                                                                        0.261    28.278
new_n117758_1.in[2] (.names)                                                                                       1.338    29.616
new_n117758_1.out[0] (.names)                                                                                      0.235    29.851
n102984.in[1] (.names)                                                                                             1.338    31.189
n102984.out[0] (.names)                                                                                            0.235    31.424
sv_chip2_hierarchy_no_mem.h_fltr_2_right.your_instance_name_h4^dout~26_FF.D[0] (.latch)                            1.338    32.761
data arrival time                                                                                                           32.761

clock sv_chip2_hierarchy_no_mem^tm3_clk_v0 (rise edge)                                                             0.000     0.000
clock source latency                                                                                               0.000     0.000
sv_chip2_hierarchy_no_mem^tm3_clk_v0.inpad[0] (.input)                                                             0.000     0.000
sv_chip2_hierarchy_no_mem.h_fltr_2_right.your_instance_name_h4^dout~26_FF.clk[0] (.latch)                          1.338     1.338
clock uncertainty                                                                                                  0.000     1.338
cell setup time                                                                                                   -0.066     1.272
data required time                                                                                                           1.272
----------------------------------------------------------------------------------------------------------------------------------
data required time                                                                                                           1.272
data arrival time                                                                                                          -32.761
----------------------------------------------------------------------------------------------------------------------------------
slack (VIOLATED)                                                                                                           -31.490


#Path 44
Startpoint: lo01992.Q[0] (.latch clocked by sv_chip2_hierarchy_no_mem^tm3_clk_v0)
Endpoint  : sv_chip2_hierarchy_no_mem.h_fltr_1_left.your_instance_name_h4^dout~27_FF.D[0] (.latch clocked by sv_chip2_hierarchy_no_mem^tm3_clk_v0)
Path Type : setup

Point                                                                                                             Incr      Path
--------------------------------------------------------------------------------------------------------------------------------
clock sv_chip2_hierarchy_no_mem^tm3_clk_v0 (rise edge)                                                           0.000     0.000
clock source latency                                                                                             0.000     0.000
sv_chip2_hierarchy_no_mem^tm3_clk_v0.inpad[0] (.input)                                                           0.000     0.000
lo01992.clk[0] (.latch)                                                                                          1.338     1.338
lo01992.Q[0] (.latch) [clock-to-output]                                                                          0.124     1.462
sv_chip2_hierarchy_no_mem.h_fltr_1_left.your_instance_name_h4^MUL~454[0].a[0] (multiply)                         1.338     2.800
sv_chip2_hierarchy_no_mem.h_fltr_1_left.your_instance_name_h4^MUL~454[0].out[1] (multiply)                       1.523     4.323
new_n99059.in[0] (.names)                                                                                        1.338     5.660
new_n99059.out[0] (.names)                                                                                       0.261     5.921
new_n99087.in[0] (.names)                                                                                        1.338     7.259
new_n99087.out[0] (.names)                                                                                       0.235     7.494
new_n99111_1.in[0] (.names)                                                                                      1.338     8.832
new_n99111_1.out[0] (.names)                                                                                     0.261     9.093
new_n99134.in[2] (.names)                                                                                        1.338    10.431
new_n99134.out[0] (.names)                                                                                       0.261    10.692
new_n99144.in[0] (.names)                                                                                        1.338    12.029
new_n99144.out[0] (.names)                                                                                       0.261    12.290
new_n99143.in[4] (.names)                                                                                        1.338    13.628
new_n99143.out[0] (.names)                                                                                       0.261    13.889
new_n99150_1.in[3] (.names)                                                                                      1.338    15.227
new_n99150_1.out[0] (.names)                                                                                     0.261    15.488
new_n99165_1.in[0] (.names)                                                                                      1.338    16.826
new_n99165_1.out[0] (.names)                                                                                     0.261    17.087
new_n99187.in[2] (.names)                                                                                        1.338    18.424
new_n99187.out[0] (.names)                                                                                       0.261    18.685
new_n99204.in[2] (.names)                                                                                        1.338    20.023
new_n99204.out[0] (.names)                                                                                       0.261    20.284
new_n99228.in[1] (.names)                                                                                        1.338    21.622
new_n99228.out[0] (.names)                                                                                       0.261    21.883
new_n99254.in[1] (.names)                                                                                        1.338    23.221
new_n99254.out[0] (.names)                                                                                       0.261    23.482
new_n99277.in[2] (.names)                                                                                        1.338    24.820
new_n99277.out[0] (.names)                                                                                       0.261    25.081
new_n99301_1.in[2] (.names)                                                                                      1.338    26.418
new_n99301_1.out[0] (.names)                                                                                     0.261    26.679
new_n99306_1.in[1] (.names)                                                                                      1.338    28.017
new_n99306_1.out[0] (.names)                                                                                     0.261    28.278
new_n99317.in[1] (.names)                                                                                        1.338    29.616
new_n99317.out[0] (.names)                                                                                       0.235    29.851
n50178.in[1] (.names)                                                                                            1.338    31.189
n50178.out[0] (.names)                                                                                           0.235    31.424
sv_chip2_hierarchy_no_mem.h_fltr_1_left.your_instance_name_h4^dout~27_FF.D[0] (.latch)                           1.338    32.761
data arrival time                                                                                                         32.761

clock sv_chip2_hierarchy_no_mem^tm3_clk_v0 (rise edge)                                                           0.000     0.000
clock source latency                                                                                             0.000     0.000
sv_chip2_hierarchy_no_mem^tm3_clk_v0.inpad[0] (.input)                                                           0.000     0.000
sv_chip2_hierarchy_no_mem.h_fltr_1_left.your_instance_name_h4^dout~27_FF.clk[0] (.latch)                         1.338     1.338
clock uncertainty                                                                                                0.000     1.338
cell setup time                                                                                                 -0.066     1.272
data required time                                                                                                         1.272
--------------------------------------------------------------------------------------------------------------------------------
data required time                                                                                                         1.272
data arrival time                                                                                                        -32.761
--------------------------------------------------------------------------------------------------------------------------------
slack (VIOLATED)                                                                                                         -31.490


#Path 45
Startpoint: lo01992.Q[0] (.latch clocked by sv_chip2_hierarchy_no_mem^tm3_clk_v0)
Endpoint  : sv_chip2_hierarchy_no_mem.h_fltr_1_left.your_instance_name_h4^dout~26_FF.D[0] (.latch clocked by sv_chip2_hierarchy_no_mem^tm3_clk_v0)
Path Type : setup

Point                                                                                                             Incr      Path
--------------------------------------------------------------------------------------------------------------------------------
clock sv_chip2_hierarchy_no_mem^tm3_clk_v0 (rise edge)                                                           0.000     0.000
clock source latency                                                                                             0.000     0.000
sv_chip2_hierarchy_no_mem^tm3_clk_v0.inpad[0] (.input)                                                           0.000     0.000
lo01992.clk[0] (.latch)                                                                                          1.338     1.338
lo01992.Q[0] (.latch) [clock-to-output]                                                                          0.124     1.462
sv_chip2_hierarchy_no_mem.h_fltr_1_left.your_instance_name_h4^MUL~454[0].a[0] (multiply)                         1.338     2.800
sv_chip2_hierarchy_no_mem.h_fltr_1_left.your_instance_name_h4^MUL~454[0].out[0] (multiply)                       1.523     4.323
new_n99048_1.in[0] (.names)                                                                                      1.338     5.660
new_n99048_1.out[0] (.names)                                                                                     0.261     5.921
new_n99058_1.in[0] (.names)                                                                                      1.338     7.259
new_n99058_1.out[0] (.names)                                                                                     0.261     7.520
new_n99056.in[3] (.names)                                                                                        1.338     8.858
new_n99056.out[0] (.names)                                                                                       0.261     9.119
new_n99070.in[4] (.names)                                                                                        1.338    10.457
new_n99070.out[0] (.names)                                                                                       0.261    10.718
new_n99082.in[3] (.names)                                                                                        1.338    12.055
new_n99082.out[0] (.names)                                                                                       0.261    12.316
new_n99115_1.in[1] (.names)                                                                                      1.338    13.654
new_n99115_1.out[0] (.names)                                                                                     0.261    13.915
new_n99136_1.in[3] (.names)                                                                                      1.338    15.253
new_n99136_1.out[0] (.names)                                                                                     0.261    15.514
new_n99158.in[3] (.names)                                                                                        1.338    16.852
new_n99158.out[0] (.names)                                                                                       0.261    17.113
new_n99179.in[3] (.names)                                                                                        1.338    18.450
new_n99179.out[0] (.names)                                                                                       0.261    18.711
new_n99190_1.in[3] (.names)                                                                                      1.338    20.049
new_n99190_1.out[0] (.names)                                                                                     0.261    20.310
new_n99224.in[1] (.names)                                                                                        1.338    21.648
new_n99224.out[0] (.names)                                                                                       0.261    21.909
new_n99233.in[0] (.names)                                                                                        1.338    23.247
new_n99233.out[0] (.names)                                                                                       0.235    23.482
new_n99248.in[3] (.names)                                                                                        1.338    24.820
new_n99248.out[0] (.names)                                                                                       0.261    25.081
new_n99278.in[1] (.names)                                                                                        1.338    26.418
new_n99278.out[0] (.names)                                                                                       0.261    26.679
new_n99302.in[3] (.names)                                                                                        1.338    28.017
new_n99302.out[0] (.names)                                                                                       0.261    28.278
new_n99305_1.in[2] (.names)                                                                                      1.338    29.616
new_n99305_1.out[0] (.names)                                                                                     0.235    29.851
n50163.in[1] (.names)                                                                                            1.338    31.189
n50163.out[0] (.names)                                                                                           0.235    31.424
sv_chip2_hierarchy_no_mem.h_fltr_1_left.your_instance_name_h4^dout~26_FF.D[0] (.latch)                           1.338    32.761
data arrival time                                                                                                         32.761

clock sv_chip2_hierarchy_no_mem^tm3_clk_v0 (rise edge)                                                           0.000     0.000
clock source latency                                                                                             0.000     0.000
sv_chip2_hierarchy_no_mem^tm3_clk_v0.inpad[0] (.input)                                                           0.000     0.000
sv_chip2_hierarchy_no_mem.h_fltr_1_left.your_instance_name_h4^dout~26_FF.clk[0] (.latch)                         1.338     1.338
clock uncertainty                                                                                                0.000     1.338
cell setup time                                                                                                 -0.066     1.272
data required time                                                                                                         1.272
--------------------------------------------------------------------------------------------------------------------------------
data required time                                                                                                         1.272
data arrival time                                                                                                        -32.761
--------------------------------------------------------------------------------------------------------------------------------
slack (VIOLATED)                                                                                                         -31.490


#Path 46
Startpoint: lo05988.Q[0] (.latch clocked by sv_chip2_hierarchy_no_mem^tm3_clk_v0)
Endpoint  : sv_chip2_hierarchy_no_mem.h_fltr_4_left.your_instance_name_f3^dout~27_FF.D[0] (.latch clocked by sv_chip2_hierarchy_no_mem^tm3_clk_v0)
Path Type : setup

Point                                                                                                             Incr      Path
--------------------------------------------------------------------------------------------------------------------------------
clock sv_chip2_hierarchy_no_mem^tm3_clk_v0 (rise edge)                                                           0.000     0.000
clock source latency                                                                                             0.000     0.000
sv_chip2_hierarchy_no_mem^tm3_clk_v0.inpad[0] (.input)                                                           0.000     0.000
lo05988.clk[0] (.latch)                                                                                          1.338     1.338
lo05988.Q[0] (.latch) [clock-to-output]                                                                          0.124     1.462
sv_chip2_hierarchy_no_mem.h_fltr_4_left.your_instance_name_f3^MUL~680[0].a[0] (multiply)                         1.338     2.800
sv_chip2_hierarchy_no_mem.h_fltr_4_left.your_instance_name_f3^MUL~680[0].out[1] (multiply)                       1.523     4.323
new_n106225.in[0] (.names)                                                                                       1.338     5.660
new_n106225.out[0] (.names)                                                                                      0.261     5.921
new_n106254.in[0] (.names)                                                                                       1.338     7.259
new_n106254.out[0] (.names)                                                                                      0.261     7.520
new_n106277.in[2] (.names)                                                                                       1.338     8.858
new_n106277.out[0] (.names)                                                                                      0.261     9.119
new_n106313_1.in[0] (.names)                                                                                     1.338    10.457
new_n106313_1.out[0] (.names)                                                                                    0.261    10.718
new_n106328.in[0] (.names)                                                                                       1.338    12.055
new_n106328.out[0] (.names)                                                                                      0.261    12.316
new_n106339_1.in[5] (.names)                                                                                     1.338    13.654
new_n106339_1.out[0] (.names)                                                                                    0.261    13.915
new_n106349_1.in[0] (.names)                                                                                     1.338    15.253
new_n106349_1.out[0] (.names)                                                                                    0.261    15.514
new_n106358_1.in[5] (.names)                                                                                     1.338    16.852
new_n106358_1.out[0] (.names)                                                                                    0.261    17.113
new_n106397.in[1] (.names)                                                                                       1.338    18.450
new_n106397.out[0] (.names)                                                                                      0.261    18.711
new_n106437.in[0] (.names)                                                                                       1.338    20.049
new_n106437.out[0] (.names)                                                                                      0.261    20.310
new_n106473.in[0] (.names)                                                                                       1.338    21.648
new_n106473.out[0] (.names)                                                                                      0.261    21.909
new_n106472.in[5] (.names)                                                                                       1.338    23.247
new_n106472.out[0] (.names)                                                                                      0.261    23.508
new_n106489_1.in[0] (.names)                                                                                     1.338    24.846
new_n106489_1.out[0] (.names)                                                                                    0.261    25.107
new_n106520_1.in[1] (.names)                                                                                     1.338    26.444
new_n106520_1.out[0] (.names)                                                                                    0.261    26.705
new_n106514_1.in[3] (.names)                                                                                     1.338    28.043
new_n106514_1.out[0] (.names)                                                                                    0.235    28.278
new_n106524_1.in[0] (.names)                                                                                     1.338    29.616
new_n106524_1.out[0] (.names)                                                                                    0.235    29.851
n70789.in[2] (.names)                                                                                            1.338    31.189
n70789.out[0] (.names)                                                                                           0.235    31.424
sv_chip2_hierarchy_no_mem.h_fltr_4_left.your_instance_name_f3^dout~27_FF.D[0] (.latch)                           1.338    32.761
data arrival time                                                                                                         32.761

clock sv_chip2_hierarchy_no_mem^tm3_clk_v0 (rise edge)                                                           0.000     0.000
clock source latency                                                                                             0.000     0.000
sv_chip2_hierarchy_no_mem^tm3_clk_v0.inpad[0] (.input)                                                           0.000     0.000
sv_chip2_hierarchy_no_mem.h_fltr_4_left.your_instance_name_f3^dout~27_FF.clk[0] (.latch)                         1.338     1.338
clock uncertainty                                                                                                0.000     1.338
cell setup time                                                                                                 -0.066     1.272
data required time                                                                                                         1.272
--------------------------------------------------------------------------------------------------------------------------------
data required time                                                                                                         1.272
data arrival time                                                                                                        -32.761
--------------------------------------------------------------------------------------------------------------------------------
slack (VIOLATED)                                                                                                         -31.490


#Path 47
Startpoint: lo07098.Q[0] (.latch clocked by sv_chip2_hierarchy_no_mem^tm3_clk_v0)
Endpoint  : sv_chip2_hierarchy_no_mem.h_fltr_4_left.your_instance_name_h4^dout~26_FF.D[0] (.latch clocked by sv_chip2_hierarchy_no_mem^tm3_clk_v0)
Path Type : setup

Point                                                                                                             Incr      Path
--------------------------------------------------------------------------------------------------------------------------------
clock sv_chip2_hierarchy_no_mem^tm3_clk_v0 (rise edge)                                                           0.000     0.000
clock source latency                                                                                             0.000     0.000
sv_chip2_hierarchy_no_mem^tm3_clk_v0.inpad[0] (.input)                                                           0.000     0.000
lo07098.clk[0] (.latch)                                                                                          1.338     1.338
lo07098.Q[0] (.latch) [clock-to-output]                                                                          0.124     1.462
sv_chip2_hierarchy_no_mem.h_fltr_4_left.your_instance_name_h4^MUL~738[0].a[0] (multiply)                         1.338     2.800
sv_chip2_hierarchy_no_mem.h_fltr_4_left.your_instance_name_h4^MUL~738[0].out[0] (multiply)                       1.523     4.323
new_n108341_1.in[0] (.names)                                                                                     1.338     5.660
new_n108341_1.out[0] (.names)                                                                                    0.261     5.921
new_n108351_1.in[0] (.names)                                                                                     1.338     7.259
new_n108351_1.out[0] (.names)                                                                                    0.261     7.520
new_n108349.in[3] (.names)                                                                                       1.338     8.858
new_n108349.out[0] (.names)                                                                                      0.261     9.119
new_n108356_1.in[4] (.names)                                                                                     1.338    10.457
new_n108356_1.out[0] (.names)                                                                                    0.261    10.718
new_n108374_1.in[1] (.names)                                                                                     1.338    12.055
new_n108374_1.out[0] (.names)                                                                                    0.261    12.316
new_n108395.in[1] (.names)                                                                                       1.338    13.654
new_n108395.out[0] (.names)                                                                                      0.261    13.915
new_n108418_1.in[1] (.names)                                                                                     1.338    15.253
new_n108418_1.out[0] (.names)                                                                                    0.261    15.514
new_n108448.in[1] (.names)                                                                                       1.338    16.852
new_n108448.out[0] (.names)                                                                                      0.261    17.113
new_n108458.in[3] (.names)                                                                                       1.338    18.450
new_n108458.out[0] (.names)                                                                                      0.261    18.711
new_n108479_1.in[1] (.names)                                                                                     1.338    20.049
new_n108479_1.out[0] (.names)                                                                                    0.261    20.310
new_n108512_1.in[1] (.names)                                                                                     1.338    21.648
new_n108512_1.out[0] (.names)                                                                                    0.261    21.909
new_n108534.in[3] (.names)                                                                                       1.338    23.247
new_n108534.out[0] (.names)                                                                                      0.261    23.508
new_n108557.in[3] (.names)                                                                                       1.338    24.846
new_n108557.out[0] (.names)                                                                                      0.261    25.107
new_n108576.in[3] (.names)                                                                                       1.338    26.444
new_n108576.out[0] (.names)                                                                                      0.261    26.705
new_n108594_1.in[0] (.names)                                                                                     1.338    28.043
new_n108594_1.out[0] (.names)                                                                                    0.235    28.278
new_n108598_1.in[0] (.names)                                                                                     1.338    29.616
new_n108598_1.out[0] (.names)                                                                                    0.235    29.851
n76521.in[1] (.names)                                                                                            1.338    31.189
n76521.out[0] (.names)                                                                                           0.235    31.424
sv_chip2_hierarchy_no_mem.h_fltr_4_left.your_instance_name_h4^dout~26_FF.D[0] (.latch)                           1.338    32.761
data arrival time                                                                                                         32.761

clock sv_chip2_hierarchy_no_mem^tm3_clk_v0 (rise edge)                                                           0.000     0.000
clock source latency                                                                                             0.000     0.000
sv_chip2_hierarchy_no_mem^tm3_clk_v0.inpad[0] (.input)                                                           0.000     0.000
sv_chip2_hierarchy_no_mem.h_fltr_4_left.your_instance_name_h4^dout~26_FF.clk[0] (.latch)                         1.338     1.338
clock uncertainty                                                                                                0.000     1.338
cell setup time                                                                                                 -0.066     1.272
data required time                                                                                                         1.272
--------------------------------------------------------------------------------------------------------------------------------
data required time                                                                                                         1.272
data arrival time                                                                                                        -32.761
--------------------------------------------------------------------------------------------------------------------------------
slack (VIOLATED)                                                                                                         -31.490


#Path 48
Startpoint: lo10785.Q[0] (.latch clocked by sv_chip2_hierarchy_no_mem^tm3_clk_v0)
Endpoint  : sv_chip2_hierarchy_no_mem.h_fltr_2_right.your_instance_name_f1^dout~25_FF.D[0] (.latch clocked by sv_chip2_hierarchy_no_mem^tm3_clk_v0)
Path Type : setup

Point                                                                                                               Incr      Path
----------------------------------------------------------------------------------------------------------------------------------
clock sv_chip2_hierarchy_no_mem^tm3_clk_v0 (rise edge)                                                             0.000     0.000
clock source latency                                                                                               0.000     0.000
sv_chip2_hierarchy_no_mem^tm3_clk_v0.inpad[0] (.input)                                                             0.000     0.000
lo10785.clk[0] (.latch)                                                                                            1.338     1.338
lo10785.Q[0] (.latch) [clock-to-output]                                                                            0.124     1.462
sv_chip2_hierarchy_no_mem.h_fltr_2_right.your_instance_name_f1^MUL~1292[0].a[0] (multiply)                         1.338     2.800
sv_chip2_hierarchy_no_mem.h_fltr_2_right.your_instance_name_f1^MUL~1292[0].out[1] (multiply)                       1.523     4.323
new_n114805.in[0] (.names)                                                                                         1.338     5.660
new_n114805.out[0] (.names)                                                                                        0.261     5.921
new_n114841_1.in[0] (.names)                                                                                       1.338     7.259
new_n114841_1.out[0] (.names)                                                                                      0.261     7.520
new_n114853.in[0] (.names)                                                                                         1.338     8.858
new_n114853.out[0] (.names)                                                                                        0.261     9.119
new_n114852.in[3] (.names)                                                                                         1.338    10.457
new_n114852.out[0] (.names)                                                                                        0.261    10.718
new_n114863.in[5] (.names)                                                                                         1.338    12.055
new_n114863.out[0] (.names)                                                                                        0.261    12.316
new_n114875.in[5] (.names)                                                                                         1.338    13.654
new_n114875.out[0] (.names)                                                                                        0.261    13.915
new_n114899.in[1] (.names)                                                                                         1.338    15.253
new_n114899.out[0] (.names)                                                                                        0.261    15.514
new_n114933.in[1] (.names)                                                                                         1.338    16.852
new_n114933.out[0] (.names)                                                                                        0.261    17.113
new_n114938.in[1] (.names)                                                                                         1.338    18.450
new_n114938.out[0] (.names)                                                                                        0.261    18.711
new_n114966.in[1] (.names)                                                                                         1.338    20.049
new_n114966.out[0] (.names)                                                                                        0.261    20.310
new_n115008.in[1] (.names)                                                                                         1.338    21.648
new_n115008.out[0] (.names)                                                                                        0.261    21.909
new_n115040.in[3] (.names)                                                                                         1.338    23.247
new_n115040.out[0] (.names)                                                                                        0.261    23.508
new_n115026.in[1] (.names)                                                                                         1.338    24.846
new_n115026.out[0] (.names)                                                                                        0.235    25.081
new_n115057.in[1] (.names)                                                                                         1.338    26.418
new_n115057.out[0] (.names)                                                                                        0.261    26.679
new_n115101_1.in[1] (.names)                                                                                       1.338    28.017
new_n115101_1.out[0] (.names)                                                                                      0.261    28.278
new_n115104.in[2] (.names)                                                                                         1.338    29.616
new_n115104.out[0] (.names)                                                                                        0.235    29.851
n95556.in[1] (.names)                                                                                              1.338    31.189
n95556.out[0] (.names)                                                                                             0.235    31.424
sv_chip2_hierarchy_no_mem.h_fltr_2_right.your_instance_name_f1^dout~25_FF.D[0] (.latch)                            1.338    32.761
data arrival time                                                                                                           32.761

clock sv_chip2_hierarchy_no_mem^tm3_clk_v0 (rise edge)                                                             0.000     0.000
clock source latency                                                                                               0.000     0.000
sv_chip2_hierarchy_no_mem^tm3_clk_v0.inpad[0] (.input)                                                             0.000     0.000
sv_chip2_hierarchy_no_mem.h_fltr_2_right.your_instance_name_f1^dout~25_FF.clk[0] (.latch)                          1.338     1.338
clock uncertainty                                                                                                  0.000     1.338
cell setup time                                                                                                   -0.066     1.272
data required time                                                                                                           1.272
----------------------------------------------------------------------------------------------------------------------------------
data required time                                                                                                           1.272
data arrival time                                                                                                          -32.761
----------------------------------------------------------------------------------------------------------------------------------
slack (VIOLATED)                                                                                                           -31.490


#Path 49
Startpoint: lo10785.Q[0] (.latch clocked by sv_chip2_hierarchy_no_mem^tm3_clk_v0)
Endpoint  : sv_chip2_hierarchy_no_mem.h_fltr_2_right.your_instance_name_f1^dout~26_FF.D[0] (.latch clocked by sv_chip2_hierarchy_no_mem^tm3_clk_v0)
Path Type : setup

Point                                                                                                               Incr      Path
----------------------------------------------------------------------------------------------------------------------------------
clock sv_chip2_hierarchy_no_mem^tm3_clk_v0 (rise edge)                                                             0.000     0.000
clock source latency                                                                                               0.000     0.000
sv_chip2_hierarchy_no_mem^tm3_clk_v0.inpad[0] (.input)                                                             0.000     0.000
lo10785.clk[0] (.latch)                                                                                            1.338     1.338
lo10785.Q[0] (.latch) [clock-to-output]                                                                            0.124     1.462
sv_chip2_hierarchy_no_mem.h_fltr_2_right.your_instance_name_f1^MUL~1292[0].a[0] (multiply)                         1.338     2.800
sv_chip2_hierarchy_no_mem.h_fltr_2_right.your_instance_name_f1^MUL~1292[0].out[1] (multiply)                       1.523     4.323
new_n114805.in[0] (.names)                                                                                         1.338     5.660
new_n114805.out[0] (.names)                                                                                        0.261     5.921
new_n114841_1.in[0] (.names)                                                                                       1.338     7.259
new_n114841_1.out[0] (.names)                                                                                      0.261     7.520
new_n114853.in[0] (.names)                                                                                         1.338     8.858
new_n114853.out[0] (.names)                                                                                        0.261     9.119
new_n114852.in[3] (.names)                                                                                         1.338    10.457
new_n114852.out[0] (.names)                                                                                        0.261    10.718
new_n114863.in[5] (.names)                                                                                         1.338    12.055
new_n114863.out[0] (.names)                                                                                        0.261    12.316
new_n114891.in[0] (.names)                                                                                         1.338    13.654
new_n114891.out[0] (.names)                                                                                        0.261    13.915
new_n114919_1.in[0] (.names)                                                                                       1.338    15.253
new_n114919_1.out[0] (.names)                                                                                      0.261    15.514
new_n114954.in[2] (.names)                                                                                         1.338    16.852
new_n114954.out[0] (.names)                                                                                        0.261    17.113
new_n114994.in[2] (.names)                                                                                         1.338    18.450
new_n114994.out[0] (.names)                                                                                        0.261    18.711
new_n115031.in[2] (.names)                                                                                         1.338    20.049
new_n115031.out[0] (.names)                                                                                        0.261    20.310
new_n115052.in[0] (.names)                                                                                         1.338    21.648
new_n115052.out[0] (.names)                                                                                        0.261    21.909
new_n115061.in[5] (.names)                                                                                         1.338    23.247
new_n115061.out[0] (.names)                                                                                        0.261    23.508
new_n115090.in[1] (.names)                                                                                         1.338    24.846
new_n115090.out[0] (.names)                                                                                        0.261    25.107
new_n115107.in[0] (.names)                                                                                         1.338    26.444
new_n115107.out[0] (.names)                                                                                        0.261    26.705
new_n115105_1.in[3] (.names)                                                                                       1.338    28.043
new_n115105_1.out[0] (.names)                                                                                      0.235    28.278
new_n115124.in[1] (.names)                                                                                         1.338    29.616
new_n115124.out[0] (.names)                                                                                        0.235    29.851
n95575.in[2] (.names)                                                                                              1.338    31.189
n95575.out[0] (.names)                                                                                             0.235    31.424
sv_chip2_hierarchy_no_mem.h_fltr_2_right.your_instance_name_f1^dout~26_FF.D[0] (.latch)                            1.338    32.761
data arrival time                                                                                                           32.761

clock sv_chip2_hierarchy_no_mem^tm3_clk_v0 (rise edge)                                                             0.000     0.000
clock source latency                                                                                               0.000     0.000
sv_chip2_hierarchy_no_mem^tm3_clk_v0.inpad[0] (.input)                                                             0.000     0.000
sv_chip2_hierarchy_no_mem.h_fltr_2_right.your_instance_name_f1^dout~26_FF.clk[0] (.latch)                          1.338     1.338
clock uncertainty                                                                                                  0.000     1.338
cell setup time                                                                                                   -0.066     1.272
data required time                                                                                                           1.272
----------------------------------------------------------------------------------------------------------------------------------
data required time                                                                                                           1.272
data arrival time                                                                                                          -32.761
----------------------------------------------------------------------------------------------------------------------------------
slack (VIOLATED)                                                                                                           -31.490


#Path 50
Startpoint: lo00510.Q[0] (.latch clocked by sv_chip2_hierarchy_no_mem^tm3_clk_v0)
Endpoint  : sv_chip2_hierarchy_no_mem.h_fltr_1_left.your_instance_name_f1^dout~25_FF.D[0] (.latch clocked by sv_chip2_hierarchy_no_mem^tm3_clk_v0)
Path Type : setup

Point                                                                                                             Incr      Path
--------------------------------------------------------------------------------------------------------------------------------
clock sv_chip2_hierarchy_no_mem^tm3_clk_v0 (rise edge)                                                           0.000     0.000
clock source latency                                                                                             0.000     0.000
sv_chip2_hierarchy_no_mem^tm3_clk_v0.inpad[0] (.input)                                                           0.000     0.000
lo00510.clk[0] (.latch)                                                                                          1.338     1.338
lo00510.Q[0] (.latch) [clock-to-output]                                                                          0.124     1.462
sv_chip2_hierarchy_no_mem.h_fltr_1_left.your_instance_name_f1^MUL~364[0].a[0] (multiply)                         1.338     2.800
sv_chip2_hierarchy_no_mem.h_fltr_1_left.your_instance_name_f1^MUL~364[0].out[1] (multiply)                       1.523     4.323
new_n96261.in[0] (.names)                                                                                        1.338     5.660
new_n96261.out[0] (.names)                                                                                       0.261     5.921
new_n96295_1.in[0] (.names)                                                                                      1.338     7.259
new_n96295_1.out[0] (.names)                                                                                     0.261     7.520
new_n96311_1.in[0] (.names)                                                                                      1.338     8.858
new_n96311_1.out[0] (.names)                                                                                     0.261     9.119
new_n96310_1.in[3] (.names)                                                                                      1.338    10.457
new_n96310_1.out[0] (.names)                                                                                     0.261    10.718
new_n96323.in[5] (.names)                                                                                        1.338    12.055
new_n96323.out[0] (.names)                                                                                       0.261    12.316
new_n96336_1.in[4] (.names)                                                                                      1.338    13.654
new_n96336_1.out[0] (.names)                                                                                     0.261    13.915
new_n96359.in[2] (.names)                                                                                        1.338    15.253
new_n96359.out[0] (.names)                                                                                       0.261    15.514
new_n96393_1.in[1] (.names)                                                                                      1.338    16.852
new_n96393_1.out[0] (.names)                                                                                     0.261    17.113
new_n96398_1.in[1] (.names)                                                                                      1.338    18.450
new_n96398_1.out[0] (.names)                                                                                     0.261    18.711
new_n96438_1.in[1] (.names)                                                                                      1.338    20.049
new_n96438_1.out[0] (.names)                                                                                     0.261    20.310
new_n96470_1.in[3] (.names)                                                                                      1.338    21.648
new_n96470_1.out[0] (.names)                                                                                     0.261    21.909
new_n96502.in[3] (.names)                                                                                        1.338    23.247
new_n96502.out[0] (.names)                                                                                       0.261    23.508
new_n96537.in[3] (.names)                                                                                        1.338    24.846
new_n96537.out[0] (.names)                                                                                       0.261    25.107
new_n96538.in[2] (.names)                                                                                        1.338    26.444
new_n96538.out[0] (.names)                                                                                       0.235    26.679
new_n96559_1.in[0] (.names)                                                                                      1.338    28.017
new_n96559_1.out[0] (.names)                                                                                     0.261    28.278
new_n96574_1.in[0] (.names)                                                                                      1.338    29.616
new_n96574_1.out[0] (.names)                                                                                     0.235    29.851
n42447.in[1] (.names)                                                                                            1.338    31.189
n42447.out[0] (.names)                                                                                           0.235    31.424
sv_chip2_hierarchy_no_mem.h_fltr_1_left.your_instance_name_f1^dout~25_FF.D[0] (.latch)                           1.338    32.761
data arrival time                                                                                                         32.761

clock sv_chip2_hierarchy_no_mem^tm3_clk_v0 (rise edge)                                                           0.000     0.000
clock source latency                                                                                             0.000     0.000
sv_chip2_hierarchy_no_mem^tm3_clk_v0.inpad[0] (.input)                                                           0.000     0.000
sv_chip2_hierarchy_no_mem.h_fltr_1_left.your_instance_name_f1^dout~25_FF.clk[0] (.latch)                         1.338     1.338
clock uncertainty                                                                                                0.000     1.338
cell setup time                                                                                                 -0.066     1.272
data required time                                                                                                         1.272
--------------------------------------------------------------------------------------------------------------------------------
data required time                                                                                                         1.272
data arrival time                                                                                                        -32.761
--------------------------------------------------------------------------------------------------------------------------------
slack (VIOLATED)                                                                                                         -31.490


#Path 51
Startpoint: lo05231.Q[0] (.latch clocked by sv_chip2_hierarchy_no_mem^tm3_clk_v0)
Endpoint  : sv_chip2_hierarchy_no_mem.h_fltr_4_left.your_instance_name_f2^dout~27_FF.D[0] (.latch clocked by sv_chip2_hierarchy_no_mem^tm3_clk_v0)
Path Type : setup

Point                                                                                                             Incr      Path
--------------------------------------------------------------------------------------------------------------------------------
clock sv_chip2_hierarchy_no_mem^tm3_clk_v0 (rise edge)                                                           0.000     0.000
clock source latency                                                                                             0.000     0.000
sv_chip2_hierarchy_no_mem^tm3_clk_v0.inpad[0] (.input)                                                           0.000     0.000
lo05231.clk[0] (.latch)                                                                                          1.338     1.338
lo05231.Q[0] (.latch) [clock-to-output]                                                                          0.124     1.462
sv_chip2_hierarchy_no_mem.h_fltr_4_left.your_instance_name_f2^MUL~664[0].a[0] (multiply)                         1.338     2.800
sv_chip2_hierarchy_no_mem.h_fltr_4_left.your_instance_name_f2^MUL~664[0].out[3] (multiply)                       1.523     4.323
new_n105033.in[0] (.names)                                                                                       1.338     5.660
new_n105033.out[0] (.names)                                                                                      0.261     5.921
new_n105044.in[0] (.names)                                                                                       1.338     7.259
new_n105044.out[0] (.names)                                                                                      0.261     7.520
new_n105056.in[5] (.names)                                                                                       1.338     8.858
new_n105056.out[0] (.names)                                                                                      0.261     9.119
new_n105080.in[1] (.names)                                                                                       1.338    10.457
new_n105080.out[0] (.names)                                                                                      0.261    10.718
new_n105108.in[0] (.names)                                                                                       1.338    12.055
new_n105108.out[0] (.names)                                                                                      0.261    12.316
new_n105153.in[1] (.names)                                                                                       1.338    13.654
new_n105153.out[0] (.names)                                                                                      0.261    13.915
new_n105183.in[1] (.names)                                                                                       1.338    15.253
new_n105183.out[0] (.names)                                                                                      0.261    15.514
new_n105212.in[3] (.names)                                                                                       1.338    16.852
new_n105212.out[0] (.names)                                                                                      0.235    17.087
new_n105238.in[2] (.names)                                                                                       1.338    18.424
new_n105238.out[0] (.names)                                                                                      0.261    18.685
new_n105249.in[3] (.names)                                                                                       1.338    20.023
new_n105249.out[0] (.names)                                                                                      0.261    20.284
new_n105259.in[0] (.names)                                                                                       1.338    21.622
new_n105259.out[0] (.names)                                                                                      0.261    21.883
new_n105281.in[0] (.names)                                                                                       1.338    23.221
new_n105281.out[0] (.names)                                                                                      0.261    23.482
new_n105293.in[0] (.names)                                                                                       1.338    24.820
new_n105293.out[0] (.names)                                                                                      0.261    25.081
new_n105292_1.in[3] (.names)                                                                                     1.338    26.418
new_n105292_1.out[0] (.names)                                                                                    0.235    26.653
new_n105310_1.in[1] (.names)                                                                                     1.338    27.991
new_n105310_1.out[0] (.names)                                                                                    0.235    28.226
new_n105313.in[1] (.names)                                                                                       1.338    29.564
new_n105313.out[0] (.names)                                                                                      0.261    29.825
n67392.in[4] (.names)                                                                                            1.338    31.163
n67392.out[0] (.names)                                                                                           0.261    31.424
sv_chip2_hierarchy_no_mem.h_fltr_4_left.your_instance_name_f2^dout~27_FF.D[0] (.latch)                           1.338    32.761
data arrival time                                                                                                         32.761

clock sv_chip2_hierarchy_no_mem^tm3_clk_v0 (rise edge)                                                           0.000     0.000
clock source latency                                                                                             0.000     0.000
sv_chip2_hierarchy_no_mem^tm3_clk_v0.inpad[0] (.input)                                                           0.000     0.000
sv_chip2_hierarchy_no_mem.h_fltr_4_left.your_instance_name_f2^dout~27_FF.clk[0] (.latch)                         1.338     1.338
clock uncertainty                                                                                                0.000     1.338
cell setup time                                                                                                 -0.066     1.272
data required time                                                                                                         1.272
--------------------------------------------------------------------------------------------------------------------------------
data required time                                                                                                         1.272
data arrival time                                                                                                        -32.761
--------------------------------------------------------------------------------------------------------------------------------
slack (VIOLATED)                                                                                                         -31.490


#Path 52
Startpoint: lo06792.Q[0] (.latch clocked by sv_chip2_hierarchy_no_mem^tm3_clk_v0)
Endpoint  : sv_chip2_hierarchy_no_mem.h_fltr_4_left.your_instance_name_h1^dout~26_FF.D[0] (.latch clocked by sv_chip2_hierarchy_no_mem^tm3_clk_v0)
Path Type : setup

Point                                                                                                             Incr      Path
--------------------------------------------------------------------------------------------------------------------------------
clock sv_chip2_hierarchy_no_mem^tm3_clk_v0 (rise edge)                                                           0.000     0.000
clock source latency                                                                                             0.000     0.000
sv_chip2_hierarchy_no_mem^tm3_clk_v0.inpad[0] (.input)                                                           0.000     0.000
lo06792.clk[0] (.latch)                                                                                          1.338     1.338
lo06792.Q[0] (.latch) [clock-to-output]                                                                          0.124     1.462
sv_chip2_hierarchy_no_mem.h_fltr_4_left.your_instance_name_h1^MUL~696[0].a[0] (multiply)                         1.338     2.800
sv_chip2_hierarchy_no_mem.h_fltr_4_left.your_instance_name_h1^MUL~696[0].out[1] (multiply)                       1.523     4.323
new_n107728.in[0] (.names)                                                                                       1.338     5.660
new_n107728.out[0] (.names)                                                                                      0.261     5.921
new_n107773.in[0] (.names)                                                                                       1.338     7.259
new_n107773.out[0] (.names)                                                                                      0.235     7.494
new_n107772_1.in[0] (.names)                                                                                     1.338     8.832
new_n107772_1.out[0] (.names)                                                                                    0.261     9.093
new_n107783.in[0] (.names)                                                                                       1.338    10.431
new_n107783.out[0] (.names)                                                                                      0.235    10.666
new_n107797_1.in[1] (.names)                                                                                     1.338    12.003
new_n107797_1.out[0] (.names)                                                                                    0.261    12.264
new_n107813.in[3] (.names)                                                                                       1.338    13.602
new_n107813.out[0] (.names)                                                                                      0.261    13.863
new_n107834_1.in[1] (.names)                                                                                     1.338    15.201
new_n107834_1.out[0] (.names)                                                                                    0.261    15.462
new_n107855_1.in[1] (.names)                                                                                     1.338    16.800
new_n107855_1.out[0] (.names)                                                                                    0.261    17.061
new_n107876.in[1] (.names)                                                                                       1.338    18.398
new_n107876.out[0] (.names)                                                                                      0.261    18.659
new_n107904.in[1] (.names)                                                                                       1.338    19.997
new_n107904.out[0] (.names)                                                                                      0.261    20.258
new_n107920_1.in[2] (.names)                                                                                     1.338    21.596
new_n107920_1.out[0] (.names)                                                                                    0.261    21.857
new_n107948.in[1] (.names)                                                                                       1.338    23.195
new_n107948.out[0] (.names)                                                                                      0.261    23.456
new_n107966_1.in[3] (.names)                                                                                     1.338    24.794
new_n107966_1.out[0] (.names)                                                                                    0.261    25.055
new_n107975_1.in[0] (.names)                                                                                     1.338    26.392
new_n107975_1.out[0] (.names)                                                                                    0.261    26.653
new_n108006_1.in[1] (.names)                                                                                     1.338    27.991
new_n108006_1.out[0] (.names)                                                                                    0.261    28.252
new_n108030_1.in[3] (.names)                                                                                     1.338    29.590
new_n108030_1.out[0] (.names)                                                                                    0.261    29.851
n74838.in[1] (.names)                                                                                            1.338    31.189
n74838.out[0] (.names)                                                                                           0.235    31.424
sv_chip2_hierarchy_no_mem.h_fltr_4_left.your_instance_name_h1^dout~26_FF.D[0] (.latch)                           1.338    32.761
data arrival time                                                                                                         32.761

clock sv_chip2_hierarchy_no_mem^tm3_clk_v0 (rise edge)                                                           0.000     0.000
clock source latency                                                                                             0.000     0.000
sv_chip2_hierarchy_no_mem^tm3_clk_v0.inpad[0] (.input)                                                           0.000     0.000
sv_chip2_hierarchy_no_mem.h_fltr_4_left.your_instance_name_h1^dout~26_FF.clk[0] (.latch)                         1.338     1.338
clock uncertainty                                                                                                0.000     1.338
cell setup time                                                                                                 -0.066     1.272
data required time                                                                                                         1.272
--------------------------------------------------------------------------------------------------------------------------------
data required time                                                                                                         1.272
data arrival time                                                                                                        -32.761
--------------------------------------------------------------------------------------------------------------------------------
slack (VIOLATED)                                                                                                         -31.490


#Path 53
Startpoint: lo06792.Q[0] (.latch clocked by sv_chip2_hierarchy_no_mem^tm3_clk_v0)
Endpoint  : sv_chip2_hierarchy_no_mem.h_fltr_4_left.your_instance_name_h1^dout~25_FF.D[0] (.latch clocked by sv_chip2_hierarchy_no_mem^tm3_clk_v0)
Path Type : setup

Point                                                                                                             Incr      Path
--------------------------------------------------------------------------------------------------------------------------------
clock sv_chip2_hierarchy_no_mem^tm3_clk_v0 (rise edge)                                                           0.000     0.000
clock source latency                                                                                             0.000     0.000
sv_chip2_hierarchy_no_mem^tm3_clk_v0.inpad[0] (.input)                                                           0.000     0.000
lo06792.clk[0] (.latch)                                                                                          1.338     1.338
lo06792.Q[0] (.latch) [clock-to-output]                                                                          0.124     1.462
sv_chip2_hierarchy_no_mem.h_fltr_4_left.your_instance_name_h1^MUL~696[0].a[0] (multiply)                         1.338     2.800
sv_chip2_hierarchy_no_mem.h_fltr_4_left.your_instance_name_h1^MUL~696[0].out[1] (multiply)                       1.523     4.323
new_n107728.in[0] (.names)                                                                                       1.338     5.660
new_n107728.out[0] (.names)                                                                                      0.261     5.921
new_n107773.in[0] (.names)                                                                                       1.338     7.259
new_n107773.out[0] (.names)                                                                                      0.235     7.494
new_n107772_1.in[0] (.names)                                                                                     1.338     8.832
new_n107772_1.out[0] (.names)                                                                                    0.261     9.093
new_n107783.in[0] (.names)                                                                                       1.338    10.431
new_n107783.out[0] (.names)                                                                                      0.235    10.666
new_n107797_1.in[1] (.names)                                                                                     1.338    12.003
new_n107797_1.out[0] (.names)                                                                                    0.261    12.264
new_n107813.in[3] (.names)                                                                                       1.338    13.602
new_n107813.out[0] (.names)                                                                                      0.261    13.863
new_n107834_1.in[1] (.names)                                                                                     1.338    15.201
new_n107834_1.out[0] (.names)                                                                                    0.261    15.462
new_n107855_1.in[1] (.names)                                                                                     1.338    16.800
new_n107855_1.out[0] (.names)                                                                                    0.261    17.061
new_n107876.in[1] (.names)                                                                                       1.338    18.398
new_n107876.out[0] (.names)                                                                                      0.261    18.659
new_n107904.in[1] (.names)                                                                                       1.338    19.997
new_n107904.out[0] (.names)                                                                                      0.261    20.258
new_n107920_1.in[2] (.names)                                                                                     1.338    21.596
new_n107920_1.out[0] (.names)                                                                                    0.261    21.857
new_n107948.in[1] (.names)                                                                                       1.338    23.195
new_n107948.out[0] (.names)                                                                                      0.261    23.456
new_n107966_1.in[3] (.names)                                                                                     1.338    24.794
new_n107966_1.out[0] (.names)                                                                                    0.261    25.055
new_n107975_1.in[0] (.names)                                                                                     1.338    26.392
new_n107975_1.out[0] (.names)                                                                                    0.261    26.653
new_n108006_1.in[1] (.names)                                                                                     1.338    27.991
new_n108006_1.out[0] (.names)                                                                                    0.261    28.252
new_n108009.in[2] (.names)                                                                                       1.338    29.590
new_n108009.out[0] (.names)                                                                                      0.235    29.825
n74823.in[1] (.names)                                                                                            1.338    31.163
n74823.out[0] (.names)                                                                                           0.261    31.424
sv_chip2_hierarchy_no_mem.h_fltr_4_left.your_instance_name_h1^dout~25_FF.D[0] (.latch)                           1.338    32.761
data arrival time                                                                                                         32.761

clock sv_chip2_hierarchy_no_mem^tm3_clk_v0 (rise edge)                                                           0.000     0.000
clock source latency                                                                                             0.000     0.000
sv_chip2_hierarchy_no_mem^tm3_clk_v0.inpad[0] (.input)                                                           0.000     0.000
sv_chip2_hierarchy_no_mem.h_fltr_4_left.your_instance_name_h1^dout~25_FF.clk[0] (.latch)                         1.338     1.338
clock uncertainty                                                                                                0.000     1.338
cell setup time                                                                                                 -0.066     1.272
data required time                                                                                                         1.272
--------------------------------------------------------------------------------------------------------------------------------
data required time                                                                                                         1.272
data arrival time                                                                                                        -32.761
--------------------------------------------------------------------------------------------------------------------------------
slack (VIOLATED)                                                                                                         -31.490


#Path 54
Startpoint: lo09346.Q[0] (.latch clocked by sv_chip2_hierarchy_no_mem^tm3_clk_v0)
Endpoint  : sv_chip2_hierarchy_no_mem.h_fltr_1_right.your_instance_name_h1^dout~26_FF.D[0] (.latch clocked by sv_chip2_hierarchy_no_mem^tm3_clk_v0)
Path Type : setup

Point                                                                                                               Incr      Path
----------------------------------------------------------------------------------------------------------------------------------
clock sv_chip2_hierarchy_no_mem^tm3_clk_v0 (rise edge)                                                             0.000     0.000
clock source latency                                                                                               0.000     0.000
sv_chip2_hierarchy_no_mem^tm3_clk_v0.inpad[0] (.input)                                                             0.000     0.000
lo09346.clk[0] (.latch)                                                                                            1.338     1.338
lo09346.Q[0] (.latch) [clock-to-output]                                                                            0.124     1.462
sv_chip2_hierarchy_no_mem.h_fltr_1_right.your_instance_name_h1^MUL~1198[0].a[0] (multiply)                         1.338     2.800
sv_chip2_hierarchy_no_mem.h_fltr_1_right.your_instance_name_h1^MUL~1198[0].out[1] (multiply)                       1.523     4.323
new_n112305_1.in[0] (.names)                                                                                       1.338     5.660
new_n112305_1.out[0] (.names)                                                                                      0.261     5.921
new_n112347.in[0] (.names)                                                                                         1.338     7.259
new_n112347.out[0] (.names)                                                                                        0.235     7.494
new_n112346.in[0] (.names)                                                                                         1.338     8.832
new_n112346.out[0] (.names)                                                                                        0.261     9.093
new_n112356.in[0] (.names)                                                                                         1.338    10.431
new_n112356.out[0] (.names)                                                                                        0.235    10.666
new_n112370_1.in[1] (.names)                                                                                       1.338    12.003
new_n112370_1.out[0] (.names)                                                                                      0.261    12.264
new_n112385_1.in[3] (.names)                                                                                       1.338    13.602
new_n112385_1.out[0] (.names)                                                                                      0.261    13.863
new_n112412.in[1] (.names)                                                                                         1.338    15.201
new_n112412.out[0] (.names)                                                                                        0.261    15.462
new_n112429_1.in[2] (.names)                                                                                       1.338    16.800
new_n112429_1.out[0] (.names)                                                                                      0.261    17.061
new_n112449_1.in[1] (.names)                                                                                       1.338    18.398
new_n112449_1.out[0] (.names)                                                                                      0.261    18.659
new_n112469_1.in[1] (.names)                                                                                       1.338    19.997
new_n112469_1.out[0] (.names)                                                                                      0.261    20.258
new_n112493.in[1] (.names)                                                                                         1.338    21.596
new_n112493.out[0] (.names)                                                                                        0.261    21.857
new_n112513.in[1] (.names)                                                                                         1.338    23.195
new_n112513.out[0] (.names)                                                                                        0.261    23.456
new_n112541.in[1] (.names)                                                                                         1.338    24.794
new_n112541.out[0] (.names)                                                                                        0.261    25.055
new_n112558.in[2] (.names)                                                                                         1.338    26.392
new_n112558.out[0] (.names)                                                                                        0.261    26.653
new_n112569_1.in[0] (.names)                                                                                       1.338    27.991
new_n112569_1.out[0] (.names)                                                                                      0.261    28.252
new_n112598.in[1] (.names)                                                                                         1.338    29.590
new_n112598.out[0] (.names)                                                                                        0.261    29.851
n88122.in[2] (.names)                                                                                              1.338    31.189
n88122.out[0] (.names)                                                                                             0.235    31.424
sv_chip2_hierarchy_no_mem.h_fltr_1_right.your_instance_name_h1^dout~26_FF.D[0] (.latch)                            1.338    32.761
data arrival time                                                                                                           32.761

clock sv_chip2_hierarchy_no_mem^tm3_clk_v0 (rise edge)                                                             0.000     0.000
clock source latency                                                                                               0.000     0.000
sv_chip2_hierarchy_no_mem^tm3_clk_v0.inpad[0] (.input)                                                             0.000     0.000
sv_chip2_hierarchy_no_mem.h_fltr_1_right.your_instance_name_h1^dout~26_FF.clk[0] (.latch)                          1.338     1.338
clock uncertainty                                                                                                  0.000     1.338
cell setup time                                                                                                   -0.066     1.272
data required time                                                                                                           1.272
----------------------------------------------------------------------------------------------------------------------------------
data required time                                                                                                           1.272
data arrival time                                                                                                          -32.761
----------------------------------------------------------------------------------------------------------------------------------
slack (VIOLATED)                                                                                                           -31.490


#Path 55
Startpoint: lo04892.Q[0] (.latch clocked by sv_chip2_hierarchy_no_mem^tm3_clk_v0)
Endpoint  : sv_chip2_hierarchy_no_mem.h_fltr_2_left.your_instance_name_h3^dout~26_FF.D[0] (.latch clocked by sv_chip2_hierarchy_no_mem^tm3_clk_v0)
Path Type : setup

Point                                                                                                             Incr      Path
--------------------------------------------------------------------------------------------------------------------------------
clock sv_chip2_hierarchy_no_mem^tm3_clk_v0 (rise edge)                                                           0.000     0.000
clock source latency                                                                                             0.000     0.000
sv_chip2_hierarchy_no_mem^tm3_clk_v0.inpad[0] (.input)                                                           0.000     0.000
lo04892.clk[0] (.latch)                                                                                          1.338     1.338
lo04892.Q[0] (.latch) [clock-to-output]                                                                          0.124     1.462
sv_chip2_hierarchy_no_mem.h_fltr_2_left.your_instance_name_h3^MUL~584[0].a[0] (multiply)                         1.338     2.800
sv_chip2_hierarchy_no_mem.h_fltr_2_left.your_instance_name_h3^MUL~584[0].out[1] (multiply)                       1.523     4.323
new_n104278.in[0] (.names)                                                                                       1.338     5.660
new_n104278.out[0] (.names)                                                                                      0.261     5.921
new_n104286.in[0] (.names)                                                                                       1.338     7.259
new_n104286.out[0] (.names)                                                                                      0.235     7.494
new_n104285_1.in[0] (.names)                                                                                     1.338     8.832
new_n104285_1.out[0] (.names)                                                                                    0.261     9.093
new_n104294_1.in[0] (.names)                                                                                     1.338    10.431
new_n104294_1.out[0] (.names)                                                                                    0.235    10.666
new_n104309_1.in[1] (.names)                                                                                     1.338    12.003
new_n104309_1.out[0] (.names)                                                                                    0.261    12.264
new_n104324_1.in[2] (.names)                                                                                     1.338    13.602
new_n104324_1.out[0] (.names)                                                                                    0.261    13.863
new_n104349_1.in[1] (.names)                                                                                     1.338    15.201
new_n104349_1.out[0] (.names)                                                                                    0.261    15.462
new_n104371.in[1] (.names)                                                                                       1.338    16.800
new_n104371.out[0] (.names)                                                                                      0.261    17.061
new_n104396.in[1] (.names)                                                                                       1.338    18.398
new_n104396.out[0] (.names)                                                                                      0.261    18.659
new_n104420_1.in[2] (.names)                                                                                     1.338    19.997
new_n104420_1.out[0] (.names)                                                                                    0.261    20.258
new_n104440_1.in[2] (.names)                                                                                     1.338    21.596
new_n104440_1.out[0] (.names)                                                                                    0.261    21.857
new_n104443.in[1] (.names)                                                                                       1.338    23.195
new_n104443.out[0] (.names)                                                                                      0.261    23.456
new_n104466.in[1] (.names)                                                                                       1.338    24.794
new_n104466.out[0] (.names)                                                                                      0.261    25.055
new_n104496.in[1] (.names)                                                                                       1.338    26.392
new_n104496.out[0] (.names)                                                                                      0.261    26.653
new_n104524_1.in[1] (.names)                                                                                     1.338    27.991
new_n104524_1.out[0] (.names)                                                                                    0.261    28.252
new_n104549_1.in[3] (.names)                                                                                     1.338    29.590
new_n104549_1.out[0] (.names)                                                                                    0.261    29.851
n65112.in[1] (.names)                                                                                            1.338    31.189
n65112.out[0] (.names)                                                                                           0.235    31.424
sv_chip2_hierarchy_no_mem.h_fltr_2_left.your_instance_name_h3^dout~26_FF.D[0] (.latch)                           1.338    32.761
data arrival time                                                                                                         32.761

clock sv_chip2_hierarchy_no_mem^tm3_clk_v0 (rise edge)                                                           0.000     0.000
clock source latency                                                                                             0.000     0.000
sv_chip2_hierarchy_no_mem^tm3_clk_v0.inpad[0] (.input)                                                           0.000     0.000
sv_chip2_hierarchy_no_mem.h_fltr_2_left.your_instance_name_h3^dout~26_FF.clk[0] (.latch)                         1.338     1.338
clock uncertainty                                                                                                0.000     1.338
cell setup time                                                                                                 -0.066     1.272
data required time                                                                                                         1.272
--------------------------------------------------------------------------------------------------------------------------------
data required time                                                                                                         1.272
data arrival time                                                                                                        -32.761
--------------------------------------------------------------------------------------------------------------------------------
slack (VIOLATED)                                                                                                         -31.490


#Path 56
Startpoint: lo04892.Q[0] (.latch clocked by sv_chip2_hierarchy_no_mem^tm3_clk_v0)
Endpoint  : sv_chip2_hierarchy_no_mem.h_fltr_2_left.your_instance_name_h3^dout~25_FF.D[0] (.latch clocked by sv_chip2_hierarchy_no_mem^tm3_clk_v0)
Path Type : setup

Point                                                                                                             Incr      Path
--------------------------------------------------------------------------------------------------------------------------------
clock sv_chip2_hierarchy_no_mem^tm3_clk_v0 (rise edge)                                                           0.000     0.000
clock source latency                                                                                             0.000     0.000
sv_chip2_hierarchy_no_mem^tm3_clk_v0.inpad[0] (.input)                                                           0.000     0.000
lo04892.clk[0] (.latch)                                                                                          1.338     1.338
lo04892.Q[0] (.latch) [clock-to-output]                                                                          0.124     1.462
sv_chip2_hierarchy_no_mem.h_fltr_2_left.your_instance_name_h3^MUL~584[0].a[0] (multiply)                         1.338     2.800
sv_chip2_hierarchy_no_mem.h_fltr_2_left.your_instance_name_h3^MUL~584[0].out[1] (multiply)                       1.523     4.323
new_n104278.in[0] (.names)                                                                                       1.338     5.660
new_n104278.out[0] (.names)                                                                                      0.261     5.921
new_n104286.in[0] (.names)                                                                                       1.338     7.259
new_n104286.out[0] (.names)                                                                                      0.235     7.494
new_n104285_1.in[0] (.names)                                                                                     1.338     8.832
new_n104285_1.out[0] (.names)                                                                                    0.261     9.093
new_n104294_1.in[0] (.names)                                                                                     1.338    10.431
new_n104294_1.out[0] (.names)                                                                                    0.235    10.666
new_n104309_1.in[1] (.names)                                                                                     1.338    12.003
new_n104309_1.out[0] (.names)                                                                                    0.261    12.264
new_n104324_1.in[2] (.names)                                                                                     1.338    13.602
new_n104324_1.out[0] (.names)                                                                                    0.261    13.863
new_n104349_1.in[1] (.names)                                                                                     1.338    15.201
new_n104349_1.out[0] (.names)                                                                                    0.261    15.462
new_n104371.in[1] (.names)                                                                                       1.338    16.800
new_n104371.out[0] (.names)                                                                                      0.261    17.061
new_n104396.in[1] (.names)                                                                                       1.338    18.398
new_n104396.out[0] (.names)                                                                                      0.261    18.659
new_n104420_1.in[2] (.names)                                                                                     1.338    19.997
new_n104420_1.out[0] (.names)                                                                                    0.261    20.258
new_n104440_1.in[2] (.names)                                                                                     1.338    21.596
new_n104440_1.out[0] (.names)                                                                                    0.261    21.857
new_n104443.in[1] (.names)                                                                                       1.338    23.195
new_n104443.out[0] (.names)                                                                                      0.261    23.456
new_n104466.in[1] (.names)                                                                                       1.338    24.794
new_n104466.out[0] (.names)                                                                                      0.261    25.055
new_n104496.in[1] (.names)                                                                                       1.338    26.392
new_n104496.out[0] (.names)                                                                                      0.261    26.653
new_n104524_1.in[1] (.names)                                                                                     1.338    27.991
new_n104524_1.out[0] (.names)                                                                                    0.261    28.252
new_n104527.in[2] (.names)                                                                                       1.338    29.590
new_n104527.out[0] (.names)                                                                                      0.235    29.825
n65097.in[1] (.names)                                                                                            1.338    31.163
n65097.out[0] (.names)                                                                                           0.261    31.424
sv_chip2_hierarchy_no_mem.h_fltr_2_left.your_instance_name_h3^dout~25_FF.D[0] (.latch)                           1.338    32.761
data arrival time                                                                                                         32.761

clock sv_chip2_hierarchy_no_mem^tm3_clk_v0 (rise edge)                                                           0.000     0.000
clock source latency                                                                                             0.000     0.000
sv_chip2_hierarchy_no_mem^tm3_clk_v0.inpad[0] (.input)                                                           0.000     0.000
sv_chip2_hierarchy_no_mem.h_fltr_2_left.your_instance_name_h3^dout~25_FF.clk[0] (.latch)                         1.338     1.338
clock uncertainty                                                                                                0.000     1.338
cell setup time                                                                                                 -0.066     1.272
data required time                                                                                                         1.272
--------------------------------------------------------------------------------------------------------------------------------
data required time                                                                                                         1.272
data arrival time                                                                                                        -32.761
--------------------------------------------------------------------------------------------------------------------------------
slack (VIOLATED)                                                                                                         -31.490


#Path 57
Startpoint: lo04239.Q[0] (.latch clocked by sv_chip2_hierarchy_no_mem^tm3_clk_v0)
Endpoint  : sv_chip2_hierarchy_no_mem.h_fltr_2_left.your_instance_name_h1^dout~26_FF.D[0] (.latch clocked by sv_chip2_hierarchy_no_mem^tm3_clk_v0)
Path Type : setup

Point                                                                                                             Incr      Path
--------------------------------------------------------------------------------------------------------------------------------
clock sv_chip2_hierarchy_no_mem^tm3_clk_v0 (rise edge)                                                           0.000     0.000
clock source latency                                                                                             0.000     0.000
sv_chip2_hierarchy_no_mem^tm3_clk_v0.inpad[0] (.input)                                                           0.000     0.000
lo04239.clk[0] (.latch)                                                                                          1.338     1.338
lo04239.Q[0] (.latch) [clock-to-output]                                                                          0.124     1.462
sv_chip2_hierarchy_no_mem.h_fltr_2_left.your_instance_name_h1^MUL~554[0].a[0] (multiply)                         1.338     2.800
sv_chip2_hierarchy_no_mem.h_fltr_2_left.your_instance_name_h1^MUL~554[0].out[1] (multiply)                       1.523     4.323
new_n103057.in[0] (.names)                                                                                       1.338     5.660
new_n103057.out[0] (.names)                                                                                      0.261     5.921
new_n103106.in[0] (.names)                                                                                       1.338     7.259
new_n103106.out[0] (.names)                                                                                      0.235     7.494
new_n103105.in[0] (.names)                                                                                       1.338     8.832
new_n103105.out[0] (.names)                                                                                      0.261     9.093
new_n103112_1.in[0] (.names)                                                                                     1.338    10.431
new_n103112_1.out[0] (.names)                                                                                    0.235    10.666
new_n103127.in[2] (.names)                                                                                       1.338    12.003
new_n103127.out[0] (.names)                                                                                      0.261    12.264
new_n103147.in[3] (.names)                                                                                       1.338    13.602
new_n103147.out[0] (.names)                                                                                      0.261    13.863
new_n103168.in[3] (.names)                                                                                       1.338    15.201
new_n103168.out[0] (.names)                                                                                      0.261    15.462
new_n103188.in[3] (.names)                                                                                       1.338    16.800
new_n103188.out[0] (.names)                                                                                      0.261    17.061
new_n103208.in[3] (.names)                                                                                       1.338    18.398
new_n103208.out[0] (.names)                                                                                      0.261    18.659
new_n103232.in[3] (.names)                                                                                       1.338    19.997
new_n103232.out[0] (.names)                                                                                      0.261    20.258
new_n103253.in[3] (.names)                                                                                       1.338    21.596
new_n103253.out[0] (.names)                                                                                      0.261    21.857
new_n103271.in[3] (.names)                                                                                       1.338    23.195
new_n103271.out[0] (.names)                                                                                      0.261    23.456
new_n103299.in[1] (.names)                                                                                       1.338    24.794
new_n103299.out[0] (.names)                                                                                      0.261    25.055
new_n103326_1.in[3] (.names)                                                                                     1.338    26.392
new_n103326_1.out[0] (.names)                                                                                    0.261    26.653
new_n103329.in[1] (.names)                                                                                       1.338    27.991
new_n103329.out[0] (.names)                                                                                      0.261    28.252
new_n103359.in[1] (.names)                                                                                       1.338    29.590
new_n103359.out[0] (.names)                                                                                      0.261    29.851
n61659.in[1] (.names)                                                                                            1.338    31.189
n61659.out[0] (.names)                                                                                           0.235    31.424
sv_chip2_hierarchy_no_mem.h_fltr_2_left.your_instance_name_h1^dout~26_FF.D[0] (.latch)                           1.338    32.761
data arrival time                                                                                                         32.761

clock sv_chip2_hierarchy_no_mem^tm3_clk_v0 (rise edge)                                                           0.000     0.000
clock source latency                                                                                             0.000     0.000
sv_chip2_hierarchy_no_mem^tm3_clk_v0.inpad[0] (.input)                                                           0.000     0.000
sv_chip2_hierarchy_no_mem.h_fltr_2_left.your_instance_name_h1^dout~26_FF.clk[0] (.latch)                         1.338     1.338
clock uncertainty                                                                                                0.000     1.338
cell setup time                                                                                                 -0.066     1.272
data required time                                                                                                         1.272
--------------------------------------------------------------------------------------------------------------------------------
data required time                                                                                                         1.272
data arrival time                                                                                                        -32.761
--------------------------------------------------------------------------------------------------------------------------------
slack (VIOLATED)                                                                                                         -31.490


#Path 58
Startpoint: lo04239.Q[0] (.latch clocked by sv_chip2_hierarchy_no_mem^tm3_clk_v0)
Endpoint  : sv_chip2_hierarchy_no_mem.h_fltr_2_left.your_instance_name_h1^dout~25_FF.D[0] (.latch clocked by sv_chip2_hierarchy_no_mem^tm3_clk_v0)
Path Type : setup

Point                                                                                                             Incr      Path
--------------------------------------------------------------------------------------------------------------------------------
clock sv_chip2_hierarchy_no_mem^tm3_clk_v0 (rise edge)                                                           0.000     0.000
clock source latency                                                                                             0.000     0.000
sv_chip2_hierarchy_no_mem^tm3_clk_v0.inpad[0] (.input)                                                           0.000     0.000
lo04239.clk[0] (.latch)                                                                                          1.338     1.338
lo04239.Q[0] (.latch) [clock-to-output]                                                                          0.124     1.462
sv_chip2_hierarchy_no_mem.h_fltr_2_left.your_instance_name_h1^MUL~554[0].a[0] (multiply)                         1.338     2.800
sv_chip2_hierarchy_no_mem.h_fltr_2_left.your_instance_name_h1^MUL~554[0].out[1] (multiply)                       1.523     4.323
new_n103057.in[0] (.names)                                                                                       1.338     5.660
new_n103057.out[0] (.names)                                                                                      0.261     5.921
new_n103106.in[0] (.names)                                                                                       1.338     7.259
new_n103106.out[0] (.names)                                                                                      0.235     7.494
new_n103105.in[0] (.names)                                                                                       1.338     8.832
new_n103105.out[0] (.names)                                                                                      0.261     9.093
new_n103112_1.in[0] (.names)                                                                                     1.338    10.431
new_n103112_1.out[0] (.names)                                                                                    0.235    10.666
new_n103127.in[2] (.names)                                                                                       1.338    12.003
new_n103127.out[0] (.names)                                                                                      0.261    12.264
new_n103147.in[3] (.names)                                                                                       1.338    13.602
new_n103147.out[0] (.names)                                                                                      0.261    13.863
new_n103168.in[3] (.names)                                                                                       1.338    15.201
new_n103168.out[0] (.names)                                                                                      0.261    15.462
new_n103188.in[3] (.names)                                                                                       1.338    16.800
new_n103188.out[0] (.names)                                                                                      0.261    17.061
new_n103208.in[3] (.names)                                                                                       1.338    18.398
new_n103208.out[0] (.names)                                                                                      0.261    18.659
new_n103232.in[3] (.names)                                                                                       1.338    19.997
new_n103232.out[0] (.names)                                                                                      0.261    20.258
new_n103253.in[3] (.names)                                                                                       1.338    21.596
new_n103253.out[0] (.names)                                                                                      0.261    21.857
new_n103271.in[3] (.names)                                                                                       1.338    23.195
new_n103271.out[0] (.names)                                                                                      0.261    23.456
new_n103299.in[1] (.names)                                                                                       1.338    24.794
new_n103299.out[0] (.names)                                                                                      0.261    25.055
new_n103326_1.in[3] (.names)                                                                                     1.338    26.392
new_n103326_1.out[0] (.names)                                                                                    0.261    26.653
new_n103329.in[1] (.names)                                                                                       1.338    27.991
new_n103329.out[0] (.names)                                                                                      0.261    28.252
new_n103341.in[0] (.names)                                                                                       1.338    29.590
new_n103341.out[0] (.names)                                                                                      0.235    29.825
n61644.in[1] (.names)                                                                                            1.338    31.163
n61644.out[0] (.names)                                                                                           0.261    31.424
sv_chip2_hierarchy_no_mem.h_fltr_2_left.your_instance_name_h1^dout~25_FF.D[0] (.latch)                           1.338    32.761
data arrival time                                                                                                         32.761

clock sv_chip2_hierarchy_no_mem^tm3_clk_v0 (rise edge)                                                           0.000     0.000
clock source latency                                                                                             0.000     0.000
sv_chip2_hierarchy_no_mem^tm3_clk_v0.inpad[0] (.input)                                                           0.000     0.000
sv_chip2_hierarchy_no_mem.h_fltr_2_left.your_instance_name_h1^dout~25_FF.clk[0] (.latch)                         1.338     1.338
clock uncertainty                                                                                                0.000     1.338
cell setup time                                                                                                 -0.066     1.272
data required time                                                                                                         1.272
--------------------------------------------------------------------------------------------------------------------------------
data required time                                                                                                         1.272
data arrival time                                                                                                        -32.761
--------------------------------------------------------------------------------------------------------------------------------
slack (VIOLATED)                                                                                                         -31.490


#Path 59
Startpoint: lo03786.Q[0] (.latch clocked by sv_chip2_hierarchy_no_mem^tm3_clk_v0)
Endpoint  : sv_chip2_hierarchy_no_mem.h_fltr_2_left.your_instance_name_h2^dout~27_FF.D[0] (.latch clocked by sv_chip2_hierarchy_no_mem^tm3_clk_v0)
Path Type : setup

Point                                                                                                             Incr      Path
--------------------------------------------------------------------------------------------------------------------------------
clock sv_chip2_hierarchy_no_mem^tm3_clk_v0 (rise edge)                                                           0.000     0.000
clock source latency                                                                                             0.000     0.000
sv_chip2_hierarchy_no_mem^tm3_clk_v0.inpad[0] (.input)                                                           0.000     0.000
lo03786.clk[0] (.latch)                                                                                          1.338     1.338
lo03786.Q[0] (.latch) [clock-to-output]                                                                          0.124     1.462
sv_chip2_hierarchy_no_mem.h_fltr_2_left.your_instance_name_h2^MUL~570[0].a[0] (multiply)                         1.338     2.800
sv_chip2_hierarchy_no_mem.h_fltr_2_left.your_instance_name_h2^MUL~570[0].out[1] (multiply)                       1.523     4.323
new_n102138_1.in[0] (.names)                                                                                     1.338     5.660
new_n102138_1.out[0] (.names)                                                                                    0.261     5.921
new_n102485_1.in[0] (.names)                                                                                     1.338     7.259
new_n102485_1.out[0] (.names)                                                                                    0.261     7.520
new_n102510_1.in[3] (.names)                                                                                     1.338     8.858
new_n102510_1.out[0] (.names)                                                                                    0.261     9.119
new_n102517.in[1] (.names)                                                                                       1.338    10.457
new_n102517.out[0] (.names)                                                                                      0.261    10.718
new_n102516.in[0] (.names)                                                                                       1.338    12.055
new_n102516.out[0] (.names)                                                                                      0.235    12.290
new_n102515_1.in[0] (.names)                                                                                     1.338    13.628
new_n102515_1.out[0] (.names)                                                                                    0.235    13.863
new_n102528.in[4] (.names)                                                                                       1.338    15.201
new_n102528.out[0] (.names)                                                                                      0.261    15.462
new_n102553.in[1] (.names)                                                                                       1.338    16.800
new_n102553.out[0] (.names)                                                                                      0.261    17.061
new_n102580_1.in[1] (.names)                                                                                     1.338    18.398
new_n102580_1.out[0] (.names)                                                                                    0.261    18.659
new_n102607.in[1] (.names)                                                                                       1.338    19.997
new_n102607.out[0] (.names)                                                                                      0.261    20.258
new_n102634_1.in[1] (.names)                                                                                     1.338    21.596
new_n102634_1.out[0] (.names)                                                                                    0.261    21.857
new_n102662.in[1] (.names)                                                                                       1.338    23.195
new_n102662.out[0] (.names)                                                                                      0.261    23.456
new_n102677.in[2] (.names)                                                                                       1.338    24.794
new_n102677.out[0] (.names)                                                                                      0.261    25.055
new_n102726.in[5] (.names)                                                                                       1.338    26.392
new_n102726.out[0] (.names)                                                                                      0.261    26.653
new_n102750_1.in[5] (.names)                                                                                     1.338    27.991
new_n102750_1.out[0] (.names)                                                                                    0.261    28.252
new_n102771.in[4] (.names)                                                                                       1.338    29.590
new_n102771.out[0] (.names)                                                                                      0.235    29.825
n59938.in[1] (.names)                                                                                            1.338    31.163
n59938.out[0] (.names)                                                                                           0.261    31.424
sv_chip2_hierarchy_no_mem.h_fltr_2_left.your_instance_name_h2^dout~27_FF.D[0] (.latch)                           1.338    32.761
data arrival time                                                                                                         32.761

clock sv_chip2_hierarchy_no_mem^tm3_clk_v0 (rise edge)                                                           0.000     0.000
clock source latency                                                                                             0.000     0.000
sv_chip2_hierarchy_no_mem^tm3_clk_v0.inpad[0] (.input)                                                           0.000     0.000
sv_chip2_hierarchy_no_mem.h_fltr_2_left.your_instance_name_h2^dout~27_FF.clk[0] (.latch)                         1.338     1.338
clock uncertainty                                                                                                0.000     1.338
cell setup time                                                                                                 -0.066     1.272
data required time                                                                                                         1.272
--------------------------------------------------------------------------------------------------------------------------------
data required time                                                                                                         1.272
data arrival time                                                                                                        -32.761
--------------------------------------------------------------------------------------------------------------------------------
slack (VIOLATED)                                                                                                         -31.490


#Path 60
Startpoint: lo11096.Q[0] (.latch clocked by sv_chip2_hierarchy_no_mem^tm3_clk_v0)
Endpoint  : sv_chip2_hierarchy_no_mem.h_fltr_2_right.your_instance_name_f3^dout~25_FF.D[0] (.latch clocked by sv_chip2_hierarchy_no_mem^tm3_clk_v0)
Path Type : setup

Point                                                                                                               Incr      Path
----------------------------------------------------------------------------------------------------------------------------------
clock sv_chip2_hierarchy_no_mem^tm3_clk_v0 (rise edge)                                                             0.000     0.000
clock source latency                                                                                               0.000     0.000
sv_chip2_hierarchy_no_mem^tm3_clk_v0.inpad[0] (.input)                                                             0.000     0.000
lo11096.clk[0] (.latch)                                                                                            1.338     1.338
lo11096.Q[0] (.latch) [clock-to-output]                                                                            0.124     1.462
sv_chip2_hierarchy_no_mem.h_fltr_2_right.your_instance_name_f3^MUL~1326[0].a[0] (multiply)                         1.338     2.800
sv_chip2_hierarchy_no_mem.h_fltr_2_right.your_instance_name_f3^MUL~1326[0].out[1] (multiply)                       1.523     4.323
new_n115401.in[0] (.names)                                                                                         1.338     5.660
new_n115401.out[0] (.names)                                                                                        0.261     5.921
new_n115399_1.in[1] (.names)                                                                                       1.338     7.259
new_n115399_1.out[0] (.names)                                                                                      0.261     7.520
new_n115407.in[5] (.names)                                                                                         1.338     8.858
new_n115407.out[0] (.names)                                                                                        0.261     9.119
new_n115417.in[0] (.names)                                                                                         1.338    10.457
new_n115417.out[0] (.names)                                                                                        0.235    10.692
new_n115431.in[0] (.names)                                                                                         1.338    12.029
new_n115431.out[0] (.names)                                                                                        0.235    12.264
new_n115447.in[2] (.names)                                                                                         1.338    13.602
new_n115447.out[0] (.names)                                                                                        0.261    13.863
new_n115468_1.in[1] (.names)                                                                                       1.338    15.201
new_n115468_1.out[0] (.names)                                                                                      0.261    15.462
new_n115489_1.in[1] (.names)                                                                                       1.338    16.800
new_n115489_1.out[0] (.names)                                                                                      0.261    17.061
new_n115512.in[1] (.names)                                                                                         1.338    18.398
new_n115512.out[0] (.names)                                                                                        0.261    18.659
new_n115529.in[2] (.names)                                                                                         1.338    19.997
new_n115529.out[0] (.names)                                                                                        0.261    20.258
new_n115539.in[0] (.names)                                                                                         1.338    21.596
new_n115539.out[0] (.names)                                                                                        0.261    21.857
new_n115562.in[1] (.names)                                                                                         1.338    23.195
new_n115562.out[0] (.names)                                                                                        0.261    23.456
new_n115594.in[1] (.names)                                                                                         1.338    24.794
new_n115594.out[0] (.names)                                                                                        0.261    25.055
new_n115615.in[3] (.names)                                                                                         1.338    26.392
new_n115615.out[0] (.names)                                                                                        0.261    26.653
new_n115631.in[3] (.names)                                                                                         1.338    27.991
new_n115631.out[0] (.names)                                                                                        0.261    28.252
new_n115641.in[0] (.names)                                                                                         1.338    29.590
new_n115641.out[0] (.names)                                                                                        0.235    29.825
n97214.in[1] (.names)                                                                                              1.338    31.163
n97214.out[0] (.names)                                                                                             0.261    31.424
sv_chip2_hierarchy_no_mem.h_fltr_2_right.your_instance_name_f3^dout~25_FF.D[0] (.latch)                            1.338    32.761
data arrival time                                                                                                           32.761

clock sv_chip2_hierarchy_no_mem^tm3_clk_v0 (rise edge)                                                             0.000     0.000
clock source latency                                                                                               0.000     0.000
sv_chip2_hierarchy_no_mem^tm3_clk_v0.inpad[0] (.input)                                                             0.000     0.000
sv_chip2_hierarchy_no_mem.h_fltr_2_right.your_instance_name_f3^dout~25_FF.clk[0] (.latch)                          1.338     1.338
clock uncertainty                                                                                                  0.000     1.338
cell setup time                                                                                                   -0.066     1.272
data required time                                                                                                           1.272
----------------------------------------------------------------------------------------------------------------------------------
data required time                                                                                                           1.272
data arrival time                                                                                                          -32.761
----------------------------------------------------------------------------------------------------------------------------------
slack (VIOLATED)                                                                                                           -31.490


#Path 61
Startpoint: lo15104.Q[0] (.latch clocked by sv_chip2_hierarchy_no_mem^tm3_clk_v0)
Endpoint  : sv_chip2_hierarchy_no_mem.h_fltr_4_right.your_instance_name_h3^dout~27_FF.D[0] (.latch clocked by sv_chip2_hierarchy_no_mem^tm3_clk_v0)
Path Type : setup

Point                                                                                                               Incr      Path
----------------------------------------------------------------------------------------------------------------------------------
clock sv_chip2_hierarchy_no_mem^tm3_clk_v0 (rise edge)                                                             0.000     0.000
clock source latency                                                                                               0.000     0.000
sv_chip2_hierarchy_no_mem^tm3_clk_v0.inpad[0] (.input)                                                             0.000     0.000
lo15104.clk[0] (.latch)                                                                                            1.338     1.338
lo15104.Q[0] (.latch) [clock-to-output]                                                                            0.124     1.462
sv_chip2_hierarchy_no_mem.h_fltr_4_right.your_instance_name_h3^MUL~1510[0].a[0] (multiply)                         1.338     2.800
sv_chip2_hierarchy_no_mem.h_fltr_4_right.your_instance_name_h3^MUL~1510[0].out[1] (multiply)                       1.523     4.323
new_n122726.in[0] (.names)                                                                                         1.338     5.660
new_n122726.out[0] (.names)                                                                                        0.261     5.921
new_n122757.in[0] (.names)                                                                                         1.338     7.259
new_n122757.out[0] (.names)                                                                                        0.235     7.494
new_n122777.in[0] (.names)                                                                                         1.338     8.832
new_n122777.out[0] (.names)                                                                                        0.261     9.093
new_n122800_1.in[2] (.names)                                                                                       1.338    10.431
new_n122800_1.out[0] (.names)                                                                                      0.261    10.692
new_n122836.in[0] (.names)                                                                                         1.338    12.029
new_n122836.out[0] (.names)                                                                                        0.261    12.290
new_n122860_1.in[2] (.names)                                                                                       1.338    13.628
new_n122860_1.out[0] (.names)                                                                                      0.261    13.889
new_n122872.in[0] (.names)                                                                                         1.338    15.227
new_n122872.out[0] (.names)                                                                                        0.261    15.488
new_n122883.in[5] (.names)                                                                                         1.338    16.826
new_n122883.out[0] (.names)                                                                                        0.261    17.087
new_n122906.in[1] (.names)                                                                                         1.338    18.424
new_n122906.out[0] (.names)                                                                                        0.261    18.685
new_n122935_1.in[0] (.names)                                                                                       1.338    20.023
new_n122935_1.out[0] (.names)                                                                                      0.261    20.284
new_n122970.in[1] (.names)                                                                                         1.338    21.622
new_n122970.out[0] (.names)                                                                                        0.261    21.883
new_n122995_1.in[1] (.names)                                                                                       1.338    23.221
new_n122995_1.out[0] (.names)                                                                                      0.261    23.482
new_n122994_1.in[0] (.names)                                                                                       1.338    24.820
new_n122994_1.out[0] (.names)                                                                                      0.261    25.081
new_n122993.in[4] (.names)                                                                                         1.338    26.418
new_n122993.out[0] (.names)                                                                                        0.261    26.679
new_n122992.in[3] (.names)                                                                                         1.338    28.017
new_n122992.out[0] (.names)                                                                                        0.235    28.252
new_n122999.in[1] (.names)                                                                                         1.338    29.590
new_n122999.out[0] (.names)                                                                                        0.235    29.825
n117948.in[1] (.names)                                                                                             1.338    31.163
n117948.out[0] (.names)                                                                                            0.261    31.424
sv_chip2_hierarchy_no_mem.h_fltr_4_right.your_instance_name_h3^dout~27_FF.D[0] (.latch)                            1.338    32.761
data arrival time                                                                                                           32.761

clock sv_chip2_hierarchy_no_mem^tm3_clk_v0 (rise edge)                                                             0.000     0.000
clock source latency                                                                                               0.000     0.000
sv_chip2_hierarchy_no_mem^tm3_clk_v0.inpad[0] (.input)                                                             0.000     0.000
sv_chip2_hierarchy_no_mem.h_fltr_4_right.your_instance_name_h3^dout~27_FF.clk[0] (.latch)                          1.338     1.338
clock uncertainty                                                                                                  0.000     1.338
cell setup time                                                                                                   -0.066     1.272
data required time                                                                                                           1.272
----------------------------------------------------------------------------------------------------------------------------------
data required time                                                                                                           1.272
data arrival time                                                                                                          -32.761
----------------------------------------------------------------------------------------------------------------------------------
slack (VIOLATED)                                                                                                           -31.490


#Path 62
Startpoint: lo14452.Q[0] (.latch clocked by sv_chip2_hierarchy_no_mem^tm3_clk_v0)
Endpoint  : sv_chip2_hierarchy_no_mem.h_fltr_4_right.your_instance_name_h1^dout~26_FF.D[0] (.latch clocked by sv_chip2_hierarchy_no_mem^tm3_clk_v0)
Path Type : setup

Point                                                                                                               Incr      Path
----------------------------------------------------------------------------------------------------------------------------------
clock sv_chip2_hierarchy_no_mem^tm3_clk_v0 (rise edge)                                                             0.000     0.000
clock source latency                                                                                               0.000     0.000
sv_chip2_hierarchy_no_mem^tm3_clk_v0.inpad[0] (.input)                                                             0.000     0.000
lo14452.clk[0] (.latch)                                                                                            1.338     1.338
lo14452.Q[0] (.latch) [clock-to-output]                                                                            0.124     1.462
sv_chip2_hierarchy_no_mem.h_fltr_4_right.your_instance_name_h1^MUL~1482[0].a[0] (multiply)                         1.338     2.800
sv_chip2_hierarchy_no_mem.h_fltr_4_right.your_instance_name_h1^MUL~1482[0].out[1] (multiply)                       1.523     4.323
new_n121488.in[0] (.names)                                                                                         1.338     5.660
new_n121488.out[0] (.names)                                                                                        0.261     5.921
new_n121536.in[0] (.names)                                                                                         1.338     7.259
new_n121536.out[0] (.names)                                                                                        0.235     7.494
new_n121535_1.in[0] (.names)                                                                                       1.338     8.832
new_n121535_1.out[0] (.names)                                                                                      0.261     9.093
new_n121543.in[0] (.names)                                                                                         1.338    10.431
new_n121543.out[0] (.names)                                                                                        0.235    10.666
new_n121557.in[2] (.names)                                                                                         1.338    12.003
new_n121557.out[0] (.names)                                                                                        0.261    12.264
new_n121577.in[3] (.names)                                                                                         1.338    13.602
new_n121577.out[0] (.names)                                                                                        0.261    13.863
new_n121598.in[3] (.names)                                                                                         1.338    15.201
new_n121598.out[0] (.names)                                                                                        0.261    15.462
new_n121619_1.in[3] (.names)                                                                                       1.338    16.800
new_n121619_1.out[0] (.names)                                                                                      0.261    17.061
new_n121639_1.in[3] (.names)                                                                                       1.338    18.398
new_n121639_1.out[0] (.names)                                                                                      0.261    18.659
new_n121663.in[3] (.names)                                                                                         1.338    19.997
new_n121663.out[0] (.names)                                                                                        0.261    20.258
new_n121684_1.in[3] (.names)                                                                                       1.338    21.596
new_n121684_1.out[0] (.names)                                                                                      0.261    21.857
new_n121708.in[3] (.names)                                                                                         1.338    23.195
new_n121708.out[0] (.names)                                                                                        0.261    23.456
new_n121732.in[3] (.names)                                                                                         1.338    24.794
new_n121732.out[0] (.names)                                                                                        0.261    25.055
new_n121735_1.in[1] (.names)                                                                                       1.338    26.392
new_n121735_1.out[0] (.names)                                                                                      0.261    26.653
new_n121770_1.in[1] (.names)                                                                                       1.338    27.991
new_n121770_1.out[0] (.names)                                                                                      0.261    28.252
new_n121792.in[3] (.names)                                                                                         1.338    29.590
new_n121792.out[0] (.names)                                                                                        0.261    29.851
n114480.in[1] (.names)                                                                                             1.338    31.189
n114480.out[0] (.names)                                                                                            0.235    31.424
sv_chip2_hierarchy_no_mem.h_fltr_4_right.your_instance_name_h1^dout~26_FF.D[0] (.latch)                            1.338    32.761
data arrival time                                                                                                           32.761

clock sv_chip2_hierarchy_no_mem^tm3_clk_v0 (rise edge)                                                             0.000     0.000
clock source latency                                                                                               0.000     0.000
sv_chip2_hierarchy_no_mem^tm3_clk_v0.inpad[0] (.input)                                                             0.000     0.000
sv_chip2_hierarchy_no_mem.h_fltr_4_right.your_instance_name_h1^dout~26_FF.clk[0] (.latch)                          1.338     1.338
clock uncertainty                                                                                                  0.000     1.338
cell setup time                                                                                                   -0.066     1.272
data required time                                                                                                           1.272
----------------------------------------------------------------------------------------------------------------------------------
data required time                                                                                                           1.272
data arrival time                                                                                                          -32.761
----------------------------------------------------------------------------------------------------------------------------------
slack (VIOLATED)                                                                                                           -31.490


#Path 63
Startpoint: lo14452.Q[0] (.latch clocked by sv_chip2_hierarchy_no_mem^tm3_clk_v0)
Endpoint  : sv_chip2_hierarchy_no_mem.h_fltr_4_right.your_instance_name_h1^dout~25_FF.D[0] (.latch clocked by sv_chip2_hierarchy_no_mem^tm3_clk_v0)
Path Type : setup

Point                                                                                                               Incr      Path
----------------------------------------------------------------------------------------------------------------------------------
clock sv_chip2_hierarchy_no_mem^tm3_clk_v0 (rise edge)                                                             0.000     0.000
clock source latency                                                                                               0.000     0.000
sv_chip2_hierarchy_no_mem^tm3_clk_v0.inpad[0] (.input)                                                             0.000     0.000
lo14452.clk[0] (.latch)                                                                                            1.338     1.338
lo14452.Q[0] (.latch) [clock-to-output]                                                                            0.124     1.462
sv_chip2_hierarchy_no_mem.h_fltr_4_right.your_instance_name_h1^MUL~1482[0].a[0] (multiply)                         1.338     2.800
sv_chip2_hierarchy_no_mem.h_fltr_4_right.your_instance_name_h1^MUL~1482[0].out[1] (multiply)                       1.523     4.323
new_n121488.in[0] (.names)                                                                                         1.338     5.660
new_n121488.out[0] (.names)                                                                                        0.261     5.921
new_n121536.in[0] (.names)                                                                                         1.338     7.259
new_n121536.out[0] (.names)                                                                                        0.235     7.494
new_n121535_1.in[0] (.names)                                                                                       1.338     8.832
new_n121535_1.out[0] (.names)                                                                                      0.261     9.093
new_n121543.in[0] (.names)                                                                                         1.338    10.431
new_n121543.out[0] (.names)                                                                                        0.235    10.666
new_n121557.in[2] (.names)                                                                                         1.338    12.003
new_n121557.out[0] (.names)                                                                                        0.261    12.264
new_n121577.in[3] (.names)                                                                                         1.338    13.602
new_n121577.out[0] (.names)                                                                                        0.261    13.863
new_n121598.in[3] (.names)                                                                                         1.338    15.201
new_n121598.out[0] (.names)                                                                                        0.261    15.462
new_n121619_1.in[3] (.names)                                                                                       1.338    16.800
new_n121619_1.out[0] (.names)                                                                                      0.261    17.061
new_n121639_1.in[3] (.names)                                                                                       1.338    18.398
new_n121639_1.out[0] (.names)                                                                                      0.261    18.659
new_n121663.in[3] (.names)                                                                                         1.338    19.997
new_n121663.out[0] (.names)                                                                                        0.261    20.258
new_n121684_1.in[3] (.names)                                                                                       1.338    21.596
new_n121684_1.out[0] (.names)                                                                                      0.261    21.857
new_n121708.in[3] (.names)                                                                                         1.338    23.195
new_n121708.out[0] (.names)                                                                                        0.261    23.456
new_n121732.in[3] (.names)                                                                                         1.338    24.794
new_n121732.out[0] (.names)                                                                                        0.261    25.055
new_n121735_1.in[1] (.names)                                                                                       1.338    26.392
new_n121735_1.out[0] (.names)                                                                                      0.261    26.653
new_n121770_1.in[1] (.names)                                                                                       1.338    27.991
new_n121770_1.out[0] (.names)                                                                                      0.261    28.252
new_n121773.in[2] (.names)                                                                                         1.338    29.590
new_n121773.out[0] (.names)                                                                                        0.235    29.825
n114465.in[1] (.names)                                                                                             1.338    31.163
n114465.out[0] (.names)                                                                                            0.261    31.424
sv_chip2_hierarchy_no_mem.h_fltr_4_right.your_instance_name_h1^dout~25_FF.D[0] (.latch)                            1.338    32.761
data arrival time                                                                                                           32.761

clock sv_chip2_hierarchy_no_mem^tm3_clk_v0 (rise edge)                                                             0.000     0.000
clock source latency                                                                                               0.000     0.000
sv_chip2_hierarchy_no_mem^tm3_clk_v0.inpad[0] (.input)                                                             0.000     0.000
sv_chip2_hierarchy_no_mem.h_fltr_4_right.your_instance_name_h1^dout~25_FF.clk[0] (.latch)                          1.338     1.338
clock uncertainty                                                                                                  0.000     1.338
cell setup time                                                                                                   -0.066     1.272
data required time                                                                                                           1.272
----------------------------------------------------------------------------------------------------------------------------------
data required time                                                                                                           1.272
data arrival time                                                                                                          -32.761
----------------------------------------------------------------------------------------------------------------------------------
slack (VIOLATED)                                                                                                           -31.490


#Path 64
Startpoint: lo12551.Q[0] (.latch clocked by sv_chip2_hierarchy_no_mem^tm3_clk_v0)
Endpoint  : sv_chip2_hierarchy_no_mem.h_fltr_2_right.your_instance_name_h3^dout~27_FF.D[0] (.latch clocked by sv_chip2_hierarchy_no_mem^tm3_clk_v0)
Path Type : setup

Point                                                                                                               Incr      Path
----------------------------------------------------------------------------------------------------------------------------------
clock sv_chip2_hierarchy_no_mem^tm3_clk_v0 (rise edge)                                                             0.000     0.000
clock source latency                                                                                               0.000     0.000
sv_chip2_hierarchy_no_mem^tm3_clk_v0.inpad[0] (.input)                                                             0.000     0.000
lo12551.clk[0] (.latch)                                                                                            1.338     1.338
lo12551.Q[0] (.latch) [clock-to-output]                                                                            0.124     1.462
sv_chip2_hierarchy_no_mem.h_fltr_2_right.your_instance_name_h3^MUL~1368[0].a[0] (multiply)                         1.338     2.800
sv_chip2_hierarchy_no_mem.h_fltr_2_right.your_instance_name_h3^MUL~1368[0].out[1] (multiply)                       1.523     4.323
new_n118102.in[0] (.names)                                                                                         1.338     5.660
new_n118102.out[0] (.names)                                                                                        0.261     5.921
new_n118133.in[0] (.names)                                                                                         1.338     7.259
new_n118133.out[0] (.names)                                                                                        0.235     7.494
new_n118150.in[0] (.names)                                                                                         1.338     8.832
new_n118150.out[0] (.names)                                                                                        0.261     9.093
new_n118178_1.in[2] (.names)                                                                                       1.338    10.431
new_n118178_1.out[0] (.names)                                                                                      0.261    10.692
new_n118214.in[0] (.names)                                                                                         1.338    12.029
new_n118214.out[0] (.names)                                                                                        0.261    12.290
new_n118231.in[0] (.names)                                                                                         1.338    13.628
new_n118231.out[0] (.names)                                                                                        0.261    13.889
new_n118239.in[5] (.names)                                                                                         1.338    15.227
new_n118239.out[0] (.names)                                                                                        0.261    15.488
new_n118268.in[1] (.names)                                                                                         1.338    16.826
new_n118268.out[0] (.names)                                                                                        0.261    17.087
new_n118303.in[2] (.names)                                                                                         1.338    18.424
new_n118303.out[0] (.names)                                                                                        0.261    18.685
new_n118327.in[1] (.names)                                                                                         1.338    20.023
new_n118327.out[0] (.names)                                                                                        0.261    20.284
new_n118340.in[0] (.names)                                                                                         1.338    21.622
new_n118340.out[0] (.names)                                                                                        0.261    21.883
new_n118347.in[5] (.names)                                                                                         1.338    23.221
new_n118347.out[0] (.names)                                                                                        0.261    23.482
new_n118346.in[0] (.names)                                                                                         1.338    24.820
new_n118346.out[0] (.names)                                                                                        0.235    25.055
new_n118357.in[0] (.names)                                                                                         1.338    26.392
new_n118357.out[0] (.names)                                                                                        0.261    26.653
new_n118369.in[0] (.names)                                                                                         1.338    27.991
new_n118369.out[0] (.names)                                                                                        0.261    28.252
new_n118377.in[2] (.names)                                                                                         1.338    29.590
new_n118377.out[0] (.names)                                                                                        0.235    29.825
n104769.in[1] (.names)                                                                                             1.338    31.163
n104769.out[0] (.names)                                                                                            0.261    31.424
sv_chip2_hierarchy_no_mem.h_fltr_2_right.your_instance_name_h3^dout~27_FF.D[0] (.latch)                            1.338    32.761
data arrival time                                                                                                           32.761

clock sv_chip2_hierarchy_no_mem^tm3_clk_v0 (rise edge)                                                             0.000     0.000
clock source latency                                                                                               0.000     0.000
sv_chip2_hierarchy_no_mem^tm3_clk_v0.inpad[0] (.input)                                                             0.000     0.000
sv_chip2_hierarchy_no_mem.h_fltr_2_right.your_instance_name_h3^dout~27_FF.clk[0] (.latch)                          1.338     1.338
clock uncertainty                                                                                                  0.000     1.338
cell setup time                                                                                                   -0.066     1.272
data required time                                                                                                           1.272
----------------------------------------------------------------------------------------------------------------------------------
data required time                                                                                                           1.272
data arrival time                                                                                                          -32.761
----------------------------------------------------------------------------------------------------------------------------------
slack (VIOLATED)                                                                                                           -31.490


#Path 65
Startpoint: lo12551.Q[0] (.latch clocked by sv_chip2_hierarchy_no_mem^tm3_clk_v0)
Endpoint  : sv_chip2_hierarchy_no_mem.h_fltr_2_right.your_instance_name_h3^dout~26_FF.D[0] (.latch clocked by sv_chip2_hierarchy_no_mem^tm3_clk_v0)
Path Type : setup

Point                                                                                                               Incr      Path
----------------------------------------------------------------------------------------------------------------------------------
clock sv_chip2_hierarchy_no_mem^tm3_clk_v0 (rise edge)                                                             0.000     0.000
clock source latency                                                                                               0.000     0.000
sv_chip2_hierarchy_no_mem^tm3_clk_v0.inpad[0] (.input)                                                             0.000     0.000
lo12551.clk[0] (.latch)                                                                                            1.338     1.338
lo12551.Q[0] (.latch) [clock-to-output]                                                                            0.124     1.462
sv_chip2_hierarchy_no_mem.h_fltr_2_right.your_instance_name_h3^MUL~1368[0].a[0] (multiply)                         1.338     2.800
sv_chip2_hierarchy_no_mem.h_fltr_2_right.your_instance_name_h3^MUL~1368[0].out[1] (multiply)                       1.523     4.323
new_n118102.in[0] (.names)                                                                                         1.338     5.660
new_n118102.out[0] (.names)                                                                                        0.261     5.921
new_n118133.in[0] (.names)                                                                                         1.338     7.259
new_n118133.out[0] (.names)                                                                                        0.235     7.494
new_n118150.in[0] (.names)                                                                                         1.338     8.832
new_n118150.out[0] (.names)                                                                                        0.261     9.093
new_n118178_1.in[2] (.names)                                                                                       1.338    10.431
new_n118178_1.out[0] (.names)                                                                                      0.261    10.692
new_n118214.in[0] (.names)                                                                                         1.338    12.029
new_n118214.out[0] (.names)                                                                                        0.261    12.290
new_n118231.in[0] (.names)                                                                                         1.338    13.628
new_n118231.out[0] (.names)                                                                                        0.261    13.889
new_n118239.in[5] (.names)                                                                                         1.338    15.227
new_n118239.out[0] (.names)                                                                                        0.261    15.488
new_n118268.in[1] (.names)                                                                                         1.338    16.826
new_n118268.out[0] (.names)                                                                                        0.261    17.087
new_n118303.in[2] (.names)                                                                                         1.338    18.424
new_n118303.out[0] (.names)                                                                                        0.261    18.685
new_n118327.in[1] (.names)                                                                                         1.338    20.023
new_n118327.out[0] (.names)                                                                                        0.261    20.284
new_n118340.in[0] (.names)                                                                                         1.338    21.622
new_n118340.out[0] (.names)                                                                                        0.261    21.883
new_n118347.in[5] (.names)                                                                                         1.338    23.221
new_n118347.out[0] (.names)                                                                                        0.261    23.482
new_n118346.in[0] (.names)                                                                                         1.338    24.820
new_n118346.out[0] (.names)                                                                                        0.235    25.055
new_n118357.in[0] (.names)                                                                                         1.338    26.392
new_n118357.out[0] (.names)                                                                                        0.261    26.653
new_n118369.in[0] (.names)                                                                                         1.338    27.991
new_n118369.out[0] (.names)                                                                                        0.261    28.252
new_n118368.in[0] (.names)                                                                                         1.338    29.590
new_n118368.out[0] (.names)                                                                                        0.235    29.825
n104754.in[4] (.names)                                                                                             1.338    31.163
n104754.out[0] (.names)                                                                                            0.261    31.424
sv_chip2_hierarchy_no_mem.h_fltr_2_right.your_instance_name_h3^dout~26_FF.D[0] (.latch)                            1.338    32.761
data arrival time                                                                                                           32.761

clock sv_chip2_hierarchy_no_mem^tm3_clk_v0 (rise edge)                                                             0.000     0.000
clock source latency                                                                                               0.000     0.000
sv_chip2_hierarchy_no_mem^tm3_clk_v0.inpad[0] (.input)                                                             0.000     0.000
sv_chip2_hierarchy_no_mem.h_fltr_2_right.your_instance_name_h3^dout~26_FF.clk[0] (.latch)                          1.338     1.338
clock uncertainty                                                                                                  0.000     1.338
cell setup time                                                                                                   -0.066     1.272
data required time                                                                                                           1.272
----------------------------------------------------------------------------------------------------------------------------------
data required time                                                                                                           1.272
data arrival time                                                                                                          -32.761
----------------------------------------------------------------------------------------------------------------------------------
slack (VIOLATED)                                                                                                           -31.490


#Path 66
Startpoint: lo11899.Q[0] (.latch clocked by sv_chip2_hierarchy_no_mem^tm3_clk_v0)
Endpoint  : sv_chip2_hierarchy_no_mem.h_fltr_2_right.your_instance_name_h1^dout~26_FF.D[0] (.latch clocked by sv_chip2_hierarchy_no_mem^tm3_clk_v0)
Path Type : setup

Point                                                                                                               Incr      Path
----------------------------------------------------------------------------------------------------------------------------------
clock sv_chip2_hierarchy_no_mem^tm3_clk_v0 (rise edge)                                                             0.000     0.000
clock source latency                                                                                               0.000     0.000
sv_chip2_hierarchy_no_mem^tm3_clk_v0.inpad[0] (.input)                                                             0.000     0.000
lo11899.clk[0] (.latch)                                                                                            1.338     1.338
lo11899.Q[0] (.latch) [clock-to-output]                                                                            0.124     1.462
sv_chip2_hierarchy_no_mem.h_fltr_2_right.your_instance_name_h1^MUL~1340[0].a[0] (multiply)                         1.338     2.800
sv_chip2_hierarchy_no_mem.h_fltr_2_right.your_instance_name_h1^MUL~1340[0].out[1] (multiply)                       1.523     4.323
new_n116868.in[0] (.names)                                                                                         1.338     5.660
new_n116868.out[0] (.names)                                                                                        0.261     5.921
new_n116918.in[0] (.names)                                                                                         1.338     7.259
new_n116918.out[0] (.names)                                                                                        0.235     7.494
new_n116917.in[0] (.names)                                                                                         1.338     8.832
new_n116917.out[0] (.names)                                                                                        0.261     9.093
new_n116925_1.in[0] (.names)                                                                                       1.338    10.431
new_n116925_1.out[0] (.names)                                                                                      0.235    10.666
new_n116934.in[2] (.names)                                                                                         1.338    12.003
new_n116934.out[0] (.names)                                                                                        0.261    12.264
new_n116959.in[1] (.names)                                                                                         1.338    13.602
new_n116959.out[0] (.names)                                                                                        0.261    13.863
new_n116981.in[3] (.names)                                                                                         1.338    15.201
new_n116981.out[0] (.names)                                                                                        0.261    15.462
new_n116998_1.in[3] (.names)                                                                                       1.338    16.800
new_n116998_1.out[0] (.names)                                                                                      0.261    17.061
new_n117021_1.in[1] (.names)                                                                                       1.338    18.398
new_n117021_1.out[0] (.names)                                                                                      0.261    18.659
new_n117037_1.in[2] (.names)                                                                                       1.338    19.997
new_n117037_1.out[0] (.names)                                                                                      0.261    20.258
new_n117066_1.in[1] (.names)                                                                                       1.338    21.596
new_n117066_1.out[0] (.names)                                                                                      0.261    21.857
new_n117090.in[3] (.names)                                                                                         1.338    23.195
new_n117090.out[0] (.names)                                                                                        0.261    23.456
new_n117113.in[3] (.names)                                                                                         1.338    24.794
new_n117113.out[0] (.names)                                                                                        0.261    25.055
new_n117128.in[3] (.names)                                                                                         1.338    26.392
new_n117128.out[0] (.names)                                                                                        0.261    26.653
new_n117159.in[1] (.names)                                                                                         1.338    27.991
new_n117159.out[0] (.names)                                                                                        0.261    28.252
new_n117163.in[3] (.names)                                                                                         1.338    29.590
new_n117163.out[0] (.names)                                                                                        0.261    29.851
n101301.in[1] (.names)                                                                                             1.338    31.189
n101301.out[0] (.names)                                                                                            0.235    31.424
sv_chip2_hierarchy_no_mem.h_fltr_2_right.your_instance_name_h1^dout~26_FF.D[0] (.latch)                            1.338    32.761
data arrival time                                                                                                           32.761

clock sv_chip2_hierarchy_no_mem^tm3_clk_v0 (rise edge)                                                             0.000     0.000
clock source latency                                                                                               0.000     0.000
sv_chip2_hierarchy_no_mem^tm3_clk_v0.inpad[0] (.input)                                                             0.000     0.000
sv_chip2_hierarchy_no_mem.h_fltr_2_right.your_instance_name_h1^dout~26_FF.clk[0] (.latch)                          1.338     1.338
clock uncertainty                                                                                                  0.000     1.338
cell setup time                                                                                                   -0.066     1.272
data required time                                                                                                           1.272
----------------------------------------------------------------------------------------------------------------------------------
data required time                                                                                                           1.272
data arrival time                                                                                                          -32.761
----------------------------------------------------------------------------------------------------------------------------------
slack (VIOLATED)                                                                                                           -31.490


#Path 67
Startpoint: lo11899.Q[0] (.latch clocked by sv_chip2_hierarchy_no_mem^tm3_clk_v0)
Endpoint  : sv_chip2_hierarchy_no_mem.h_fltr_2_right.your_instance_name_h1^dout~25_FF.D[0] (.latch clocked by sv_chip2_hierarchy_no_mem^tm3_clk_v0)
Path Type : setup

Point                                                                                                               Incr      Path
----------------------------------------------------------------------------------------------------------------------------------
clock sv_chip2_hierarchy_no_mem^tm3_clk_v0 (rise edge)                                                             0.000     0.000
clock source latency                                                                                               0.000     0.000
sv_chip2_hierarchy_no_mem^tm3_clk_v0.inpad[0] (.input)                                                             0.000     0.000
lo11899.clk[0] (.latch)                                                                                            1.338     1.338
lo11899.Q[0] (.latch) [clock-to-output]                                                                            0.124     1.462
sv_chip2_hierarchy_no_mem.h_fltr_2_right.your_instance_name_h1^MUL~1340[0].a[0] (multiply)                         1.338     2.800
sv_chip2_hierarchy_no_mem.h_fltr_2_right.your_instance_name_h1^MUL~1340[0].out[1] (multiply)                       1.523     4.323
new_n116868.in[0] (.names)                                                                                         1.338     5.660
new_n116868.out[0] (.names)                                                                                        0.261     5.921
new_n116918.in[0] (.names)                                                                                         1.338     7.259
new_n116918.out[0] (.names)                                                                                        0.235     7.494
new_n116917.in[0] (.names)                                                                                         1.338     8.832
new_n116917.out[0] (.names)                                                                                        0.261     9.093
new_n116925_1.in[0] (.names)                                                                                       1.338    10.431
new_n116925_1.out[0] (.names)                                                                                      0.235    10.666
new_n116934.in[2] (.names)                                                                                         1.338    12.003
new_n116934.out[0] (.names)                                                                                        0.261    12.264
new_n116959.in[1] (.names)                                                                                         1.338    13.602
new_n116959.out[0] (.names)                                                                                        0.261    13.863
new_n116981.in[3] (.names)                                                                                         1.338    15.201
new_n116981.out[0] (.names)                                                                                        0.261    15.462
new_n116998_1.in[3] (.names)                                                                                       1.338    16.800
new_n116998_1.out[0] (.names)                                                                                      0.261    17.061
new_n117021_1.in[1] (.names)                                                                                       1.338    18.398
new_n117021_1.out[0] (.names)                                                                                      0.261    18.659
new_n117037_1.in[2] (.names)                                                                                       1.338    19.997
new_n117037_1.out[0] (.names)                                                                                      0.261    20.258
new_n117066_1.in[1] (.names)                                                                                       1.338    21.596
new_n117066_1.out[0] (.names)                                                                                      0.261    21.857
new_n117090.in[3] (.names)                                                                                         1.338    23.195
new_n117090.out[0] (.names)                                                                                        0.261    23.456
new_n117113.in[3] (.names)                                                                                         1.338    24.794
new_n117113.out[0] (.names)                                                                                        0.261    25.055
new_n117128.in[3] (.names)                                                                                         1.338    26.392
new_n117128.out[0] (.names)                                                                                        0.261    26.653
new_n117140.in[0] (.names)                                                                                         1.338    27.991
new_n117140.out[0] (.names)                                                                                        0.261    28.252
new_n117151_1.in[0] (.names)                                                                                       1.338    29.590
new_n117151_1.out[0] (.names)                                                                                      0.235    29.825
n101286.in[1] (.names)                                                                                             1.338    31.163
n101286.out[0] (.names)                                                                                            0.261    31.424
sv_chip2_hierarchy_no_mem.h_fltr_2_right.your_instance_name_h1^dout~25_FF.D[0] (.latch)                            1.338    32.761
data arrival time                                                                                                           32.761

clock sv_chip2_hierarchy_no_mem^tm3_clk_v0 (rise edge)                                                             0.000     0.000
clock source latency                                                                                               0.000     0.000
sv_chip2_hierarchy_no_mem^tm3_clk_v0.inpad[0] (.input)                                                             0.000     0.000
sv_chip2_hierarchy_no_mem.h_fltr_2_right.your_instance_name_h1^dout~25_FF.clk[0] (.latch)                          1.338     1.338
clock uncertainty                                                                                                  0.000     1.338
cell setup time                                                                                                   -0.066     1.272
data required time                                                                                                           1.272
----------------------------------------------------------------------------------------------------------------------------------
data required time                                                                                                           1.272
data arrival time                                                                                                          -32.761
----------------------------------------------------------------------------------------------------------------------------------
slack (VIOLATED)                                                                                                           -31.490


#Path 68
Startpoint: lo11444.Q[0] (.latch clocked by sv_chip2_hierarchy_no_mem^tm3_clk_v0)
Endpoint  : sv_chip2_hierarchy_no_mem.h_fltr_2_right.your_instance_name_h2^dout~27_FF.D[0] (.latch clocked by sv_chip2_hierarchy_no_mem^tm3_clk_v0)
Path Type : setup

Point                                                                                                               Incr      Path
----------------------------------------------------------------------------------------------------------------------------------
clock sv_chip2_hierarchy_no_mem^tm3_clk_v0 (rise edge)                                                             0.000     0.000
clock source latency                                                                                               0.000     0.000
sv_chip2_hierarchy_no_mem^tm3_clk_v0.inpad[0] (.input)                                                             0.000     0.000
lo11444.clk[0] (.latch)                                                                                            1.338     1.338
lo11444.Q[0] (.latch) [clock-to-output]                                                                            0.124     1.462
sv_chip2_hierarchy_no_mem.h_fltr_2_right.your_instance_name_h2^MUL~1352[0].a[0] (multiply)                         1.338     2.800
sv_chip2_hierarchy_no_mem.h_fltr_2_right.your_instance_name_h2^MUL~1352[0].out[3] (multiply)                       1.523     4.323
new_n116318.in[0] (.names)                                                                                         1.338     5.660
new_n116318.out[0] (.names)                                                                                        0.261     5.921
new_n116330_1.in[0] (.names)                                                                                       1.338     7.259
new_n116330_1.out[0] (.names)                                                                                      0.261     7.520
new_n116342.in[5] (.names)                                                                                         1.338     8.858
new_n116342.out[0] (.names)                                                                                        0.261     9.119
new_n116368_1.in[1] (.names)                                                                                       1.338    10.457
new_n116368_1.out[0] (.names)                                                                                      0.261    10.718
new_n116396.in[0] (.names)                                                                                         1.338    12.055
new_n116396.out[0] (.names)                                                                                        0.261    12.316
new_n116438.in[1] (.names)                                                                                         1.338    13.654
new_n116438.out[0] (.names)                                                                                        0.261    13.915
new_n116468.in[1] (.names)                                                                                         1.338    15.253
new_n116468.out[0] (.names)                                                                                        0.261    15.514
new_n116496.in[3] (.names)                                                                                         1.338    16.852
new_n116496.out[0] (.names)                                                                                        0.235    17.087
new_n116525_1.in[1] (.names)                                                                                       1.338    18.424
new_n116525_1.out[0] (.names)                                                                                      0.261    18.685
new_n116546.in[0] (.names)                                                                                         1.338    20.023
new_n116546.out[0] (.names)                                                                                        0.261    20.284
new_n116569.in[0] (.names)                                                                                         1.338    21.622
new_n116569.out[0] (.names)                                                                                        0.261    21.883
new_n116579.in[1] (.names)                                                                                         1.338    23.221
new_n116579.out[0] (.names)                                                                                        0.261    23.482
new_n116578.in[3] (.names)                                                                                         1.338    24.820
new_n116578.out[0] (.names)                                                                                        0.261    25.081
new_n116577.in[3] (.names)                                                                                         1.338    26.418
new_n116577.out[0] (.names)                                                                                        0.235    26.653
new_n116591.in[1] (.names)                                                                                         1.338    27.991
new_n116591.out[0] (.names)                                                                                        0.235    28.226
new_n116594.in[0] (.names)                                                                                         1.338    29.564
new_n116594.out[0] (.names)                                                                                        0.261    29.825
n99580.in[4] (.names)                                                                                              1.338    31.163
n99580.out[0] (.names)                                                                                             0.261    31.424
sv_chip2_hierarchy_no_mem.h_fltr_2_right.your_instance_name_h2^dout~27_FF.D[0] (.latch)                            1.338    32.761
data arrival time                                                                                                           32.761

clock sv_chip2_hierarchy_no_mem^tm3_clk_v0 (rise edge)                                                             0.000     0.000
clock source latency                                                                                               0.000     0.000
sv_chip2_hierarchy_no_mem^tm3_clk_v0.inpad[0] (.input)                                                             0.000     0.000
sv_chip2_hierarchy_no_mem.h_fltr_2_right.your_instance_name_h2^dout~27_FF.clk[0] (.latch)                          1.338     1.338
clock uncertainty                                                                                                  0.000     1.338
cell setup time                                                                                                   -0.066     1.272
data required time                                                                                                           1.272
----------------------------------------------------------------------------------------------------------------------------------
data required time                                                                                                           1.272
data arrival time                                                                                                          -32.761
----------------------------------------------------------------------------------------------------------------------------------
slack (VIOLATED)                                                                                                           -31.490


#Path 69
Startpoint: lo11096.Q[0] (.latch clocked by sv_chip2_hierarchy_no_mem^tm3_clk_v0)
Endpoint  : sv_chip2_hierarchy_no_mem.h_fltr_2_right.your_instance_name_f3^dout~26_FF.D[0] (.latch clocked by sv_chip2_hierarchy_no_mem^tm3_clk_v0)
Path Type : setup

Point                                                                                                               Incr      Path
----------------------------------------------------------------------------------------------------------------------------------
clock sv_chip2_hierarchy_no_mem^tm3_clk_v0 (rise edge)                                                             0.000     0.000
clock source latency                                                                                               0.000     0.000
sv_chip2_hierarchy_no_mem^tm3_clk_v0.inpad[0] (.input)                                                             0.000     0.000
lo11096.clk[0] (.latch)                                                                                            1.338     1.338
lo11096.Q[0] (.latch) [clock-to-output]                                                                            0.124     1.462
sv_chip2_hierarchy_no_mem.h_fltr_2_right.your_instance_name_f3^MUL~1326[0].a[0] (multiply)                         1.338     2.800
sv_chip2_hierarchy_no_mem.h_fltr_2_right.your_instance_name_f3^MUL~1326[0].out[1] (multiply)                       1.523     4.323
new_n115401.in[0] (.names)                                                                                         1.338     5.660
new_n115401.out[0] (.names)                                                                                        0.261     5.921
new_n115399_1.in[1] (.names)                                                                                       1.338     7.259
new_n115399_1.out[0] (.names)                                                                                      0.261     7.520
new_n115407.in[5] (.names)                                                                                         1.338     8.858
new_n115407.out[0] (.names)                                                                                        0.261     9.119
new_n115417.in[0] (.names)                                                                                         1.338    10.457
new_n115417.out[0] (.names)                                                                                        0.235    10.692
new_n115431.in[0] (.names)                                                                                         1.338    12.029
new_n115431.out[0] (.names)                                                                                        0.235    12.264
new_n115447.in[2] (.names)                                                                                         1.338    13.602
new_n115447.out[0] (.names)                                                                                        0.261    13.863
new_n115468_1.in[1] (.names)                                                                                       1.338    15.201
new_n115468_1.out[0] (.names)                                                                                      0.261    15.462
new_n115489_1.in[1] (.names)                                                                                       1.338    16.800
new_n115489_1.out[0] (.names)                                                                                      0.261    17.061
new_n115512.in[1] (.names)                                                                                         1.338    18.398
new_n115512.out[0] (.names)                                                                                        0.261    18.659
new_n115529.in[2] (.names)                                                                                         1.338    19.997
new_n115529.out[0] (.names)                                                                                        0.261    20.258
new_n115539.in[0] (.names)                                                                                         1.338    21.596
new_n115539.out[0] (.names)                                                                                        0.261    21.857
new_n115562.in[1] (.names)                                                                                         1.338    23.195
new_n115562.out[0] (.names)                                                                                        0.261    23.456
new_n115594.in[1] (.names)                                                                                         1.338    24.794
new_n115594.out[0] (.names)                                                                                        0.261    25.055
new_n115615.in[3] (.names)                                                                                         1.338    26.392
new_n115615.out[0] (.names)                                                                                        0.261    26.653
new_n115631.in[3] (.names)                                                                                         1.338    27.991
new_n115631.out[0] (.names)                                                                                        0.261    28.252
new_n115655.in[1] (.names)                                                                                         1.338    29.590
new_n115655.out[0] (.names)                                                                                        0.261    29.851
n97233.in[2] (.names)                                                                                              1.338    31.189
n97233.out[0] (.names)                                                                                             0.235    31.424
sv_chip2_hierarchy_no_mem.h_fltr_2_right.your_instance_name_f3^dout~26_FF.D[0] (.latch)                            1.338    32.761
data arrival time                                                                                                           32.761

clock sv_chip2_hierarchy_no_mem^tm3_clk_v0 (rise edge)                                                             0.000     0.000
clock source latency                                                                                               0.000     0.000
sv_chip2_hierarchy_no_mem^tm3_clk_v0.inpad[0] (.input)                                                             0.000     0.000
sv_chip2_hierarchy_no_mem.h_fltr_2_right.your_instance_name_f3^dout~26_FF.clk[0] (.latch)                          1.338     1.338
clock uncertainty                                                                                                  0.000     1.338
cell setup time                                                                                                   -0.066     1.272
data required time                                                                                                           1.272
----------------------------------------------------------------------------------------------------------------------------------
data required time                                                                                                           1.272
data arrival time                                                                                                          -32.761
----------------------------------------------------------------------------------------------------------------------------------
slack (VIOLATED)                                                                                                           -31.490


#Path 70
Startpoint: lo07444.Q[0] (.latch clocked by sv_chip2_hierarchy_no_mem^tm3_clk_v0)
Endpoint  : sv_chip2_hierarchy_no_mem.h_fltr_4_left.your_instance_name_h3^dout~25_FF.D[0] (.latch clocked by sv_chip2_hierarchy_no_mem^tm3_clk_v0)
Path Type : setup

Point                                                                                                             Incr      Path
--------------------------------------------------------------------------------------------------------------------------------
clock sv_chip2_hierarchy_no_mem^tm3_clk_v0 (rise edge)                                                           0.000     0.000
clock source latency                                                                                             0.000     0.000
sv_chip2_hierarchy_no_mem^tm3_clk_v0.inpad[0] (.input)                                                           0.000     0.000
lo07444.clk[0] (.latch)                                                                                          1.338     1.338
lo07444.Q[0] (.latch) [clock-to-output]                                                                          0.124     1.462
sv_chip2_hierarchy_no_mem.h_fltr_4_left.your_instance_name_h3^MUL~724[0].a[0] (multiply)                         1.338     2.800
sv_chip2_hierarchy_no_mem.h_fltr_4_left.your_instance_name_h3^MUL~724[0].out[0] (multiply)                       1.523     4.323
new_n108934.in[0] (.names)                                                                                       1.338     5.660
new_n108934.out[0] (.names)                                                                                      0.261     5.921
new_n108943.in[0] (.names)                                                                                       1.338     7.259
new_n108943.out[0] (.names)                                                                                      0.261     7.520
new_n108941.in[3] (.names)                                                                                       1.338     8.858
new_n108941.out[0] (.names)                                                                                      0.235     9.093
new_n108940.in[0] (.names)                                                                                       1.338    10.431
new_n108940.out[0] (.names)                                                                                      0.235    10.666
new_n108949.in[5] (.names)                                                                                       1.338    12.003
new_n108949.out[0] (.names)                                                                                      0.261    12.264
new_n108967.in[1] (.names)                                                                                       1.338    13.602
new_n108967.out[0] (.names)                                                                                      0.261    13.863
new_n108989.in[1] (.names)                                                                                       1.338    15.201
new_n108989.out[0] (.names)                                                                                      0.261    15.462
new_n109012.in[1] (.names)                                                                                       1.338    16.800
new_n109012.out[0] (.names)                                                                                      0.261    17.061
new_n109032.in[1] (.names)                                                                                       1.338    18.398
new_n109032.out[0] (.names)                                                                                      0.261    18.659
new_n109052.in[1] (.names)                                                                                       1.338    19.997
new_n109052.out[0] (.names)                                                                                      0.261    20.258
new_n109074_1.in[1] (.names)                                                                                     1.338    21.596
new_n109074_1.out[0] (.names)                                                                                    0.261    21.857
new_n109096.in[1] (.names)                                                                                       1.338    23.195
new_n109096.out[0] (.names)                                                                                      0.261    23.456
new_n109115.in[1] (.names)                                                                                       1.338    24.794
new_n109115.out[0] (.names)                                                                                      0.261    25.055
new_n109135.in[1] (.names)                                                                                       1.338    26.392
new_n109135.out[0] (.names)                                                                                      0.261    26.653
new_n109161.in[1] (.names)                                                                                       1.338    27.991
new_n109161.out[0] (.names)                                                                                      0.261    28.252
new_n109173.in[0] (.names)                                                                                       1.338    29.590
new_n109173.out[0] (.names)                                                                                      0.261    29.851
n78276.in[1] (.names)                                                                                            1.338    31.189
n78276.out[0] (.names)                                                                                           0.235    31.424
sv_chip2_hierarchy_no_mem.h_fltr_4_left.your_instance_name_h3^dout~25_FF.D[0] (.latch)                           1.338    32.761
data arrival time                                                                                                         32.761

clock sv_chip2_hierarchy_no_mem^tm3_clk_v0 (rise edge)                                                           0.000     0.000
clock source latency                                                                                             0.000     0.000
sv_chip2_hierarchy_no_mem^tm3_clk_v0.inpad[0] (.input)                                                           0.000     0.000
sv_chip2_hierarchy_no_mem.h_fltr_4_left.your_instance_name_h3^dout~25_FF.clk[0] (.latch)                         1.338     1.338
clock uncertainty                                                                                                0.000     1.338
cell setup time                                                                                                 -0.066     1.272
data required time                                                                                                         1.272
--------------------------------------------------------------------------------------------------------------------------------
data required time                                                                                                         1.272
data arrival time                                                                                                        -32.761
--------------------------------------------------------------------------------------------------------------------------------
slack (VIOLATED)                                                                                                         -31.490


#Path 71
Startpoint: lo01686.Q[0] (.latch clocked by sv_chip2_hierarchy_no_mem^tm3_clk_v0)
Endpoint  : sv_chip2_hierarchy_no_mem.h_fltr_1_left.your_instance_name_h1^dout~25_FF.D[0] (.latch clocked by sv_chip2_hierarchy_no_mem^tm3_clk_v0)
Path Type : setup

Point                                                                                                             Incr      Path
--------------------------------------------------------------------------------------------------------------------------------
clock sv_chip2_hierarchy_no_mem^tm3_clk_v0 (rise edge)                                                           0.000     0.000
clock source latency                                                                                             0.000     0.000
sv_chip2_hierarchy_no_mem^tm3_clk_v0.inpad[0] (.input)                                                           0.000     0.000
lo01686.clk[0] (.latch)                                                                                          1.338     1.338
lo01686.Q[0] (.latch) [clock-to-output]                                                                          0.124     1.462
sv_chip2_hierarchy_no_mem.h_fltr_1_left.your_instance_name_h1^MUL~412[0].a[0] (multiply)                         1.338     2.800
sv_chip2_hierarchy_no_mem.h_fltr_1_left.your_instance_name_h1^MUL~412[0].out[1] (multiply)                       1.523     4.323
new_n98432.in[0] (.names)                                                                                        1.338     5.660
new_n98432.out[0] (.names)                                                                                       0.261     5.921
new_n98480_1.in[0] (.names)                                                                                      1.338     7.259
new_n98480_1.out[0] (.names)                                                                                     0.235     7.494
new_n98479_1.in[0] (.names)                                                                                      1.338     8.832
new_n98479_1.out[0] (.names)                                                                                     0.261     9.093
new_n98487.in[0] (.names)                                                                                        1.338    10.431
new_n98487.out[0] (.names)                                                                                       0.235    10.666
new_n98498.in[2] (.names)                                                                                        1.338    12.003
new_n98498.out[0] (.names)                                                                                       0.261    12.264
new_n98523_1.in[0] (.names)                                                                                      1.338    13.602
new_n98523_1.out[0] (.names)                                                                                     0.261    13.863
new_n98540_1.in[3] (.names)                                                                                      1.338    15.201
new_n98540_1.out[0] (.names)                                                                                     0.261    15.462
new_n98560.in[1] (.names)                                                                                        1.338    16.800
new_n98560.out[0] (.names)                                                                                       0.261    17.061
new_n98584_1.in[1] (.names)                                                                                      1.338    18.398
new_n98584_1.out[0] (.names)                                                                                     0.261    18.659
new_n98600.in[3] (.names)                                                                                        1.338    19.997
new_n98600.out[0] (.names)                                                                                       0.261    20.258
new_n98627.in[1] (.names)                                                                                        1.338    21.596
new_n98627.out[0] (.names)                                                                                       0.261    21.857
new_n98652_1.in[3] (.names)                                                                                      1.338    23.195
new_n98652_1.out[0] (.names)                                                                                     0.261    23.456
new_n98676.in[3] (.names)                                                                                        1.338    24.794
new_n98676.out[0] (.names)                                                                                       0.261    25.055
new_n98679_1.in[1] (.names)                                                                                      1.338    26.392
new_n98679_1.out[0] (.names)                                                                                     0.261    26.653
new_n98712.in[1] (.names)                                                                                        1.338    27.991
new_n98712.out[0] (.names)                                                                                       0.261    28.252
new_n98715_1.in[2] (.names)                                                                                      1.338    29.590
new_n98715_1.out[0] (.names)                                                                                     0.235    29.825
n48465.in[1] (.names)                                                                                            1.338    31.163
n48465.out[0] (.names)                                                                                           0.261    31.424
sv_chip2_hierarchy_no_mem.h_fltr_1_left.your_instance_name_h1^dout~25_FF.D[0] (.latch)                           1.338    32.761
data arrival time                                                                                                         32.761

clock sv_chip2_hierarchy_no_mem^tm3_clk_v0 (rise edge)                                                           0.000     0.000
clock source latency                                                                                             0.000     0.000
sv_chip2_hierarchy_no_mem^tm3_clk_v0.inpad[0] (.input)                                                           0.000     0.000
sv_chip2_hierarchy_no_mem.h_fltr_1_left.your_instance_name_h1^dout~25_FF.clk[0] (.latch)                         1.338     1.338
clock uncertainty                                                                                                0.000     1.338
cell setup time                                                                                                 -0.066     1.272
data required time                                                                                                         1.272
--------------------------------------------------------------------------------------------------------------------------------
data required time                                                                                                         1.272
data arrival time                                                                                                        -32.761
--------------------------------------------------------------------------------------------------------------------------------
slack (VIOLATED)                                                                                                         -31.490


#Path 72
Startpoint: lo01686.Q[0] (.latch clocked by sv_chip2_hierarchy_no_mem^tm3_clk_v0)
Endpoint  : sv_chip2_hierarchy_no_mem.h_fltr_1_left.your_instance_name_h1^dout~26_FF.D[0] (.latch clocked by sv_chip2_hierarchy_no_mem^tm3_clk_v0)
Path Type : setup

Point                                                                                                             Incr      Path
--------------------------------------------------------------------------------------------------------------------------------
clock sv_chip2_hierarchy_no_mem^tm3_clk_v0 (rise edge)                                                           0.000     0.000
clock source latency                                                                                             0.000     0.000
sv_chip2_hierarchy_no_mem^tm3_clk_v0.inpad[0] (.input)                                                           0.000     0.000
lo01686.clk[0] (.latch)                                                                                          1.338     1.338
lo01686.Q[0] (.latch) [clock-to-output]                                                                          0.124     1.462
sv_chip2_hierarchy_no_mem.h_fltr_1_left.your_instance_name_h1^MUL~412[0].a[0] (multiply)                         1.338     2.800
sv_chip2_hierarchy_no_mem.h_fltr_1_left.your_instance_name_h1^MUL~412[0].out[1] (multiply)                       1.523     4.323
new_n98432.in[0] (.names)                                                                                        1.338     5.660
new_n98432.out[0] (.names)                                                                                       0.261     5.921
new_n98480_1.in[0] (.names)                                                                                      1.338     7.259
new_n98480_1.out[0] (.names)                                                                                     0.235     7.494
new_n98479_1.in[0] (.names)                                                                                      1.338     8.832
new_n98479_1.out[0] (.names)                                                                                     0.261     9.093
new_n98487.in[0] (.names)                                                                                        1.338    10.431
new_n98487.out[0] (.names)                                                                                       0.235    10.666
new_n98498.in[2] (.names)                                                                                        1.338    12.003
new_n98498.out[0] (.names)                                                                                       0.261    12.264
new_n98523_1.in[0] (.names)                                                                                      1.338    13.602
new_n98523_1.out[0] (.names)                                                                                     0.261    13.863
new_n98540_1.in[3] (.names)                                                                                      1.338    15.201
new_n98540_1.out[0] (.names)                                                                                     0.261    15.462
new_n98560.in[1] (.names)                                                                                        1.338    16.800
new_n98560.out[0] (.names)                                                                                       0.261    17.061
new_n98584_1.in[1] (.names)                                                                                      1.338    18.398
new_n98584_1.out[0] (.names)                                                                                     0.261    18.659
new_n98600.in[3] (.names)                                                                                        1.338    19.997
new_n98600.out[0] (.names)                                                                                       0.261    20.258
new_n98627.in[1] (.names)                                                                                        1.338    21.596
new_n98627.out[0] (.names)                                                                                       0.261    21.857
new_n98652_1.in[3] (.names)                                                                                      1.338    23.195
new_n98652_1.out[0] (.names)                                                                                     0.261    23.456
new_n98676.in[3] (.names)                                                                                        1.338    24.794
new_n98676.out[0] (.names)                                                                                       0.261    25.055
new_n98679_1.in[1] (.names)                                                                                      1.338    26.392
new_n98679_1.out[0] (.names)                                                                                     0.261    26.653
new_n98712.in[1] (.names)                                                                                        1.338    27.991
new_n98712.out[0] (.names)                                                                                       0.261    28.252
new_n98736.in[3] (.names)                                                                                        1.338    29.590
new_n98736.out[0] (.names)                                                                                       0.261    29.851
n48480.in[1] (.names)                                                                                            1.338    31.189
n48480.out[0] (.names)                                                                                           0.235    31.424
sv_chip2_hierarchy_no_mem.h_fltr_1_left.your_instance_name_h1^dout~26_FF.D[0] (.latch)                           1.338    32.761
data arrival time                                                                                                         32.761

clock sv_chip2_hierarchy_no_mem^tm3_clk_v0 (rise edge)                                                           0.000     0.000
clock source latency                                                                                             0.000     0.000
sv_chip2_hierarchy_no_mem^tm3_clk_v0.inpad[0] (.input)                                                           0.000     0.000
sv_chip2_hierarchy_no_mem.h_fltr_1_left.your_instance_name_h1^dout~26_FF.clk[0] (.latch)                         1.338     1.338
clock uncertainty                                                                                                0.000     1.338
cell setup time                                                                                                 -0.066     1.272
data required time                                                                                                         1.272
--------------------------------------------------------------------------------------------------------------------------------
data required time                                                                                                         1.272
data arrival time                                                                                                        -32.761
--------------------------------------------------------------------------------------------------------------------------------
slack (VIOLATED)                                                                                                         -31.490


#Path 73
Startpoint: lo09346.Q[0] (.latch clocked by sv_chip2_hierarchy_no_mem^tm3_clk_v0)
Endpoint  : sv_chip2_hierarchy_no_mem.h_fltr_1_right.your_instance_name_h1^dout~25_FF.D[0] (.latch clocked by sv_chip2_hierarchy_no_mem^tm3_clk_v0)
Path Type : setup

Point                                                                                                               Incr      Path
----------------------------------------------------------------------------------------------------------------------------------
clock sv_chip2_hierarchy_no_mem^tm3_clk_v0 (rise edge)                                                             0.000     0.000
clock source latency                                                                                               0.000     0.000
sv_chip2_hierarchy_no_mem^tm3_clk_v0.inpad[0] (.input)                                                             0.000     0.000
lo09346.clk[0] (.latch)                                                                                            1.338     1.338
lo09346.Q[0] (.latch) [clock-to-output]                                                                            0.124     1.462
sv_chip2_hierarchy_no_mem.h_fltr_1_right.your_instance_name_h1^MUL~1198[0].a[0] (multiply)                         1.338     2.800
sv_chip2_hierarchy_no_mem.h_fltr_1_right.your_instance_name_h1^MUL~1198[0].out[1] (multiply)                       1.523     4.323
new_n112305_1.in[0] (.names)                                                                                       1.338     5.660
new_n112305_1.out[0] (.names)                                                                                      0.261     5.921
new_n112347.in[0] (.names)                                                                                         1.338     7.259
new_n112347.out[0] (.names)                                                                                        0.235     7.494
new_n112346.in[0] (.names)                                                                                         1.338     8.832
new_n112346.out[0] (.names)                                                                                        0.261     9.093
new_n112356.in[0] (.names)                                                                                         1.338    10.431
new_n112356.out[0] (.names)                                                                                        0.235    10.666
new_n112370_1.in[1] (.names)                                                                                       1.338    12.003
new_n112370_1.out[0] (.names)                                                                                      0.261    12.264
new_n112385_1.in[3] (.names)                                                                                       1.338    13.602
new_n112385_1.out[0] (.names)                                                                                      0.261    13.863
new_n112412.in[1] (.names)                                                                                         1.338    15.201
new_n112412.out[0] (.names)                                                                                        0.261    15.462
new_n112429_1.in[2] (.names)                                                                                       1.338    16.800
new_n112429_1.out[0] (.names)                                                                                      0.261    17.061
new_n112449_1.in[1] (.names)                                                                                       1.338    18.398
new_n112449_1.out[0] (.names)                                                                                      0.261    18.659
new_n112469_1.in[1] (.names)                                                                                       1.338    19.997
new_n112469_1.out[0] (.names)                                                                                      0.261    20.258
new_n112493.in[1] (.names)                                                                                         1.338    21.596
new_n112493.out[0] (.names)                                                                                        0.261    21.857
new_n112513.in[1] (.names)                                                                                         1.338    23.195
new_n112513.out[0] (.names)                                                                                        0.261    23.456
new_n112541.in[1] (.names)                                                                                         1.338    24.794
new_n112541.out[0] (.names)                                                                                        0.261    25.055
new_n112558.in[2] (.names)                                                                                         1.338    26.392
new_n112558.out[0] (.names)                                                                                        0.261    26.653
new_n112569_1.in[0] (.names)                                                                                       1.338    27.991
new_n112569_1.out[0] (.names)                                                                                      0.261    28.252
new_n112580_1.in[0] (.names)                                                                                       1.338    29.590
new_n112580_1.out[0] (.names)                                                                                      0.235    29.825
n88107.in[1] (.names)                                                                                              1.338    31.163
n88107.out[0] (.names)                                                                                             0.261    31.424
sv_chip2_hierarchy_no_mem.h_fltr_1_right.your_instance_name_h1^dout~25_FF.D[0] (.latch)                            1.338    32.761
data arrival time                                                                                                           32.761

clock sv_chip2_hierarchy_no_mem^tm3_clk_v0 (rise edge)                                                             0.000     0.000
clock source latency                                                                                               0.000     0.000
sv_chip2_hierarchy_no_mem^tm3_clk_v0.inpad[0] (.input)                                                             0.000     0.000
sv_chip2_hierarchy_no_mem.h_fltr_1_right.your_instance_name_h1^dout~25_FF.clk[0] (.latch)                          1.338     1.338
clock uncertainty                                                                                                  0.000     1.338
cell setup time                                                                                                   -0.066     1.272
data required time                                                                                                           1.272
----------------------------------------------------------------------------------------------------------------------------------
data required time                                                                                                           1.272
data arrival time                                                                                                          -32.761
----------------------------------------------------------------------------------------------------------------------------------
slack (VIOLATED)                                                                                                           -31.490


#Path 74
Startpoint: lo02678.Q[0] (.latch clocked by sv_chip2_hierarchy_no_mem^tm3_clk_v0)
Endpoint  : sv_chip2_hierarchy_no_mem.h_fltr_2_left.your_instance_name_f2^dout~27_FF.D[0] (.latch clocked by sv_chip2_hierarchy_no_mem^tm3_clk_v0)
Path Type : setup

Point                                                                                                             Incr      Path
--------------------------------------------------------------------------------------------------------------------------------
clock sv_chip2_hierarchy_no_mem^tm3_clk_v0 (rise edge)                                                           0.000     0.000
clock source latency                                                                                             0.000     0.000
sv_chip2_hierarchy_no_mem^tm3_clk_v0.inpad[0] (.input)                                                           0.000     0.000
lo02678.clk[0] (.latch)                                                                                          1.338     1.338
lo02678.Q[0] (.latch) [clock-to-output]                                                                          0.124     1.462
sv_chip2_hierarchy_no_mem.h_fltr_2_left.your_instance_name_f2^MUL~522[0].a[0] (multiply)                         1.338     2.800
sv_chip2_hierarchy_no_mem.h_fltr_2_left.your_instance_name_f2^MUL~522[0].out[3] (multiply)                       1.523     4.323
new_n100404.in[0] (.names)                                                                                       1.338     5.660
new_n100404.out[0] (.names)                                                                                      0.261     5.921
new_n100415.in[0] (.names)                                                                                       1.338     7.259
new_n100415.out[0] (.names)                                                                                      0.261     7.520
new_n100427_1.in[5] (.names)                                                                                     1.338     8.858
new_n100427_1.out[0] (.names)                                                                                    0.261     9.119
new_n100455.in[1] (.names)                                                                                       1.338    10.457
new_n100455.out[0] (.names)                                                                                      0.261    10.718
new_n100480.in[0] (.names)                                                                                       1.338    12.055
new_n100480.out[0] (.names)                                                                                      0.261    12.316
new_n100494.in[0] (.names)                                                                                       1.338    13.654
new_n100494.out[0] (.names)                                                                                      0.261    13.915
new_n100510.in[5] (.names)                                                                                       1.338    15.253
new_n100510.out[0] (.names)                                                                                      0.261    15.514
new_n100534.in[0] (.names)                                                                                       1.338    16.852
new_n100534.out[0] (.names)                                                                                      0.261    17.113
new_n100575.in[2] (.names)                                                                                       1.338    18.450
new_n100575.out[0] (.names)                                                                                      0.261    18.711
new_n100599.in[1] (.names)                                                                                       1.338    20.049
new_n100599.out[0] (.names)                                                                                      0.261    20.310
new_n100628.in[0] (.names)                                                                                       1.338    21.648
new_n100628.out[0] (.names)                                                                                      0.235    21.883
new_n100627.in[0] (.names)                                                                                       1.338    23.221
new_n100627.out[0] (.names)                                                                                      0.261    23.482
new_n100655.in[2] (.names)                                                                                       1.338    24.820
new_n100655.out[0] (.names)                                                                                      0.235    25.055
new_n100678.in[3] (.names)                                                                                       1.338    26.392
new_n100678.out[0] (.names)                                                                                      0.261    26.653
new_n100683.in[0] (.names)                                                                                       1.338    27.991
new_n100683.out[0] (.names)                                                                                      0.261    28.252
new_n100682_1.in[4] (.names)                                                                                     1.338    29.590
new_n100682_1.out[0] (.names)                                                                                    0.235    29.825
n54213.in[4] (.names)                                                                                            1.338    31.163
n54213.out[0] (.names)                                                                                           0.261    31.424
sv_chip2_hierarchy_no_mem.h_fltr_2_left.your_instance_name_f2^dout~27_FF.D[0] (.latch)                           1.338    32.761
data arrival time                                                                                                         32.761

clock sv_chip2_hierarchy_no_mem^tm3_clk_v0 (rise edge)                                                           0.000     0.000
clock source latency                                                                                             0.000     0.000
sv_chip2_hierarchy_no_mem^tm3_clk_v0.inpad[0] (.input)                                                           0.000     0.000
sv_chip2_hierarchy_no_mem.h_fltr_2_left.your_instance_name_f2^dout~27_FF.clk[0] (.latch)                         1.338     1.338
clock uncertainty                                                                                                0.000     1.338
cell setup time                                                                                                 -0.066     1.272
data required time                                                                                                         1.272
--------------------------------------------------------------------------------------------------------------------------------
data required time                                                                                                         1.272
data arrival time                                                                                                        -32.761
--------------------------------------------------------------------------------------------------------------------------------
slack (VIOLATED)                                                                                                         -31.490


#Path 75
Startpoint: lo07444.Q[0] (.latch clocked by sv_chip2_hierarchy_no_mem^tm3_clk_v0)
Endpoint  : sv_chip2_hierarchy_no_mem.h_fltr_4_left.your_instance_name_h3^dout~26_FF.D[0] (.latch clocked by sv_chip2_hierarchy_no_mem^tm3_clk_v0)
Path Type : setup

Point                                                                                                             Incr      Path
--------------------------------------------------------------------------------------------------------------------------------
clock sv_chip2_hierarchy_no_mem^tm3_clk_v0 (rise edge)                                                           0.000     0.000
clock source latency                                                                                             0.000     0.000
sv_chip2_hierarchy_no_mem^tm3_clk_v0.inpad[0] (.input)                                                           0.000     0.000
lo07444.clk[0] (.latch)                                                                                          1.338     1.338
lo07444.Q[0] (.latch) [clock-to-output]                                                                          0.124     1.462
sv_chip2_hierarchy_no_mem.h_fltr_4_left.your_instance_name_h3^MUL~724[0].a[0] (multiply)                         1.338     2.800
sv_chip2_hierarchy_no_mem.h_fltr_4_left.your_instance_name_h3^MUL~724[0].out[0] (multiply)                       1.523     4.323
new_n108934.in[0] (.names)                                                                                       1.338     5.660
new_n108934.out[0] (.names)                                                                                      0.261     5.921
new_n108943.in[0] (.names)                                                                                       1.338     7.259
new_n108943.out[0] (.names)                                                                                      0.261     7.520
new_n108941.in[3] (.names)                                                                                       1.338     8.858
new_n108941.out[0] (.names)                                                                                      0.235     9.093
new_n108940.in[0] (.names)                                                                                       1.338    10.431
new_n108940.out[0] (.names)                                                                                      0.235    10.666
new_n108949.in[5] (.names)                                                                                       1.338    12.003
new_n108949.out[0] (.names)                                                                                      0.261    12.264
new_n108967.in[1] (.names)                                                                                       1.338    13.602
new_n108967.out[0] (.names)                                                                                      0.261    13.863
new_n108989.in[1] (.names)                                                                                       1.338    15.201
new_n108989.out[0] (.names)                                                                                      0.261    15.462
new_n109012.in[1] (.names)                                                                                       1.338    16.800
new_n109012.out[0] (.names)                                                                                      0.261    17.061
new_n109032.in[1] (.names)                                                                                       1.338    18.398
new_n109032.out[0] (.names)                                                                                      0.261    18.659
new_n109052.in[1] (.names)                                                                                       1.338    19.997
new_n109052.out[0] (.names)                                                                                      0.261    20.258
new_n109074_1.in[1] (.names)                                                                                     1.338    21.596
new_n109074_1.out[0] (.names)                                                                                    0.261    21.857
new_n109096.in[1] (.names)                                                                                       1.338    23.195
new_n109096.out[0] (.names)                                                                                      0.261    23.456
new_n109115.in[1] (.names)                                                                                       1.338    24.794
new_n109115.out[0] (.names)                                                                                      0.261    25.055
new_n109135.in[1] (.names)                                                                                       1.338    26.392
new_n109135.out[0] (.names)                                                                                      0.261    26.653
new_n109161.in[1] (.names)                                                                                       1.338    27.991
new_n109161.out[0] (.names)                                                                                      0.261    28.252
new_n109186.in[1] (.names)                                                                                       1.338    29.590
new_n109186.out[0] (.names)                                                                                      0.261    29.851
n78291.in[1] (.names)                                                                                            1.338    31.189
n78291.out[0] (.names)                                                                                           0.235    31.424
sv_chip2_hierarchy_no_mem.h_fltr_4_left.your_instance_name_h3^dout~26_FF.D[0] (.latch)                           1.338    32.761
data arrival time                                                                                                         32.761

clock sv_chip2_hierarchy_no_mem^tm3_clk_v0 (rise edge)                                                           0.000     0.000
clock source latency                                                                                             0.000     0.000
sv_chip2_hierarchy_no_mem^tm3_clk_v0.inpad[0] (.input)                                                           0.000     0.000
sv_chip2_hierarchy_no_mem.h_fltr_4_left.your_instance_name_h3^dout~26_FF.clk[0] (.latch)                         1.338     1.338
clock uncertainty                                                                                                0.000     1.338
cell setup time                                                                                                 -0.066     1.272
data required time                                                                                                         1.272
--------------------------------------------------------------------------------------------------------------------------------
data required time                                                                                                         1.272
data arrival time                                                                                                        -32.761
--------------------------------------------------------------------------------------------------------------------------------
slack (VIOLATED)                                                                                                         -31.490


#Path 76
Startpoint: lo01169.Q[0] (.latch clocked by sv_chip2_hierarchy_no_mem^tm3_clk_v0)
Endpoint  : sv_chip2_hierarchy_no_mem.h_fltr_1_left.your_instance_name_h2^dout~26_FF.D[0] (.latch clocked by sv_chip2_hierarchy_no_mem^tm3_clk_v0)
Path Type : setup

Point                                                                                                             Incr      Path
--------------------------------------------------------------------------------------------------------------------------------
clock sv_chip2_hierarchy_no_mem^tm3_clk_v0 (rise edge)                                                           0.000     0.000
clock source latency                                                                                             0.000     0.000
sv_chip2_hierarchy_no_mem^tm3_clk_v0.inpad[0] (.input)                                                           0.000     0.000
lo01169.clk[0] (.latch)                                                                                          1.338     1.338
lo01169.Q[0] (.latch) [clock-to-output]                                                                          0.124     1.462
sv_chip2_hierarchy_no_mem.h_fltr_1_left.your_instance_name_h2^MUL~424[0].a[0] (multiply)                         1.338     2.800
sv_chip2_hierarchy_no_mem.h_fltr_1_left.your_instance_name_h2^MUL~424[0].out[3] (multiply)                       1.523     4.323
new_n97887.in[0] (.names)                                                                                        1.338     5.660
new_n97887.out[0] (.names)                                                                                       0.261     5.921
new_n97898.in[0] (.names)                                                                                        1.338     7.259
new_n97898.out[0] (.names)                                                                                       0.261     7.520
new_n97908.in[5] (.names)                                                                                        1.338     8.858
new_n97908.out[0] (.names)                                                                                       0.261     9.119
new_n97934.in[1] (.names)                                                                                        1.338    10.457
new_n97934.out[0] (.names)                                                                                       0.261    10.718
new_n97964.in[0] (.names)                                                                                        1.338    12.055
new_n97964.out[0] (.names)                                                                                       0.261    12.316
new_n98007_1.in[1] (.names)                                                                                      1.338    13.654
new_n98007_1.out[0] (.names)                                                                                     0.261    13.915
new_n98036_1.in[1] (.names)                                                                                      1.338    15.253
new_n98036_1.out[0] (.names)                                                                                     0.261    15.514
new_n98060_1.in[0] (.names)                                                                                      1.338    16.852
new_n98060_1.out[0] (.names)                                                                                     0.261    17.113
new_n98089.in[2] (.names)                                                                                        1.338    18.450
new_n98089.out[0] (.names)                                                                                       0.261    18.711
new_n98097.in[0] (.names)                                                                                        1.338    20.049
new_n98097.out[0] (.names)                                                                                       0.261    20.310
new_n98112.in[5] (.names)                                                                                        1.338    21.648
new_n98112.out[0] (.names)                                                                                       0.261    21.909
new_n98130_1.in[0] (.names)                                                                                      1.338    23.247
new_n98130_1.out[0] (.names)                                                                                     0.261    23.508
new_n98142.in[0] (.names)                                                                                        1.338    24.846
new_n98142.out[0] (.names)                                                                                       0.261    25.107
new_n98141_1.in[3] (.names)                                                                                      1.338    26.444
new_n98141_1.out[0] (.names)                                                                                     0.235    26.679
new_n98140_1.in[0] (.names)                                                                                      1.338    28.017
new_n98140_1.out[0] (.names)                                                                                     0.235    28.252
new_n98147.in[1] (.names)                                                                                        1.338    29.590
new_n98147.out[0] (.names)                                                                                       0.235    29.825
n46744.in[1] (.names)                                                                                            1.338    31.163
n46744.out[0] (.names)                                                                                           0.235    31.398
sv_chip2_hierarchy_no_mem.h_fltr_1_left.your_instance_name_h2^dout~26_FF.D[0] (.latch)                           1.338    32.735
data arrival time                                                                                                         32.735

clock sv_chip2_hierarchy_no_mem^tm3_clk_v0 (rise edge)                                                           0.000     0.000
clock source latency                                                                                             0.000     0.000
sv_chip2_hierarchy_no_mem^tm3_clk_v0.inpad[0] (.input)                                                           0.000     0.000
sv_chip2_hierarchy_no_mem.h_fltr_1_left.your_instance_name_h2^dout~26_FF.clk[0] (.latch)                         1.338     1.338
clock uncertainty                                                                                                0.000     1.338
cell setup time                                                                                                 -0.066     1.272
data required time                                                                                                         1.272
--------------------------------------------------------------------------------------------------------------------------------
data required time                                                                                                         1.272
data arrival time                                                                                                        -32.735
--------------------------------------------------------------------------------------------------------------------------------
slack (VIOLATED)                                                                                                         -31.464


#Path 77
Startpoint: lo03435.Q[0] (.latch clocked by sv_chip2_hierarchy_no_mem^tm3_clk_v0)
Endpoint  : sv_chip2_hierarchy_no_mem.h_fltr_2_left.your_instance_name_f3^dout~27_FF.D[0] (.latch clocked by sv_chip2_hierarchy_no_mem^tm3_clk_v0)
Path Type : setup

Point                                                                                                             Incr      Path
--------------------------------------------------------------------------------------------------------------------------------
clock sv_chip2_hierarchy_no_mem^tm3_clk_v0 (rise edge)                                                           0.000     0.000
clock source latency                                                                                             0.000     0.000
sv_chip2_hierarchy_no_mem^tm3_clk_v0.inpad[0] (.input)                                                           0.000     0.000
lo03435.clk[0] (.latch)                                                                                          1.338     1.338
lo03435.Q[0] (.latch) [clock-to-output]                                                                          0.124     1.462
sv_chip2_hierarchy_no_mem.h_fltr_2_left.your_instance_name_f3^MUL~538[0].a[0] (multiply)                         1.338     2.800
sv_chip2_hierarchy_no_mem.h_fltr_2_left.your_instance_name_f3^MUL~538[0].out[0] (multiply)                       1.523     4.323
new_n101584_1.in[0] (.names)                                                                                     1.338     5.660
new_n101584_1.out[0] (.names)                                                                                    0.261     5.921
new_n101603.in[1] (.names)                                                                                       1.338     7.259
new_n101603.out[0] (.names)                                                                                      0.261     7.520
new_n101612.in[0] (.names)                                                                                       1.338     8.858
new_n101612.out[0] (.names)                                                                                      0.261     9.119
new_n101620.in[3] (.names)                                                                                       1.338    10.457
new_n101620.out[0] (.names)                                                                                      0.235    10.692
new_n101631.in[1] (.names)                                                                                       1.338    12.029
new_n101631.out[0] (.names)                                                                                      0.261    12.290
new_n101653.in[1] (.names)                                                                                       1.338    13.628
new_n101653.out[0] (.names)                                                                                      0.261    13.889
new_n101678.in[1] (.names)                                                                                       1.338    15.227
new_n101678.out[0] (.names)                                                                                      0.261    15.488
new_n101700.in[1] (.names)                                                                                       1.338    16.826
new_n101700.out[0] (.names)                                                                                      0.261    17.087
new_n101726.in[1] (.names)                                                                                       1.338    18.424
new_n101726.out[0] (.names)                                                                                      0.261    18.685
new_n101751.in[2] (.names)                                                                                       1.338    20.023
new_n101751.out[0] (.names)                                                                                      0.261    20.284
new_n101773.in[2] (.names)                                                                                       1.338    21.622
new_n101773.out[0] (.names)                                                                                      0.261    21.883
new_n101792.in[2] (.names)                                                                                       1.338    23.221
new_n101792.out[0] (.names)                                                                                      0.261    23.482
new_n101826.in[0] (.names)                                                                                       1.338    24.820
new_n101826.out[0] (.names)                                                                                      0.235    25.055
new_n101850.in[1] (.names)                                                                                       1.338    26.392
new_n101850.out[0] (.names)                                                                                      0.261    26.653
new_n101855.in[1] (.names)                                                                                       1.338    27.991
new_n101855.out[0] (.names)                                                                                      0.261    28.252
new_n101862.in[1] (.names)                                                                                       1.338    29.590
new_n101862.out[0] (.names)                                                                                      0.235    29.825
n57610.in[1] (.names)                                                                                            1.338    31.163
n57610.out[0] (.names)                                                                                           0.235    31.398
sv_chip2_hierarchy_no_mem.h_fltr_2_left.your_instance_name_f3^dout~27_FF.D[0] (.latch)                           1.338    32.735
data arrival time                                                                                                         32.735

clock sv_chip2_hierarchy_no_mem^tm3_clk_v0 (rise edge)                                                           0.000     0.000
clock source latency                                                                                             0.000     0.000
sv_chip2_hierarchy_no_mem^tm3_clk_v0.inpad[0] (.input)                                                           0.000     0.000
sv_chip2_hierarchy_no_mem.h_fltr_2_left.your_instance_name_f3^dout~27_FF.clk[0] (.latch)                         1.338     1.338
clock uncertainty                                                                                                0.000     1.338
cell setup time                                                                                                 -0.066     1.272
data required time                                                                                                         1.272
--------------------------------------------------------------------------------------------------------------------------------
data required time                                                                                                         1.272
data arrival time                                                                                                        -32.735
--------------------------------------------------------------------------------------------------------------------------------
slack (VIOLATED)                                                                                                         -31.464


#Path 78
Startpoint: lo03786.Q[0] (.latch clocked by sv_chip2_hierarchy_no_mem^tm3_clk_v0)
Endpoint  : sv_chip2_hierarchy_no_mem.h_fltr_2_left.your_instance_name_h2^dout~25_FF.D[0] (.latch clocked by sv_chip2_hierarchy_no_mem^tm3_clk_v0)
Path Type : setup

Point                                                                                                             Incr      Path
--------------------------------------------------------------------------------------------------------------------------------
clock sv_chip2_hierarchy_no_mem^tm3_clk_v0 (rise edge)                                                           0.000     0.000
clock source latency                                                                                             0.000     0.000
sv_chip2_hierarchy_no_mem^tm3_clk_v0.inpad[0] (.input)                                                           0.000     0.000
lo03786.clk[0] (.latch)                                                                                          1.338     1.338
lo03786.Q[0] (.latch) [clock-to-output]                                                                          0.124     1.462
sv_chip2_hierarchy_no_mem.h_fltr_2_left.your_instance_name_h2^MUL~570[0].a[0] (multiply)                         1.338     2.800
sv_chip2_hierarchy_no_mem.h_fltr_2_left.your_instance_name_h2^MUL~570[0].out[1] (multiply)                       1.523     4.323
new_n102138_1.in[0] (.names)                                                                                     1.338     5.660
new_n102138_1.out[0] (.names)                                                                                    0.261     5.921
new_n102485_1.in[0] (.names)                                                                                     1.338     7.259
new_n102485_1.out[0] (.names)                                                                                    0.261     7.520
new_n102510_1.in[3] (.names)                                                                                     1.338     8.858
new_n102510_1.out[0] (.names)                                                                                    0.261     9.119
new_n102517.in[1] (.names)                                                                                       1.338    10.457
new_n102517.out[0] (.names)                                                                                      0.261    10.718
new_n102516.in[0] (.names)                                                                                       1.338    12.055
new_n102516.out[0] (.names)                                                                                      0.235    12.290
new_n102515_1.in[0] (.names)                                                                                     1.338    13.628
new_n102515_1.out[0] (.names)                                                                                    0.235    13.863
new_n102528.in[4] (.names)                                                                                       1.338    15.201
new_n102528.out[0] (.names)                                                                                      0.261    15.462
new_n102553.in[1] (.names)                                                                                       1.338    16.800
new_n102553.out[0] (.names)                                                                                      0.261    17.061
new_n102580_1.in[1] (.names)                                                                                     1.338    18.398
new_n102580_1.out[0] (.names)                                                                                    0.261    18.659
new_n102607.in[1] (.names)                                                                                       1.338    19.997
new_n102607.out[0] (.names)                                                                                      0.261    20.258
new_n102634_1.in[1] (.names)                                                                                     1.338    21.596
new_n102634_1.out[0] (.names)                                                                                    0.261    21.857
new_n102662.in[1] (.names)                                                                                       1.338    23.195
new_n102662.out[0] (.names)                                                                                      0.261    23.456
new_n102677.in[2] (.names)                                                                                       1.338    24.794
new_n102677.out[0] (.names)                                                                                      0.261    25.055
new_n102726.in[5] (.names)                                                                                       1.338    26.392
new_n102726.out[0] (.names)                                                                                      0.261    26.653
new_n102750_1.in[5] (.names)                                                                                     1.338    27.991
new_n102750_1.out[0] (.names)                                                                                    0.261    28.252
new_n102761.in[1] (.names)                                                                                       1.338    29.590
new_n102761.out[0] (.names)                                                                                      0.235    29.825
n59908.in[1] (.names)                                                                                            1.338    31.163
n59908.out[0] (.names)                                                                                           0.235    31.398
sv_chip2_hierarchy_no_mem.h_fltr_2_left.your_instance_name_h2^dout~25_FF.D[0] (.latch)                           1.338    32.735
data arrival time                                                                                                         32.735

clock sv_chip2_hierarchy_no_mem^tm3_clk_v0 (rise edge)                                                           0.000     0.000
clock source latency                                                                                             0.000     0.000
sv_chip2_hierarchy_no_mem^tm3_clk_v0.inpad[0] (.input)                                                           0.000     0.000
sv_chip2_hierarchy_no_mem.h_fltr_2_left.your_instance_name_h2^dout~25_FF.clk[0] (.latch)                         1.338     1.338
clock uncertainty                                                                                                0.000     1.338
cell setup time                                                                                                 -0.066     1.272
data required time                                                                                                         1.272
--------------------------------------------------------------------------------------------------------------------------------
data required time                                                                                                         1.272
data arrival time                                                                                                        -32.735
--------------------------------------------------------------------------------------------------------------------------------
slack (VIOLATED)                                                                                                         -31.464


#Path 79
Startpoint: lo03786.Q[0] (.latch clocked by sv_chip2_hierarchy_no_mem^tm3_clk_v0)
Endpoint  : sv_chip2_hierarchy_no_mem.h_fltr_2_left.your_instance_name_h2^dout~26_FF.D[0] (.latch clocked by sv_chip2_hierarchy_no_mem^tm3_clk_v0)
Path Type : setup

Point                                                                                                             Incr      Path
--------------------------------------------------------------------------------------------------------------------------------
clock sv_chip2_hierarchy_no_mem^tm3_clk_v0 (rise edge)                                                           0.000     0.000
clock source latency                                                                                             0.000     0.000
sv_chip2_hierarchy_no_mem^tm3_clk_v0.inpad[0] (.input)                                                           0.000     0.000
lo03786.clk[0] (.latch)                                                                                          1.338     1.338
lo03786.Q[0] (.latch) [clock-to-output]                                                                          0.124     1.462
sv_chip2_hierarchy_no_mem.h_fltr_2_left.your_instance_name_h2^MUL~570[0].a[0] (multiply)                         1.338     2.800
sv_chip2_hierarchy_no_mem.h_fltr_2_left.your_instance_name_h2^MUL~570[0].out[1] (multiply)                       1.523     4.323
new_n102138_1.in[0] (.names)                                                                                     1.338     5.660
new_n102138_1.out[0] (.names)                                                                                    0.261     5.921
new_n102485_1.in[0] (.names)                                                                                     1.338     7.259
new_n102485_1.out[0] (.names)                                                                                    0.261     7.520
new_n102510_1.in[3] (.names)                                                                                     1.338     8.858
new_n102510_1.out[0] (.names)                                                                                    0.261     9.119
new_n102517.in[1] (.names)                                                                                       1.338    10.457
new_n102517.out[0] (.names)                                                                                      0.261    10.718
new_n102516.in[0] (.names)                                                                                       1.338    12.055
new_n102516.out[0] (.names)                                                                                      0.235    12.290
new_n102515_1.in[0] (.names)                                                                                     1.338    13.628
new_n102515_1.out[0] (.names)                                                                                    0.235    13.863
new_n102528.in[4] (.names)                                                                                       1.338    15.201
new_n102528.out[0] (.names)                                                                                      0.261    15.462
new_n102553.in[1] (.names)                                                                                       1.338    16.800
new_n102553.out[0] (.names)                                                                                      0.261    17.061
new_n102580_1.in[1] (.names)                                                                                     1.338    18.398
new_n102580_1.out[0] (.names)                                                                                    0.261    18.659
new_n102607.in[1] (.names)                                                                                       1.338    19.997
new_n102607.out[0] (.names)                                                                                      0.261    20.258
new_n102634_1.in[1] (.names)                                                                                     1.338    21.596
new_n102634_1.out[0] (.names)                                                                                    0.261    21.857
new_n102662.in[1] (.names)                                                                                       1.338    23.195
new_n102662.out[0] (.names)                                                                                      0.261    23.456
new_n102677.in[2] (.names)                                                                                       1.338    24.794
new_n102677.out[0] (.names)                                                                                      0.261    25.055
new_n102726.in[5] (.names)                                                                                       1.338    26.392
new_n102726.out[0] (.names)                                                                                      0.261    26.653
new_n102750_1.in[5] (.names)                                                                                     1.338    27.991
new_n102750_1.out[0] (.names)                                                                                    0.261    28.252
new_n102771.in[4] (.names)                                                                                       1.338    29.590
new_n102771.out[0] (.names)                                                                                      0.235    29.825
n59923.in[1] (.names)                                                                                            1.338    31.163
n59923.out[0] (.names)                                                                                           0.235    31.398
sv_chip2_hierarchy_no_mem.h_fltr_2_left.your_instance_name_h2^dout~26_FF.D[0] (.latch)                           1.338    32.735
data arrival time                                                                                                         32.735

clock sv_chip2_hierarchy_no_mem^tm3_clk_v0 (rise edge)                                                           0.000     0.000
clock source latency                                                                                             0.000     0.000
sv_chip2_hierarchy_no_mem^tm3_clk_v0.inpad[0] (.input)                                                           0.000     0.000
sv_chip2_hierarchy_no_mem.h_fltr_2_left.your_instance_name_h2^dout~26_FF.clk[0] (.latch)                         1.338     1.338
clock uncertainty                                                                                                0.000     1.338
cell setup time                                                                                                 -0.066     1.272
data required time                                                                                                         1.272
--------------------------------------------------------------------------------------------------------------------------------
data required time                                                                                                         1.272
data arrival time                                                                                                        -32.735
--------------------------------------------------------------------------------------------------------------------------------
slack (VIOLATED)                                                                                                         -31.464


#Path 80
Startpoint: lo01169.Q[0] (.latch clocked by sv_chip2_hierarchy_no_mem^tm3_clk_v0)
Endpoint  : sv_chip2_hierarchy_no_mem.h_fltr_1_left.your_instance_name_h2^dout~25_FF.D[0] (.latch clocked by sv_chip2_hierarchy_no_mem^tm3_clk_v0)
Path Type : setup

Point                                                                                                             Incr      Path
--------------------------------------------------------------------------------------------------------------------------------
clock sv_chip2_hierarchy_no_mem^tm3_clk_v0 (rise edge)                                                           0.000     0.000
clock source latency                                                                                             0.000     0.000
sv_chip2_hierarchy_no_mem^tm3_clk_v0.inpad[0] (.input)                                                           0.000     0.000
lo01169.clk[0] (.latch)                                                                                          1.338     1.338
lo01169.Q[0] (.latch) [clock-to-output]                                                                          0.124     1.462
sv_chip2_hierarchy_no_mem.h_fltr_1_left.your_instance_name_h2^MUL~424[0].a[0] (multiply)                         1.338     2.800
sv_chip2_hierarchy_no_mem.h_fltr_1_left.your_instance_name_h2^MUL~424[0].out[3] (multiply)                       1.523     4.323
new_n97887.in[0] (.names)                                                                                        1.338     5.660
new_n97887.out[0] (.names)                                                                                       0.261     5.921
new_n97898.in[0] (.names)                                                                                        1.338     7.259
new_n97898.out[0] (.names)                                                                                       0.261     7.520
new_n97908.in[5] (.names)                                                                                        1.338     8.858
new_n97908.out[0] (.names)                                                                                       0.261     9.119
new_n97934.in[1] (.names)                                                                                        1.338    10.457
new_n97934.out[0] (.names)                                                                                       0.261    10.718
new_n97964.in[0] (.names)                                                                                        1.338    12.055
new_n97964.out[0] (.names)                                                                                       0.261    12.316
new_n98007_1.in[1] (.names)                                                                                      1.338    13.654
new_n98007_1.out[0] (.names)                                                                                     0.261    13.915
new_n98036_1.in[1] (.names)                                                                                      1.338    15.253
new_n98036_1.out[0] (.names)                                                                                     0.261    15.514
new_n98060_1.in[0] (.names)                                                                                      1.338    16.852
new_n98060_1.out[0] (.names)                                                                                     0.261    17.113
new_n98089.in[2] (.names)                                                                                        1.338    18.450
new_n98089.out[0] (.names)                                                                                       0.261    18.711
new_n98097.in[0] (.names)                                                                                        1.338    20.049
new_n98097.out[0] (.names)                                                                                       0.261    20.310
new_n98112.in[5] (.names)                                                                                        1.338    21.648
new_n98112.out[0] (.names)                                                                                       0.261    21.909
new_n98121_1.in[0] (.names)                                                                                      1.338    23.247
new_n98121_1.out[0] (.names)                                                                                     0.261    23.508
new_n98120_1.in[3] (.names)                                                                                      1.338    24.846
new_n98120_1.out[0] (.names)                                                                                     0.235    25.081
new_n98119.in[0] (.names)                                                                                        1.338    26.418
new_n98119.out[0] (.names)                                                                                       0.235    26.653
new_n98126_1.in[1] (.names)                                                                                      1.338    27.991
new_n98126_1.out[0] (.names)                                                                                     0.261    28.252
new_n98139.in[1] (.names)                                                                                        1.338    29.590
new_n98139.out[0] (.names)                                                                                       0.235    29.825
n46729.in[1] (.names)                                                                                            1.338    31.163
n46729.out[0] (.names)                                                                                           0.235    31.398
sv_chip2_hierarchy_no_mem.h_fltr_1_left.your_instance_name_h2^dout~25_FF.D[0] (.latch)                           1.338    32.735
data arrival time                                                                                                         32.735

clock sv_chip2_hierarchy_no_mem^tm3_clk_v0 (rise edge)                                                           0.000     0.000
clock source latency                                                                                             0.000     0.000
sv_chip2_hierarchy_no_mem^tm3_clk_v0.inpad[0] (.input)                                                           0.000     0.000
sv_chip2_hierarchy_no_mem.h_fltr_1_left.your_instance_name_h2^dout~25_FF.clk[0] (.latch)                         1.338     1.338
clock uncertainty                                                                                                0.000     1.338
cell setup time                                                                                                 -0.066     1.272
data required time                                                                                                         1.272
--------------------------------------------------------------------------------------------------------------------------------
data required time                                                                                                         1.272
data arrival time                                                                                                        -32.735
--------------------------------------------------------------------------------------------------------------------------------
slack (VIOLATED)                                                                                                         -31.464


#Path 81
Startpoint: lo03435.Q[0] (.latch clocked by sv_chip2_hierarchy_no_mem^tm3_clk_v0)
Endpoint  : sv_chip2_hierarchy_no_mem.h_fltr_2_left.your_instance_name_f3^dout~26_FF.D[0] (.latch clocked by sv_chip2_hierarchy_no_mem^tm3_clk_v0)
Path Type : setup

Point                                                                                                             Incr      Path
--------------------------------------------------------------------------------------------------------------------------------
clock sv_chip2_hierarchy_no_mem^tm3_clk_v0 (rise edge)                                                           0.000     0.000
clock source latency                                                                                             0.000     0.000
sv_chip2_hierarchy_no_mem^tm3_clk_v0.inpad[0] (.input)                                                           0.000     0.000
lo03435.clk[0] (.latch)                                                                                          1.338     1.338
lo03435.Q[0] (.latch) [clock-to-output]                                                                          0.124     1.462
sv_chip2_hierarchy_no_mem.h_fltr_2_left.your_instance_name_f3^MUL~538[0].a[0] (multiply)                         1.338     2.800
sv_chip2_hierarchy_no_mem.h_fltr_2_left.your_instance_name_f3^MUL~538[0].out[0] (multiply)                       1.523     4.323
new_n101584_1.in[0] (.names)                                                                                     1.338     5.660
new_n101584_1.out[0] (.names)                                                                                    0.261     5.921
new_n101603.in[1] (.names)                                                                                       1.338     7.259
new_n101603.out[0] (.names)                                                                                      0.261     7.520
new_n101612.in[0] (.names)                                                                                       1.338     8.858
new_n101612.out[0] (.names)                                                                                      0.261     9.119
new_n101620.in[3] (.names)                                                                                       1.338    10.457
new_n101620.out[0] (.names)                                                                                      0.235    10.692
new_n101631.in[1] (.names)                                                                                       1.338    12.029
new_n101631.out[0] (.names)                                                                                      0.261    12.290
new_n101653.in[1] (.names)                                                                                       1.338    13.628
new_n101653.out[0] (.names)                                                                                      0.261    13.889
new_n101678.in[1] (.names)                                                                                       1.338    15.227
new_n101678.out[0] (.names)                                                                                      0.261    15.488
new_n101700.in[1] (.names)                                                                                       1.338    16.826
new_n101700.out[0] (.names)                                                                                      0.261    17.087
new_n101726.in[1] (.names)                                                                                       1.338    18.424
new_n101726.out[0] (.names)                                                                                      0.261    18.685
new_n101751.in[2] (.names)                                                                                       1.338    20.023
new_n101751.out[0] (.names)                                                                                      0.261    20.284
new_n101773.in[2] (.names)                                                                                       1.338    21.622
new_n101773.out[0] (.names)                                                                                      0.261    21.883
new_n101792.in[2] (.names)                                                                                       1.338    23.221
new_n101792.out[0] (.names)                                                                                      0.261    23.482
new_n101791.in[0] (.names)                                                                                       1.338    24.820
new_n101791.out[0] (.names)                                                                                      0.235    25.055
new_n101828.in[1] (.names)                                                                                       1.338    26.392
new_n101828.out[0] (.names)                                                                                      0.261    26.653
new_n101851.in[3] (.names)                                                                                       1.338    27.991
new_n101851.out[0] (.names)                                                                                      0.261    28.252
new_n101854.in[2] (.names)                                                                                       1.338    29.590
new_n101854.out[0] (.names)                                                                                      0.235    29.825
n57591.in[1] (.names)                                                                                            1.338    31.163
n57591.out[0] (.names)                                                                                           0.235    31.398
sv_chip2_hierarchy_no_mem.h_fltr_2_left.your_instance_name_f3^dout~26_FF.D[0] (.latch)                           1.338    32.735
data arrival time                                                                                                         32.735

clock sv_chip2_hierarchy_no_mem^tm3_clk_v0 (rise edge)                                                           0.000     0.000
clock source latency                                                                                             0.000     0.000
sv_chip2_hierarchy_no_mem^tm3_clk_v0.inpad[0] (.input)                                                           0.000     0.000
sv_chip2_hierarchy_no_mem.h_fltr_2_left.your_instance_name_f3^dout~26_FF.clk[0] (.latch)                         1.338     1.338
clock uncertainty                                                                                                0.000     1.338
cell setup time                                                                                                 -0.066     1.272
data required time                                                                                                         1.272
--------------------------------------------------------------------------------------------------------------------------------
data required time                                                                                                         1.272
data arrival time                                                                                                        -32.735
--------------------------------------------------------------------------------------------------------------------------------
slack (VIOLATED)                                                                                                         -31.464


#Path 82
Startpoint: lo06337.Q[0] (.latch clocked by sv_chip2_hierarchy_no_mem^tm3_clk_v0)
Endpoint  : sv_chip2_hierarchy_no_mem.h_fltr_4_left.your_instance_name_h2^dout~25_FF.D[0] (.latch clocked by sv_chip2_hierarchy_no_mem^tm3_clk_v0)
Path Type : setup

Point                                                                                                             Incr      Path
--------------------------------------------------------------------------------------------------------------------------------
clock sv_chip2_hierarchy_no_mem^tm3_clk_v0 (rise edge)                                                           0.000     0.000
clock source latency                                                                                             0.000     0.000
sv_chip2_hierarchy_no_mem^tm3_clk_v0.inpad[0] (.input)                                                           0.000     0.000
lo06337.clk[0] (.latch)                                                                                          1.338     1.338
lo06337.Q[0] (.latch) [clock-to-output]                                                                          0.124     1.462
sv_chip2_hierarchy_no_mem.h_fltr_4_left.your_instance_name_h2^MUL~708[0].a[0] (multiply)                         1.338     2.800
sv_chip2_hierarchy_no_mem.h_fltr_4_left.your_instance_name_h2^MUL~708[0].out[3] (multiply)                       1.523     4.323
new_n107178.in[0] (.names)                                                                                       1.338     5.660
new_n107178.out[0] (.names)                                                                                      0.261     5.921
new_n107190.in[0] (.names)                                                                                       1.338     7.259
new_n107190.out[0] (.names)                                                                                      0.261     7.520
new_n107204.in[5] (.names)                                                                                       1.338     8.858
new_n107204.out[0] (.names)                                                                                      0.261     9.119
new_n107226.in[1] (.names)                                                                                       1.338    10.457
new_n107226.out[0] (.names)                                                                                      0.261    10.718
new_n107260.in[0] (.names)                                                                                       1.338    12.055
new_n107260.out[0] (.names)                                                                                      0.261    12.316
new_n107298.in[1] (.names)                                                                                       1.338    13.654
new_n107298.out[0] (.names)                                                                                      0.261    13.915
new_n107325.in[1] (.names)                                                                                       1.338    15.253
new_n107325.out[0] (.names)                                                                                      0.261    15.514
new_n107357_1.in[0] (.names)                                                                                     1.338    16.852
new_n107357_1.out[0] (.names)                                                                                    0.261    17.113
new_n107383.in[2] (.names)                                                                                       1.338    18.450
new_n107383.out[0] (.names)                                                                                      0.261    18.711
new_n107405.in[0] (.names)                                                                                       1.338    20.049
new_n107405.out[0] (.names)                                                                                      0.261    20.310
new_n107424.in[0] (.names)                                                                                       1.338    21.648
new_n107424.out[0] (.names)                                                                                      0.261    21.909
new_n107435_1.in[0] (.names)                                                                                     1.338    23.247
new_n107435_1.out[0] (.names)                                                                                    0.261    23.508
new_n107434.in[4] (.names)                                                                                       1.338    24.846
new_n107434.out[0] (.names)                                                                                      0.261    25.107
new_n107433.in[4] (.names)                                                                                       1.338    26.444
new_n107433.out[0] (.names)                                                                                      0.235    26.679
new_n107432_1.in[0] (.names)                                                                                     1.338    28.017
new_n107432_1.out[0] (.names)                                                                                    0.235    28.252
new_n107431_1.in[4] (.names)                                                                                     1.338    29.590
new_n107431_1.out[0] (.names)                                                                                    0.235    29.825
n73087.in[1] (.names)                                                                                            1.338    31.163
n73087.out[0] (.names)                                                                                           0.235    31.398
sv_chip2_hierarchy_no_mem.h_fltr_4_left.your_instance_name_h2^dout~25_FF.D[0] (.latch)                           1.338    32.735
data arrival time                                                                                                         32.735

clock sv_chip2_hierarchy_no_mem^tm3_clk_v0 (rise edge)                                                           0.000     0.000
clock source latency                                                                                             0.000     0.000
sv_chip2_hierarchy_no_mem^tm3_clk_v0.inpad[0] (.input)                                                           0.000     0.000
sv_chip2_hierarchy_no_mem.h_fltr_4_left.your_instance_name_h2^dout~25_FF.clk[0] (.latch)                         1.338     1.338
clock uncertainty                                                                                                0.000     1.338
cell setup time                                                                                                 -0.066     1.272
data required time                                                                                                         1.272
--------------------------------------------------------------------------------------------------------------------------------
data required time                                                                                                         1.272
data arrival time                                                                                                        -32.735
--------------------------------------------------------------------------------------------------------------------------------
slack (VIOLATED)                                                                                                         -31.464


#Path 83
Startpoint: lo02338.Q[0] (.latch clocked by sv_chip2_hierarchy_no_mem^tm3_clk_v0)
Endpoint  : sv_chip2_hierarchy_no_mem.h_fltr_1_left.your_instance_name_h3^dout~26_FF.D[0] (.latch clocked by sv_chip2_hierarchy_no_mem^tm3_clk_v0)
Path Type : setup

Point                                                                                                             Incr      Path
--------------------------------------------------------------------------------------------------------------------------------
clock sv_chip2_hierarchy_no_mem^tm3_clk_v0 (rise edge)                                                           0.000     0.000
clock source latency                                                                                             0.000     0.000
sv_chip2_hierarchy_no_mem^tm3_clk_v0.inpad[0] (.input)                                                           0.000     0.000
lo02338.clk[0] (.latch)                                                                                          1.338     1.338
lo02338.Q[0] (.latch) [clock-to-output]                                                                          0.124     1.462
sv_chip2_hierarchy_no_mem.h_fltr_1_left.your_instance_name_h3^MUL~440[0].a[0] (multiply)                         1.338     2.800
sv_chip2_hierarchy_no_mem.h_fltr_1_left.your_instance_name_h3^MUL~440[0].out[0] (multiply)                       1.523     4.323
new_n99642.in[0] (.names)                                                                                        1.338     5.660
new_n99642.out[0] (.names)                                                                                       0.261     5.921
new_n99652.in[0] (.names)                                                                                        1.338     7.259
new_n99652.out[0] (.names)                                                                                       0.261     7.520
new_n99650.in[3] (.names)                                                                                        1.338     8.858
new_n99650.out[0] (.names)                                                                                       0.261     9.119
new_n99663.in[4] (.names)                                                                                        1.338    10.457
new_n99663.out[0] (.names)                                                                                       0.261    10.718
new_n99684.in[3] (.names)                                                                                        1.338    12.055
new_n99684.out[0] (.names)                                                                                       0.261    12.316
new_n99696.in[3] (.names)                                                                                        1.338    13.654
new_n99696.out[0] (.names)                                                                                       0.261    13.915
new_n99722.in[1] (.names)                                                                                        1.338    15.253
new_n99722.out[0] (.names)                                                                                       0.261    15.514
new_n99733.in[0] (.names)                                                                                        1.338    16.852
new_n99733.out[0] (.names)                                                                                       0.261    17.113
new_n99760.in[1] (.names)                                                                                        1.338    18.450
new_n99760.out[0] (.names)                                                                                       0.261    18.711
new_n99775.in[3] (.names)                                                                                        1.338    20.049
new_n99775.out[0] (.names)                                                                                       0.261    20.310
new_n99810.in[0] (.names)                                                                                        1.338    21.648
new_n99810.out[0] (.names)                                                                                       0.235    21.883
new_n99835.in[3] (.names)                                                                                        1.338    23.221
new_n99835.out[0] (.names)                                                                                       0.261    23.482
new_n99862.in[3] (.names)                                                                                        1.338    24.820
new_n99862.out[0] (.names)                                                                                       0.261    25.081
new_n99873_1.in[3] (.names)                                                                                      1.338    26.418
new_n99873_1.out[0] (.names)                                                                                     0.261    26.679
new_n99894.in[0] (.names)                                                                                        1.338    28.017
new_n99894.out[0] (.names)                                                                                       0.235    28.252
new_n99908_1.in[0] (.names)                                                                                      1.338    29.590
new_n99908_1.out[0] (.names)                                                                                     0.235    29.825
n51933.in[1] (.names)                                                                                            1.338    31.163
n51933.out[0] (.names)                                                                                           0.235    31.398
sv_chip2_hierarchy_no_mem.h_fltr_1_left.your_instance_name_h3^dout~26_FF.D[0] (.latch)                           1.338    32.735
data arrival time                                                                                                         32.735

clock sv_chip2_hierarchy_no_mem^tm3_clk_v0 (rise edge)                                                           0.000     0.000
clock source latency                                                                                             0.000     0.000
sv_chip2_hierarchy_no_mem^tm3_clk_v0.inpad[0] (.input)                                                           0.000     0.000
sv_chip2_hierarchy_no_mem.h_fltr_1_left.your_instance_name_h3^dout~26_FF.clk[0] (.latch)                         1.338     1.338
clock uncertainty                                                                                                0.000     1.338
cell setup time                                                                                                 -0.066     1.272
data required time                                                                                                         1.272
--------------------------------------------------------------------------------------------------------------------------------
data required time                                                                                                         1.272
data arrival time                                                                                                        -32.735
--------------------------------------------------------------------------------------------------------------------------------
slack (VIOLATED)                                                                                                         -31.464


#Path 84
Startpoint: lo02338.Q[0] (.latch clocked by sv_chip2_hierarchy_no_mem^tm3_clk_v0)
Endpoint  : sv_chip2_hierarchy_no_mem.h_fltr_1_left.your_instance_name_h3^dout~27_FF.D[0] (.latch clocked by sv_chip2_hierarchy_no_mem^tm3_clk_v0)
Path Type : setup

Point                                                                                                             Incr      Path
--------------------------------------------------------------------------------------------------------------------------------
clock sv_chip2_hierarchy_no_mem^tm3_clk_v0 (rise edge)                                                           0.000     0.000
clock source latency                                                                                             0.000     0.000
sv_chip2_hierarchy_no_mem^tm3_clk_v0.inpad[0] (.input)                                                           0.000     0.000
lo02338.clk[0] (.latch)                                                                                          1.338     1.338
lo02338.Q[0] (.latch) [clock-to-output]                                                                          0.124     1.462
sv_chip2_hierarchy_no_mem.h_fltr_1_left.your_instance_name_h3^MUL~440[0].a[0] (multiply)                         1.338     2.800
sv_chip2_hierarchy_no_mem.h_fltr_1_left.your_instance_name_h3^MUL~440[0].out[0] (multiply)                       1.523     4.323
new_n99642.in[0] (.names)                                                                                        1.338     5.660
new_n99642.out[0] (.names)                                                                                       0.261     5.921
new_n99652.in[0] (.names)                                                                                        1.338     7.259
new_n99652.out[0] (.names)                                                                                       0.261     7.520
new_n99650.in[3] (.names)                                                                                        1.338     8.858
new_n99650.out[0] (.names)                                                                                       0.261     9.119
new_n99663.in[4] (.names)                                                                                        1.338    10.457
new_n99663.out[0] (.names)                                                                                       0.261    10.718
new_n99684.in[3] (.names)                                                                                        1.338    12.055
new_n99684.out[0] (.names)                                                                                       0.261    12.316
new_n99696.in[3] (.names)                                                                                        1.338    13.654
new_n99696.out[0] (.names)                                                                                       0.261    13.915
new_n99722.in[1] (.names)                                                                                        1.338    15.253
new_n99722.out[0] (.names)                                                                                       0.261    15.514
new_n99733.in[0] (.names)                                                                                        1.338    16.852
new_n99733.out[0] (.names)                                                                                       0.261    17.113
new_n99760.in[1] (.names)                                                                                        1.338    18.450
new_n99760.out[0] (.names)                                                                                       0.261    18.711
new_n99775.in[3] (.names)                                                                                        1.338    20.049
new_n99775.out[0] (.names)                                                                                       0.261    20.310
new_n99810.in[0] (.names)                                                                                        1.338    21.648
new_n99810.out[0] (.names)                                                                                       0.235    21.883
new_n99835.in[3] (.names)                                                                                        1.338    23.221
new_n99835.out[0] (.names)                                                                                       0.261    23.482
new_n99862.in[3] (.names)                                                                                        1.338    24.820
new_n99862.out[0] (.names)                                                                                       0.261    25.081
new_n99873_1.in[3] (.names)                                                                                      1.338    26.418
new_n99873_1.out[0] (.names)                                                                                     0.261    26.679
new_n99894.in[0] (.names)                                                                                        1.338    28.017
new_n99894.out[0] (.names)                                                                                       0.235    28.252
new_n99917.in[0] (.names)                                                                                        1.338    29.590
new_n99917.out[0] (.names)                                                                                       0.235    29.825
n51948.in[2] (.names)                                                                                            1.338    31.163
n51948.out[0] (.names)                                                                                           0.235    31.398
sv_chip2_hierarchy_no_mem.h_fltr_1_left.your_instance_name_h3^dout~27_FF.D[0] (.latch)                           1.338    32.735
data arrival time                                                                                                         32.735

clock sv_chip2_hierarchy_no_mem^tm3_clk_v0 (rise edge)                                                           0.000     0.000
clock source latency                                                                                             0.000     0.000
sv_chip2_hierarchy_no_mem^tm3_clk_v0.inpad[0] (.input)                                                           0.000     0.000
sv_chip2_hierarchy_no_mem.h_fltr_1_left.your_instance_name_h3^dout~27_FF.clk[0] (.latch)                         1.338     1.338
clock uncertainty                                                                                                0.000     1.338
cell setup time                                                                                                 -0.066     1.272
data required time                                                                                                         1.272
--------------------------------------------------------------------------------------------------------------------------------
data required time                                                                                                         1.272
data arrival time                                                                                                        -32.735
--------------------------------------------------------------------------------------------------------------------------------
slack (VIOLATED)                                                                                                         -31.464


#Path 85
Startpoint: lo13997.Q[0] (.latch clocked by sv_chip2_hierarchy_no_mem^tm3_clk_v0)
Endpoint  : sv_chip2_hierarchy_no_mem.h_fltr_4_right.your_instance_name_h2^dout~25_FF.D[0] (.latch clocked by sv_chip2_hierarchy_no_mem^tm3_clk_v0)
Path Type : setup

Point                                                                                                               Incr      Path
----------------------------------------------------------------------------------------------------------------------------------
clock sv_chip2_hierarchy_no_mem^tm3_clk_v0 (rise edge)                                                             0.000     0.000
clock source latency                                                                                               0.000     0.000
sv_chip2_hierarchy_no_mem^tm3_clk_v0.inpad[0] (.input)                                                             0.000     0.000
lo13997.clk[0] (.latch)                                                                                            1.338     1.338
lo13997.Q[0] (.latch) [clock-to-output]                                                                            0.124     1.462
sv_chip2_hierarchy_no_mem.h_fltr_4_right.your_instance_name_h2^MUL~1494[0].a[0] (multiply)                         1.338     2.800
sv_chip2_hierarchy_no_mem.h_fltr_4_right.your_instance_name_h2^MUL~1494[0].out[3] (multiply)                       1.523     4.323
new_n120940_1.in[0] (.names)                                                                                       1.338     5.660
new_n120940_1.out[0] (.names)                                                                                      0.261     5.921
new_n120952.in[0] (.names)                                                                                         1.338     7.259
new_n120952.out[0] (.names)                                                                                        0.261     7.520
new_n120964_1.in[5] (.names)                                                                                       1.338     8.858
new_n120964_1.out[0] (.names)                                                                                      0.261     9.119
new_n120990_1.in[1] (.names)                                                                                       1.338    10.457
new_n120990_1.out[0] (.names)                                                                                      0.261    10.718
new_n121020_1.in[0] (.names)                                                                                       1.338    12.055
new_n121020_1.out[0] (.names)                                                                                      0.261    12.316
new_n121061.in[1] (.names)                                                                                         1.338    13.654
new_n121061.out[0] (.names)                                                                                        0.261    13.915
new_n121088.in[1] (.names)                                                                                         1.338    15.253
new_n121088.out[0] (.names)                                                                                        0.261    15.514
new_n121112.in[0] (.names)                                                                                         1.338    16.852
new_n121112.out[0] (.names)                                                                                        0.261    17.113
new_n121142.in[1] (.names)                                                                                         1.338    18.450
new_n121142.out[0] (.names)                                                                                        0.261    18.711
new_n121152.in[0] (.names)                                                                                         1.338    20.049
new_n121152.out[0] (.names)                                                                                        0.261    20.310
new_n121163.in[5] (.names)                                                                                         1.338    21.648
new_n121163.out[0] (.names)                                                                                        0.261    21.909
new_n121184_1.in[0] (.names)                                                                                       1.338    23.247
new_n121184_1.out[0] (.names)                                                                                      0.261    23.508
new_n121195_1.in[0] (.names)                                                                                       1.338    24.846
new_n121195_1.out[0] (.names)                                                                                      0.261    25.107
new_n121194_1.in[3] (.names)                                                                                       1.338    26.444
new_n121194_1.out[0] (.names)                                                                                      0.235    26.679
new_n121193.in[0] (.names)                                                                                         1.338    28.017
new_n121193.out[0] (.names)                                                                                        0.235    28.252
new_n121192.in[4] (.names)                                                                                         1.338    29.590
new_n121192.out[0] (.names)                                                                                        0.235    29.825
n112729.in[1] (.names)                                                                                             1.338    31.163
n112729.out[0] (.names)                                                                                            0.235    31.398
sv_chip2_hierarchy_no_mem.h_fltr_4_right.your_instance_name_h2^dout~25_FF.D[0] (.latch)                            1.338    32.735
data arrival time                                                                                                           32.735

clock sv_chip2_hierarchy_no_mem^tm3_clk_v0 (rise edge)                                                             0.000     0.000
clock source latency                                                                                               0.000     0.000
sv_chip2_hierarchy_no_mem^tm3_clk_v0.inpad[0] (.input)                                                             0.000     0.000
sv_chip2_hierarchy_no_mem.h_fltr_4_right.your_instance_name_h2^dout~25_FF.clk[0] (.latch)                          1.338     1.338
clock uncertainty                                                                                                  0.000     1.338
cell setup time                                                                                                   -0.066     1.272
data required time                                                                                                           1.272
----------------------------------------------------------------------------------------------------------------------------------
data required time                                                                                                           1.272
data arrival time                                                                                                          -32.735
----------------------------------------------------------------------------------------------------------------------------------
slack (VIOLATED)                                                                                                           -31.464


#Path 86
Startpoint: lo10338.Q[0] (.latch clocked by sv_chip2_hierarchy_no_mem^tm3_clk_v0)
Endpoint  : sv_chip2_hierarchy_no_mem.h_fltr_2_right.your_instance_name_f2^dout~26_FF.D[0] (.latch clocked by sv_chip2_hierarchy_no_mem^tm3_clk_v0)
Path Type : setup

Point                                                                                                               Incr      Path
----------------------------------------------------------------------------------------------------------------------------------
clock sv_chip2_hierarchy_no_mem^tm3_clk_v0 (rise edge)                                                             0.000     0.000
clock source latency                                                                                               0.000     0.000
sv_chip2_hierarchy_no_mem^tm3_clk_v0.inpad[0] (.input)                                                             0.000     0.000
lo10338.clk[0] (.latch)                                                                                            1.338     1.338
lo10338.Q[0] (.latch) [clock-to-output]                                                                            0.124     1.462
sv_chip2_hierarchy_no_mem.h_fltr_2_right.your_instance_name_f2^MUL~1308[0].a[0] (multiply)                         1.338     2.800
sv_chip2_hierarchy_no_mem.h_fltr_2_right.your_instance_name_f2^MUL~1308[0].out[3] (multiply)                       1.523     4.323
new_n114244.in[0] (.names)                                                                                         1.338     5.660
new_n114244.out[0] (.names)                                                                                        0.261     5.921
new_n114256_1.in[0] (.names)                                                                                       1.338     7.259
new_n114256_1.out[0] (.names)                                                                                      0.261     7.520
new_n114268.in[5] (.names)                                                                                         1.338     8.858
new_n114268.out[0] (.names)                                                                                        0.261     9.119
new_n114295_1.in[1] (.names)                                                                                       1.338    10.457
new_n114295_1.out[0] (.names)                                                                                      0.261    10.718
new_n114324.in[0] (.names)                                                                                         1.338    12.055
new_n114324.out[0] (.names)                                                                                        0.261    12.316
new_n114364.in[1] (.names)                                                                                         1.338    13.654
new_n114364.out[0] (.names)                                                                                        0.261    13.915
new_n114393.in[1] (.names)                                                                                         1.338    15.253
new_n114393.out[0] (.names)                                                                                        0.261    15.514
new_n114425_1.in[0] (.names)                                                                                       1.338    16.852
new_n114425_1.out[0] (.names)                                                                                      0.261    17.113
new_n114447.in[2] (.names)                                                                                         1.338    18.450
new_n114447.out[0] (.names)                                                                                        0.261    18.711
new_n114473.in[0] (.names)                                                                                         1.338    20.049
new_n114473.out[0] (.names)                                                                                        0.261    20.310
new_n114493.in[0] (.names)                                                                                         1.338    21.648
new_n114493.out[0] (.names)                                                                                        0.261    21.909
new_n114505_1.in[0] (.names)                                                                                       1.338    23.247
new_n114505_1.out[0] (.names)                                                                                      0.261    23.508
new_n114504.in[4] (.names)                                                                                         1.338    24.846
new_n114504.out[0] (.names)                                                                                        0.261    25.107
new_n114503.in[3] (.names)                                                                                         1.338    26.444
new_n114503.out[0] (.names)                                                                                        0.235    26.679
new_n114502.in[0] (.names)                                                                                         1.338    28.017
new_n114502.out[0] (.names)                                                                                        0.235    28.252
new_n114509.in[1] (.names)                                                                                         1.338    29.590
new_n114509.out[0] (.names)                                                                                        0.235    29.825
n93836.in[1] (.names)                                                                                              1.338    31.163
n93836.out[0] (.names)                                                                                             0.235    31.398
sv_chip2_hierarchy_no_mem.h_fltr_2_right.your_instance_name_f2^dout~26_FF.D[0] (.latch)                            1.338    32.735
data arrival time                                                                                                           32.735

clock sv_chip2_hierarchy_no_mem^tm3_clk_v0 (rise edge)                                                             0.000     0.000
clock source latency                                                                                               0.000     0.000
sv_chip2_hierarchy_no_mem^tm3_clk_v0.inpad[0] (.input)                                                             0.000     0.000
sv_chip2_hierarchy_no_mem.h_fltr_2_right.your_instance_name_f2^dout~26_FF.clk[0] (.latch)                          1.338     1.338
clock uncertainty                                                                                                  0.000     1.338
cell setup time                                                                                                   -0.066     1.272
data required time                                                                                                           1.272
----------------------------------------------------------------------------------------------------------------------------------
data required time                                                                                                           1.272
data arrival time                                                                                                          -32.735
----------------------------------------------------------------------------------------------------------------------------------
slack (VIOLATED)                                                                                                           -31.464


#Path 87
Startpoint: lo10338.Q[0] (.latch clocked by sv_chip2_hierarchy_no_mem^tm3_clk_v0)
Endpoint  : sv_chip2_hierarchy_no_mem.h_fltr_2_right.your_instance_name_f2^dout~25_FF.D[0] (.latch clocked by sv_chip2_hierarchy_no_mem^tm3_clk_v0)
Path Type : setup

Point                                                                                                               Incr      Path
----------------------------------------------------------------------------------------------------------------------------------
clock sv_chip2_hierarchy_no_mem^tm3_clk_v0 (rise edge)                                                             0.000     0.000
clock source latency                                                                                               0.000     0.000
sv_chip2_hierarchy_no_mem^tm3_clk_v0.inpad[0] (.input)                                                             0.000     0.000
lo10338.clk[0] (.latch)                                                                                            1.338     1.338
lo10338.Q[0] (.latch) [clock-to-output]                                                                            0.124     1.462
sv_chip2_hierarchy_no_mem.h_fltr_2_right.your_instance_name_f2^MUL~1308[0].a[0] (multiply)                         1.338     2.800
sv_chip2_hierarchy_no_mem.h_fltr_2_right.your_instance_name_f2^MUL~1308[0].out[3] (multiply)                       1.523     4.323
new_n114244.in[0] (.names)                                                                                         1.338     5.660
new_n114244.out[0] (.names)                                                                                        0.261     5.921
new_n114256_1.in[0] (.names)                                                                                       1.338     7.259
new_n114256_1.out[0] (.names)                                                                                      0.261     7.520
new_n114268.in[5] (.names)                                                                                         1.338     8.858
new_n114268.out[0] (.names)                                                                                        0.261     9.119
new_n114295_1.in[1] (.names)                                                                                       1.338    10.457
new_n114295_1.out[0] (.names)                                                                                      0.261    10.718
new_n114324.in[0] (.names)                                                                                         1.338    12.055
new_n114324.out[0] (.names)                                                                                        0.261    12.316
new_n114364.in[1] (.names)                                                                                         1.338    13.654
new_n114364.out[0] (.names)                                                                                        0.261    13.915
new_n114393.in[1] (.names)                                                                                         1.338    15.253
new_n114393.out[0] (.names)                                                                                        0.261    15.514
new_n114425_1.in[0] (.names)                                                                                       1.338    16.852
new_n114425_1.out[0] (.names)                                                                                      0.261    17.113
new_n114447.in[2] (.names)                                                                                         1.338    18.450
new_n114447.out[0] (.names)                                                                                        0.261    18.711
new_n114473.in[0] (.names)                                                                                         1.338    20.049
new_n114473.out[0] (.names)                                                                                        0.261    20.310
new_n114493.in[0] (.names)                                                                                         1.338    21.648
new_n114493.out[0] (.names)                                                                                        0.261    21.909
new_n114505_1.in[0] (.names)                                                                                       1.338    23.247
new_n114505_1.out[0] (.names)                                                                                      0.261    23.508
new_n114504.in[4] (.names)                                                                                         1.338    24.846
new_n114504.out[0] (.names)                                                                                        0.261    25.107
new_n114503.in[3] (.names)                                                                                         1.338    26.444
new_n114503.out[0] (.names)                                                                                        0.235    26.679
new_n114502.in[0] (.names)                                                                                         1.338    28.017
new_n114502.out[0] (.names)                                                                                        0.235    28.252
new_n114501_1.in[4] (.names)                                                                                       1.338    29.590
new_n114501_1.out[0] (.names)                                                                                      0.235    29.825
n93817.in[1] (.names)                                                                                              1.338    31.163
n93817.out[0] (.names)                                                                                             0.235    31.398
sv_chip2_hierarchy_no_mem.h_fltr_2_right.your_instance_name_f2^dout~25_FF.D[0] (.latch)                            1.338    32.735
data arrival time                                                                                                           32.735

clock sv_chip2_hierarchy_no_mem^tm3_clk_v0 (rise edge)                                                             0.000     0.000
clock source latency                                                                                               0.000     0.000
sv_chip2_hierarchy_no_mem^tm3_clk_v0.inpad[0] (.input)                                                             0.000     0.000
sv_chip2_hierarchy_no_mem.h_fltr_2_right.your_instance_name_f2^dout~25_FF.clk[0] (.latch)                          1.338     1.338
clock uncertainty                                                                                                  0.000     1.338
cell setup time                                                                                                   -0.066     1.272
data required time                                                                                                           1.272
----------------------------------------------------------------------------------------------------------------------------------
data required time                                                                                                           1.272
data arrival time                                                                                                          -32.735
----------------------------------------------------------------------------------------------------------------------------------
slack (VIOLATED)                                                                                                           -31.464


#Path 88
Startpoint: lo09998.Q[0] (.latch clocked by sv_chip2_hierarchy_no_mem^tm3_clk_v0)
Endpoint  : sv_chip2_hierarchy_no_mem.h_fltr_1_right.your_instance_name_h3^dout~26_FF.D[0] (.latch clocked by sv_chip2_hierarchy_no_mem^tm3_clk_v0)
Path Type : setup

Point                                                                                                               Incr      Path
----------------------------------------------------------------------------------------------------------------------------------
clock sv_chip2_hierarchy_no_mem^tm3_clk_v0 (rise edge)                                                             0.000     0.000
clock source latency                                                                                               0.000     0.000
sv_chip2_hierarchy_no_mem^tm3_clk_v0.inpad[0] (.input)                                                             0.000     0.000
lo09998.clk[0] (.latch)                                                                                            1.338     1.338
lo09998.Q[0] (.latch) [clock-to-output]                                                                            0.124     1.462
sv_chip2_hierarchy_no_mem.h_fltr_1_right.your_instance_name_h3^MUL~1226[0].a[0] (multiply)                         1.338     2.800
sv_chip2_hierarchy_no_mem.h_fltr_1_right.your_instance_name_h3^MUL~1226[0].out[0] (multiply)                       1.523     4.323
new_n113507.in[0] (.names)                                                                                         1.338     5.660
new_n113507.out[0] (.names)                                                                                        0.261     5.921
new_n113525.in[1] (.names)                                                                                         1.338     7.259
new_n113525.out[0] (.names)                                                                                        0.261     7.520
new_n113534.in[0] (.names)                                                                                         1.338     8.858
new_n113534.out[0] (.names)                                                                                        0.261     9.119
new_n113541_1.in[3] (.names)                                                                                       1.338    10.457
new_n113541_1.out[0] (.names)                                                                                      0.235    10.692
new_n113558.in[1] (.names)                                                                                         1.338    12.029
new_n113558.out[0] (.names)                                                                                        0.261    12.290
new_n113577_1.in[2] (.names)                                                                                       1.338    13.628
new_n113577_1.out[0] (.names)                                                                                      0.261    13.889
new_n113602.in[1] (.names)                                                                                         1.338    15.227
new_n113602.out[0] (.names)                                                                                        0.261    15.488
new_n113619.in[2] (.names)                                                                                         1.338    16.826
new_n113619.out[0] (.names)                                                                                        0.261    17.087
new_n113647.in[0] (.names)                                                                                         1.338    18.424
new_n113647.out[0] (.names)                                                                                        0.261    18.685
new_n113669.in[2] (.names)                                                                                         1.338    20.023
new_n113669.out[0] (.names)                                                                                        0.261    20.284
new_n113688.in[2] (.names)                                                                                         1.338    21.622
new_n113688.out[0] (.names)                                                                                        0.261    21.883
new_n113711_1.in[2] (.names)                                                                                       1.338    23.221
new_n113711_1.out[0] (.names)                                                                                      0.261    23.482
new_n113738.in[2] (.names)                                                                                         1.338    24.820
new_n113738.out[0] (.names)                                                                                        0.261    25.081
new_n113758.in[2] (.names)                                                                                         1.338    26.418
new_n113758.out[0] (.names)                                                                                        0.261    26.679
new_n113762.in[1] (.names)                                                                                         1.338    28.017
new_n113762.out[0] (.names)                                                                                        0.235    28.252
new_n113761_1.in[0] (.names)                                                                                       1.338    29.590
new_n113761_1.out[0] (.names)                                                                                      0.235    29.825
n91575.in[2] (.names)                                                                                              1.338    31.163
n91575.out[0] (.names)                                                                                             0.235    31.398
sv_chip2_hierarchy_no_mem.h_fltr_1_right.your_instance_name_h3^dout~26_FF.D[0] (.latch)                            1.338    32.735
data arrival time                                                                                                           32.735

clock sv_chip2_hierarchy_no_mem^tm3_clk_v0 (rise edge)                                                             0.000     0.000
clock source latency                                                                                               0.000     0.000
sv_chip2_hierarchy_no_mem^tm3_clk_v0.inpad[0] (.input)                                                             0.000     0.000
sv_chip2_hierarchy_no_mem.h_fltr_1_right.your_instance_name_h3^dout~26_FF.clk[0] (.latch)                          1.338     1.338
clock uncertainty                                                                                                  0.000     1.338
cell setup time                                                                                                   -0.066     1.272
data required time                                                                                                           1.272
----------------------------------------------------------------------------------------------------------------------------------
data required time                                                                                                           1.272
data arrival time                                                                                                          -32.735
----------------------------------------------------------------------------------------------------------------------------------
slack (VIOLATED)                                                                                                           -31.464


#Path 89
Startpoint: lo09652.Q[0] (.latch clocked by sv_chip2_hierarchy_no_mem^tm3_clk_v0)
Endpoint  : sv_chip2_hierarchy_no_mem.h_fltr_1_right.your_instance_name_h4^dout~27_FF.D[0] (.latch clocked by sv_chip2_hierarchy_no_mem^tm3_clk_v0)
Path Type : setup

Point                                                                                                               Incr      Path
----------------------------------------------------------------------------------------------------------------------------------
clock sv_chip2_hierarchy_no_mem^tm3_clk_v0 (rise edge)                                                             0.000     0.000
clock source latency                                                                                               0.000     0.000
sv_chip2_hierarchy_no_mem^tm3_clk_v0.inpad[0] (.input)                                                             0.000     0.000
lo09652.clk[0] (.latch)                                                                                            1.338     1.338
lo09652.Q[0] (.latch) [clock-to-output]                                                                            0.124     1.462
sv_chip2_hierarchy_no_mem.h_fltr_1_right.your_instance_name_h4^MUL~1240[0].a[0] (multiply)                         1.338     2.800
sv_chip2_hierarchy_no_mem.h_fltr_1_right.your_instance_name_h4^MUL~1240[0].out[1] (multiply)                       1.523     4.323
new_n112920.in[0] (.names)                                                                                         1.338     5.660
new_n112920.out[0] (.names)                                                                                        0.261     5.921
new_n112949.in[0] (.names)                                                                                         1.338     7.259
new_n112949.out[0] (.names)                                                                                        0.235     7.494
new_n112970_1.in[0] (.names)                                                                                       1.338     8.832
new_n112970_1.out[0] (.names)                                                                                      0.261     9.093
new_n112993.in[2] (.names)                                                                                         1.338    10.431
new_n112993.out[0] (.names)                                                                                        0.261    10.692
new_n113006.in[0] (.names)                                                                                         1.338    12.029
new_n113006.out[0] (.names)                                                                                        0.261    12.290
new_n113016.in[5] (.names)                                                                                         1.338    13.628
new_n113016.out[0] (.names)                                                                                        0.261    13.889
new_n113036.in[0] (.names)                                                                                         1.338    15.227
new_n113036.out[0] (.names)                                                                                        0.261    15.488
new_n113046.in[1] (.names)                                                                                         1.338    16.826
new_n113046.out[0] (.names)                                                                                        0.235    17.061
new_n113063.in[0] (.names)                                                                                         1.338    18.398
new_n113063.out[0] (.names)                                                                                        0.235    18.633
new_n113087_1.in[0] (.names)                                                                                       1.338    19.971
new_n113087_1.out[0] (.names)                                                                                      0.261    20.232
new_n113105.in[0] (.names)                                                                                         1.338    21.570
new_n113105.out[0] (.names)                                                                                        0.261    21.831
new_n113138.in[0] (.names)                                                                                         1.338    23.169
new_n113138.out[0] (.names)                                                                                        0.261    23.430
new_n113158.in[3] (.names)                                                                                         1.338    24.768
new_n113158.out[0] (.names)                                                                                        0.261    25.029
new_n113174.in[0] (.names)                                                                                         1.338    26.366
new_n113174.out[0] (.names)                                                                                        0.261    26.627
new_n113184.in[5] (.names)                                                                                         1.338    27.965
new_n113184.out[0] (.names)                                                                                        0.261    28.226
new_n113183.in[5] (.names)                                                                                         1.338    29.564
new_n113183.out[0] (.names)                                                                                        0.261    29.825
n89820.in[1] (.names)                                                                                              1.338    31.163
n89820.out[0] (.names)                                                                                             0.235    31.398
sv_chip2_hierarchy_no_mem.h_fltr_1_right.your_instance_name_h4^dout~27_FF.D[0] (.latch)                            1.338    32.735
data arrival time                                                                                                           32.735

clock sv_chip2_hierarchy_no_mem^tm3_clk_v0 (rise edge)                                                             0.000     0.000
clock source latency                                                                                               0.000     0.000
sv_chip2_hierarchy_no_mem^tm3_clk_v0.inpad[0] (.input)                                                             0.000     0.000
sv_chip2_hierarchy_no_mem.h_fltr_1_right.your_instance_name_h4^dout~27_FF.clk[0] (.latch)                          1.338     1.338
clock uncertainty                                                                                                  0.000     1.338
cell setup time                                                                                                   -0.066     1.272
data required time                                                                                                           1.272
----------------------------------------------------------------------------------------------------------------------------------
data required time                                                                                                           1.272
data arrival time                                                                                                          -32.735
----------------------------------------------------------------------------------------------------------------------------------
slack (VIOLATED)                                                                                                           -31.464


#Path 90
Startpoint: lo09652.Q[0] (.latch clocked by sv_chip2_hierarchy_no_mem^tm3_clk_v0)
Endpoint  : sv_chip2_hierarchy_no_mem.h_fltr_1_right.your_instance_name_h4^dout~26_FF.D[0] (.latch clocked by sv_chip2_hierarchy_no_mem^tm3_clk_v0)
Path Type : setup

Point                                                                                                               Incr      Path
----------------------------------------------------------------------------------------------------------------------------------
clock sv_chip2_hierarchy_no_mem^tm3_clk_v0 (rise edge)                                                             0.000     0.000
clock source latency                                                                                               0.000     0.000
sv_chip2_hierarchy_no_mem^tm3_clk_v0.inpad[0] (.input)                                                             0.000     0.000
lo09652.clk[0] (.latch)                                                                                            1.338     1.338
lo09652.Q[0] (.latch) [clock-to-output]                                                                            0.124     1.462
sv_chip2_hierarchy_no_mem.h_fltr_1_right.your_instance_name_h4^MUL~1240[0].a[0] (multiply)                         1.338     2.800
sv_chip2_hierarchy_no_mem.h_fltr_1_right.your_instance_name_h4^MUL~1240[0].out[0] (multiply)                       1.523     4.323
new_n112907.in[0] (.names)                                                                                         1.338     5.660
new_n112907.out[0] (.names)                                                                                        0.261     5.921
new_n112917.in[0] (.names)                                                                                         1.338     7.259
new_n112917.out[0] (.names)                                                                                        0.235     7.494
new_n112928.in[1] (.names)                                                                                         1.338     8.832
new_n112928.out[0] (.names)                                                                                        0.261     9.093
new_n112936.in[0] (.names)                                                                                         1.338    10.431
new_n112936.out[0] (.names)                                                                                        0.261    10.692
new_n112961.in[1] (.names)                                                                                         1.338    12.029
new_n112961.out[0] (.names)                                                                                        0.261    12.290
new_n112981.in[2] (.names)                                                                                         1.338    13.628
new_n112981.out[0] (.names)                                                                                        0.261    13.889
new_n113007.in[1] (.names)                                                                                         1.338    15.227
new_n113007.out[0] (.names)                                                                                        0.261    15.488
new_n113023.in[2] (.names)                                                                                         1.338    16.826
new_n113023.out[0] (.names)                                                                                        0.261    17.087
new_n113052_1.in[1] (.names)                                                                                       1.338    18.424
new_n113052_1.out[0] (.names)                                                                                      0.261    18.685
new_n113070.in[2] (.names)                                                                                         1.338    20.023
new_n113070.out[0] (.names)                                                                                        0.261    20.284
new_n113099.in[1] (.names)                                                                                         1.338    21.622
new_n113099.out[0] (.names)                                                                                        0.261    21.883
new_n113118.in[2] (.names)                                                                                         1.338    23.221
new_n113118.out[0] (.names)                                                                                        0.261    23.482
new_n113148.in[1] (.names)                                                                                         1.338    24.820
new_n113148.out[0] (.names)                                                                                        0.261    25.081
new_n113168_1.in[2] (.names)                                                                                       1.338    26.418
new_n113168_1.out[0] (.names)                                                                                      0.261    26.679
new_n113162.in[1] (.names)                                                                                         1.338    28.017
new_n113162.out[0] (.names)                                                                                        0.235    28.252
new_n113172.in[0] (.names)                                                                                         1.338    29.590
new_n113172.out[0] (.names)                                                                                        0.235    29.825
n89805.in[1] (.names)                                                                                              1.338    31.163
n89805.out[0] (.names)                                                                                             0.235    31.398
sv_chip2_hierarchy_no_mem.h_fltr_1_right.your_instance_name_h4^dout~26_FF.D[0] (.latch)                            1.338    32.735
data arrival time                                                                                                           32.735

clock sv_chip2_hierarchy_no_mem^tm3_clk_v0 (rise edge)                                                             0.000     0.000
clock source latency                                                                                               0.000     0.000
sv_chip2_hierarchy_no_mem^tm3_clk_v0.inpad[0] (.input)                                                             0.000     0.000
sv_chip2_hierarchy_no_mem.h_fltr_1_right.your_instance_name_h4^dout~26_FF.clk[0] (.latch)                          1.338     1.338
clock uncertainty                                                                                                  0.000     1.338
cell setup time                                                                                                   -0.066     1.272
data required time                                                                                                           1.272
----------------------------------------------------------------------------------------------------------------------------------
data required time                                                                                                           1.272
data arrival time                                                                                                          -32.735
----------------------------------------------------------------------------------------------------------------------------------
slack (VIOLATED)                                                                                                           -31.464


#Path 91
Startpoint: lo12891.Q[0] (.latch clocked by sv_chip2_hierarchy_no_mem^tm3_clk_v0)
Endpoint  : sv_chip2_hierarchy_no_mem.h_fltr_4_right.your_instance_name_f2^dout~25_FF.D[0] (.latch clocked by sv_chip2_hierarchy_no_mem^tm3_clk_v0)
Path Type : setup

Point                                                                                                               Incr      Path
----------------------------------------------------------------------------------------------------------------------------------
clock sv_chip2_hierarchy_no_mem^tm3_clk_v0 (rise edge)                                                             0.000     0.000
clock source latency                                                                                               0.000     0.000
sv_chip2_hierarchy_no_mem^tm3_clk_v0.inpad[0] (.input)                                                             0.000     0.000
lo12891.clk[0] (.latch)                                                                                            1.338     1.338
lo12891.Q[0] (.latch) [clock-to-output]                                                                            0.124     1.462
sv_chip2_hierarchy_no_mem.h_fltr_4_right.your_instance_name_f2^MUL~1450[0].a[0] (multiply)                         1.338     2.800
sv_chip2_hierarchy_no_mem.h_fltr_4_right.your_instance_name_f2^MUL~1450[0].out[3] (multiply)                       1.523     4.323
new_n118855.in[0] (.names)                                                                                         1.338     5.660
new_n118855.out[0] (.names)                                                                                        0.261     5.921
new_n118867.in[0] (.names)                                                                                         1.338     7.259
new_n118867.out[0] (.names)                                                                                        0.261     7.520
new_n118877.in[5] (.names)                                                                                         1.338     8.858
new_n118877.out[0] (.names)                                                                                        0.261     9.119
new_n118907.in[1] (.names)                                                                                         1.338    10.457
new_n118907.out[0] (.names)                                                                                        0.261    10.718
new_n118935.in[0] (.names)                                                                                         1.338    12.055
new_n118935.out[0] (.names)                                                                                        0.261    12.316
new_n118977_1.in[1] (.names)                                                                                       1.338    13.654
new_n118977_1.out[0] (.names)                                                                                      0.261    13.915
new_n119005.in[1] (.names)                                                                                         1.338    15.253
new_n119005.out[0] (.names)                                                                                        0.261    15.514
new_n119028.in[0] (.names)                                                                                         1.338    16.852
new_n119028.out[0] (.names)                                                                                        0.261    17.113
new_n119054_1.in[1] (.names)                                                                                       1.338    18.450
new_n119054_1.out[0] (.names)                                                                                      0.261    18.711
new_n119081.in[0] (.names)                                                                                         1.338    20.049
new_n119081.out[0] (.names)                                                                                        0.261    20.310
new_n119103.in[0] (.names)                                                                                         1.338    21.648
new_n119103.out[0] (.names)                                                                                        0.261    21.909
new_n119112.in[0] (.names)                                                                                         1.338    23.247
new_n119112.out[0] (.names)                                                                                        0.261    23.508
new_n119111.in[4] (.names)                                                                                         1.338    24.846
new_n119111.out[0] (.names)                                                                                        0.261    25.107
new_n119110.in[3] (.names)                                                                                         1.338    26.444
new_n119110.out[0] (.names)                                                                                        0.235    26.679
new_n119109.in[0] (.names)                                                                                         1.338    28.017
new_n119109.out[0] (.names)                                                                                        0.235    28.252
new_n119108.in[4] (.names)                                                                                         1.338    29.590
new_n119108.out[0] (.names)                                                                                        0.235    29.825
n106996.in[1] (.names)                                                                                             1.338    31.163
n106996.out[0] (.names)                                                                                            0.235    31.398
sv_chip2_hierarchy_no_mem.h_fltr_4_right.your_instance_name_f2^dout~25_FF.D[0] (.latch)                            1.338    32.735
data arrival time                                                                                                           32.735

clock sv_chip2_hierarchy_no_mem^tm3_clk_v0 (rise edge)                                                             0.000     0.000
clock source latency                                                                                               0.000     0.000
sv_chip2_hierarchy_no_mem^tm3_clk_v0.inpad[0] (.input)                                                             0.000     0.000
sv_chip2_hierarchy_no_mem.h_fltr_4_right.your_instance_name_f2^dout~25_FF.clk[0] (.latch)                          1.338     1.338
clock uncertainty                                                                                                  0.000     1.338
cell setup time                                                                                                   -0.066     1.272
data required time                                                                                                           1.272
----------------------------------------------------------------------------------------------------------------------------------
data required time                                                                                                           1.272
data arrival time                                                                                                          -32.735
----------------------------------------------------------------------------------------------------------------------------------
slack (VIOLATED)                                                                                                           -31.464


#Path 92
Startpoint: lo12891.Q[0] (.latch clocked by sv_chip2_hierarchy_no_mem^tm3_clk_v0)
Endpoint  : sv_chip2_hierarchy_no_mem.h_fltr_4_right.your_instance_name_f2^dout~26_FF.D[0] (.latch clocked by sv_chip2_hierarchy_no_mem^tm3_clk_v0)
Path Type : setup

Point                                                                                                               Incr      Path
----------------------------------------------------------------------------------------------------------------------------------
clock sv_chip2_hierarchy_no_mem^tm3_clk_v0 (rise edge)                                                             0.000     0.000
clock source latency                                                                                               0.000     0.000
sv_chip2_hierarchy_no_mem^tm3_clk_v0.inpad[0] (.input)                                                             0.000     0.000
lo12891.clk[0] (.latch)                                                                                            1.338     1.338
lo12891.Q[0] (.latch) [clock-to-output]                                                                            0.124     1.462
sv_chip2_hierarchy_no_mem.h_fltr_4_right.your_instance_name_f2^MUL~1450[0].a[0] (multiply)                         1.338     2.800
sv_chip2_hierarchy_no_mem.h_fltr_4_right.your_instance_name_f2^MUL~1450[0].out[3] (multiply)                       1.523     4.323
new_n118855.in[0] (.names)                                                                                         1.338     5.660
new_n118855.out[0] (.names)                                                                                        0.261     5.921
new_n118867.in[0] (.names)                                                                                         1.338     7.259
new_n118867.out[0] (.names)                                                                                        0.261     7.520
new_n118877.in[5] (.names)                                                                                         1.338     8.858
new_n118877.out[0] (.names)                                                                                        0.261     9.119
new_n118907.in[1] (.names)                                                                                         1.338    10.457
new_n118907.out[0] (.names)                                                                                        0.261    10.718
new_n118935.in[0] (.names)                                                                                         1.338    12.055
new_n118935.out[0] (.names)                                                                                        0.261    12.316
new_n118977_1.in[1] (.names)                                                                                       1.338    13.654
new_n118977_1.out[0] (.names)                                                                                      0.261    13.915
new_n119005.in[1] (.names)                                                                                         1.338    15.253
new_n119005.out[0] (.names)                                                                                        0.261    15.514
new_n119028.in[0] (.names)                                                                                         1.338    16.852
new_n119028.out[0] (.names)                                                                                        0.261    17.113
new_n119054_1.in[1] (.names)                                                                                       1.338    18.450
new_n119054_1.out[0] (.names)                                                                                      0.261    18.711
new_n119081.in[0] (.names)                                                                                         1.338    20.049
new_n119081.out[0] (.names)                                                                                        0.261    20.310
new_n119103.in[0] (.names)                                                                                         1.338    21.648
new_n119103.out[0] (.names)                                                                                        0.261    21.909
new_n119112.in[0] (.names)                                                                                         1.338    23.247
new_n119112.out[0] (.names)                                                                                        0.261    23.508
new_n119111.in[4] (.names)                                                                                         1.338    24.846
new_n119111.out[0] (.names)                                                                                        0.261    25.107
new_n119110.in[3] (.names)                                                                                         1.338    26.444
new_n119110.out[0] (.names)                                                                                        0.235    26.679
new_n119109.in[0] (.names)                                                                                         1.338    28.017
new_n119109.out[0] (.names)                                                                                        0.235    28.252
new_n119116.in[1] (.names)                                                                                         1.338    29.590
new_n119116.out[0] (.names)                                                                                        0.235    29.825
n107015.in[1] (.names)                                                                                             1.338    31.163
n107015.out[0] (.names)                                                                                            0.235    31.398
sv_chip2_hierarchy_no_mem.h_fltr_4_right.your_instance_name_f2^dout~26_FF.D[0] (.latch)                            1.338    32.735
data arrival time                                                                                                           32.735

clock sv_chip2_hierarchy_no_mem^tm3_clk_v0 (rise edge)                                                             0.000     0.000
clock source latency                                                                                               0.000     0.000
sv_chip2_hierarchy_no_mem^tm3_clk_v0.inpad[0] (.input)                                                             0.000     0.000
sv_chip2_hierarchy_no_mem.h_fltr_4_right.your_instance_name_f2^dout~26_FF.clk[0] (.latch)                          1.338     1.338
clock uncertainty                                                                                                  0.000     1.338
cell setup time                                                                                                   -0.066     1.272
data required time                                                                                                           1.272
----------------------------------------------------------------------------------------------------------------------------------
data required time                                                                                                           1.272
data arrival time                                                                                                          -32.735
----------------------------------------------------------------------------------------------------------------------------------
slack (VIOLATED)                                                                                                           -31.464


#Path 93
Startpoint: lo13997.Q[0] (.latch clocked by sv_chip2_hierarchy_no_mem^tm3_clk_v0)
Endpoint  : sv_chip2_hierarchy_no_mem.h_fltr_4_right.your_instance_name_h2^dout~26_FF.D[0] (.latch clocked by sv_chip2_hierarchy_no_mem^tm3_clk_v0)
Path Type : setup

Point                                                                                                               Incr      Path
----------------------------------------------------------------------------------------------------------------------------------
clock sv_chip2_hierarchy_no_mem^tm3_clk_v0 (rise edge)                                                             0.000     0.000
clock source latency                                                                                               0.000     0.000
sv_chip2_hierarchy_no_mem^tm3_clk_v0.inpad[0] (.input)                                                             0.000     0.000
lo13997.clk[0] (.latch)                                                                                            1.338     1.338
lo13997.Q[0] (.latch) [clock-to-output]                                                                            0.124     1.462
sv_chip2_hierarchy_no_mem.h_fltr_4_right.your_instance_name_h2^MUL~1494[0].a[0] (multiply)                         1.338     2.800
sv_chip2_hierarchy_no_mem.h_fltr_4_right.your_instance_name_h2^MUL~1494[0].out[3] (multiply)                       1.523     4.323
new_n120940_1.in[0] (.names)                                                                                       1.338     5.660
new_n120940_1.out[0] (.names)                                                                                      0.261     5.921
new_n120952.in[0] (.names)                                                                                         1.338     7.259
new_n120952.out[0] (.names)                                                                                        0.261     7.520
new_n120964_1.in[5] (.names)                                                                                       1.338     8.858
new_n120964_1.out[0] (.names)                                                                                      0.261     9.119
new_n120990_1.in[1] (.names)                                                                                       1.338    10.457
new_n120990_1.out[0] (.names)                                                                                      0.261    10.718
new_n121020_1.in[0] (.names)                                                                                       1.338    12.055
new_n121020_1.out[0] (.names)                                                                                      0.261    12.316
new_n121061.in[1] (.names)                                                                                         1.338    13.654
new_n121061.out[0] (.names)                                                                                        0.261    13.915
new_n121088.in[1] (.names)                                                                                         1.338    15.253
new_n121088.out[0] (.names)                                                                                        0.261    15.514
new_n121112.in[0] (.names)                                                                                         1.338    16.852
new_n121112.out[0] (.names)                                                                                        0.261    17.113
new_n121142.in[1] (.names)                                                                                         1.338    18.450
new_n121142.out[0] (.names)                                                                                        0.261    18.711
new_n121152.in[0] (.names)                                                                                         1.338    20.049
new_n121152.out[0] (.names)                                                                                        0.261    20.310
new_n121163.in[5] (.names)                                                                                         1.338    21.648
new_n121163.out[0] (.names)                                                                                        0.261    21.909
new_n121184_1.in[0] (.names)                                                                                       1.338    23.247
new_n121184_1.out[0] (.names)                                                                                      0.261    23.508
new_n121195_1.in[0] (.names)                                                                                       1.338    24.846
new_n121195_1.out[0] (.names)                                                                                      0.261    25.107
new_n121194_1.in[3] (.names)                                                                                       1.338    26.444
new_n121194_1.out[0] (.names)                                                                                      0.235    26.679
new_n121193.in[0] (.names)                                                                                         1.338    28.017
new_n121193.out[0] (.names)                                                                                        0.235    28.252
new_n121200_1.in[1] (.names)                                                                                       1.338    29.590
new_n121200_1.out[0] (.names)                                                                                      0.235    29.825
n112744.in[1] (.names)                                                                                             1.338    31.163
n112744.out[0] (.names)                                                                                            0.235    31.398
sv_chip2_hierarchy_no_mem.h_fltr_4_right.your_instance_name_h2^dout~26_FF.D[0] (.latch)                            1.338    32.735
data arrival time                                                                                                           32.735

clock sv_chip2_hierarchy_no_mem^tm3_clk_v0 (rise edge)                                                             0.000     0.000
clock source latency                                                                                               0.000     0.000
sv_chip2_hierarchy_no_mem^tm3_clk_v0.inpad[0] (.input)                                                             0.000     0.000
sv_chip2_hierarchy_no_mem.h_fltr_4_right.your_instance_name_h2^dout~26_FF.clk[0] (.latch)                          1.338     1.338
clock uncertainty                                                                                                  0.000     1.338
cell setup time                                                                                                   -0.066     1.272
data required time                                                                                                           1.272
----------------------------------------------------------------------------------------------------------------------------------
data required time                                                                                                           1.272
data arrival time                                                                                                          -32.735
----------------------------------------------------------------------------------------------------------------------------------
slack (VIOLATED)                                                                                                           -31.464


#Path 94
Startpoint: lo07785.Q[0] (.latch clocked by sv_chip2_hierarchy_no_mem^tm3_clk_v0)
Endpoint  : sv_chip2_hierarchy_no_mem.h_fltr_1_right.your_instance_name_f2^dout~26_FF.D[0] (.latch clocked by sv_chip2_hierarchy_no_mem^tm3_clk_v0)
Path Type : setup

Point                                                                                                               Incr      Path
----------------------------------------------------------------------------------------------------------------------------------
clock sv_chip2_hierarchy_no_mem^tm3_clk_v0 (rise edge)                                                             0.000     0.000
clock source latency                                                                                               0.000     0.000
sv_chip2_hierarchy_no_mem^tm3_clk_v0.inpad[0] (.input)                                                             0.000     0.000
lo07785.clk[0] (.latch)                                                                                            1.338     1.338
lo07785.Q[0] (.latch) [clock-to-output]                                                                            0.124     1.462
sv_chip2_hierarchy_no_mem.h_fltr_1_right.your_instance_name_f2^MUL~1166[0].a[0] (multiply)                         1.338     2.800
sv_chip2_hierarchy_no_mem.h_fltr_1_right.your_instance_name_f2^MUL~1166[0].out[3] (multiply)                       1.523     4.323
new_n109670_1.in[0] (.names)                                                                                       1.338     5.660
new_n109670_1.out[0] (.names)                                                                                      0.261     5.921
new_n109682.in[0] (.names)                                                                                         1.338     7.259
new_n109682.out[0] (.names)                                                                                        0.261     7.520
new_n109694_1.in[5] (.names)                                                                                       1.338     8.858
new_n109694_1.out[0] (.names)                                                                                      0.261     9.119
new_n109718_1.in[1] (.names)                                                                                       1.338    10.457
new_n109718_1.out[0] (.names)                                                                                      0.261    10.718
new_n109748_1.in[0] (.names)                                                                                       1.338    12.055
new_n109748_1.out[0] (.names)                                                                                      0.261    12.316
new_n109791.in[1] (.names)                                                                                         1.338    13.654
new_n109791.out[0] (.names)                                                                                        0.261    13.915
new_n109818.in[1] (.names)                                                                                         1.338    15.253
new_n109818.out[0] (.names)                                                                                        0.261    15.514
new_n109846_1.in[0] (.names)                                                                                       1.338    16.852
new_n109846_1.out[0] (.names)                                                                                      0.261    17.113
new_n109870.in[2] (.names)                                                                                         1.338    18.450
new_n109870.out[0] (.names)                                                                                        0.261    18.711
new_n109895.in[0] (.names)                                                                                         1.338    20.049
new_n109895.out[0] (.names)                                                                                        0.261    20.310
new_n109917.in[0] (.names)                                                                                         1.338    21.648
new_n109917.out[0] (.names)                                                                                        0.261    21.909
new_n109927.in[0] (.names)                                                                                         1.338    23.247
new_n109927.out[0] (.names)                                                                                        0.261    23.508
new_n109926.in[4] (.names)                                                                                         1.338    24.846
new_n109926.out[0] (.names)                                                                                        0.261    25.107
new_n109925.in[3] (.names)                                                                                         1.338    26.444
new_n109925.out[0] (.names)                                                                                        0.235    26.679
new_n109924_1.in[0] (.names)                                                                                       1.338    28.017
new_n109924_1.out[0] (.names)                                                                                      0.235    28.252
new_n109931.in[1] (.names)                                                                                         1.338    29.590
new_n109931.out[0] (.names)                                                                                        0.235    29.825
n80657.in[1] (.names)                                                                                              1.338    31.163
n80657.out[0] (.names)                                                                                             0.235    31.398
sv_chip2_hierarchy_no_mem.h_fltr_1_right.your_instance_name_f2^dout~26_FF.D[0] (.latch)                            1.338    32.735
data arrival time                                                                                                           32.735

clock sv_chip2_hierarchy_no_mem^tm3_clk_v0 (rise edge)                                                             0.000     0.000
clock source latency                                                                                               0.000     0.000
sv_chip2_hierarchy_no_mem^tm3_clk_v0.inpad[0] (.input)                                                             0.000     0.000
sv_chip2_hierarchy_no_mem.h_fltr_1_right.your_instance_name_f2^dout~26_FF.clk[0] (.latch)                          1.338     1.338
clock uncertainty                                                                                                  0.000     1.338
cell setup time                                                                                                   -0.066     1.272
data required time                                                                                                           1.272
----------------------------------------------------------------------------------------------------------------------------------
data required time                                                                                                           1.272
data arrival time                                                                                                          -32.735
----------------------------------------------------------------------------------------------------------------------------------
slack (VIOLATED)                                                                                                           -31.464


#Path 95
Startpoint: lo07785.Q[0] (.latch clocked by sv_chip2_hierarchy_no_mem^tm3_clk_v0)
Endpoint  : sv_chip2_hierarchy_no_mem.h_fltr_1_right.your_instance_name_f2^dout~25_FF.D[0] (.latch clocked by sv_chip2_hierarchy_no_mem^tm3_clk_v0)
Path Type : setup

Point                                                                                                               Incr      Path
----------------------------------------------------------------------------------------------------------------------------------
clock sv_chip2_hierarchy_no_mem^tm3_clk_v0 (rise edge)                                                             0.000     0.000
clock source latency                                                                                               0.000     0.000
sv_chip2_hierarchy_no_mem^tm3_clk_v0.inpad[0] (.input)                                                             0.000     0.000
lo07785.clk[0] (.latch)                                                                                            1.338     1.338
lo07785.Q[0] (.latch) [clock-to-output]                                                                            0.124     1.462
sv_chip2_hierarchy_no_mem.h_fltr_1_right.your_instance_name_f2^MUL~1166[0].a[0] (multiply)                         1.338     2.800
sv_chip2_hierarchy_no_mem.h_fltr_1_right.your_instance_name_f2^MUL~1166[0].out[3] (multiply)                       1.523     4.323
new_n109670_1.in[0] (.names)                                                                                       1.338     5.660
new_n109670_1.out[0] (.names)                                                                                      0.261     5.921
new_n109682.in[0] (.names)                                                                                         1.338     7.259
new_n109682.out[0] (.names)                                                                                        0.261     7.520
new_n109694_1.in[5] (.names)                                                                                       1.338     8.858
new_n109694_1.out[0] (.names)                                                                                      0.261     9.119
new_n109718_1.in[1] (.names)                                                                                       1.338    10.457
new_n109718_1.out[0] (.names)                                                                                      0.261    10.718
new_n109748_1.in[0] (.names)                                                                                       1.338    12.055
new_n109748_1.out[0] (.names)                                                                                      0.261    12.316
new_n109791.in[1] (.names)                                                                                         1.338    13.654
new_n109791.out[0] (.names)                                                                                        0.261    13.915
new_n109818.in[1] (.names)                                                                                         1.338    15.253
new_n109818.out[0] (.names)                                                                                        0.261    15.514
new_n109846_1.in[0] (.names)                                                                                       1.338    16.852
new_n109846_1.out[0] (.names)                                                                                      0.261    17.113
new_n109870.in[2] (.names)                                                                                         1.338    18.450
new_n109870.out[0] (.names)                                                                                        0.261    18.711
new_n109895.in[0] (.names)                                                                                         1.338    20.049
new_n109895.out[0] (.names)                                                                                        0.261    20.310
new_n109917.in[0] (.names)                                                                                         1.338    21.648
new_n109917.out[0] (.names)                                                                                        0.261    21.909
new_n109927.in[0] (.names)                                                                                         1.338    23.247
new_n109927.out[0] (.names)                                                                                        0.261    23.508
new_n109926.in[4] (.names)                                                                                         1.338    24.846
new_n109926.out[0] (.names)                                                                                        0.261    25.107
new_n109925.in[3] (.names)                                                                                         1.338    26.444
new_n109925.out[0] (.names)                                                                                        0.235    26.679
new_n109924_1.in[0] (.names)                                                                                       1.338    28.017
new_n109924_1.out[0] (.names)                                                                                      0.235    28.252
new_n109923_1.in[4] (.names)                                                                                       1.338    29.590
new_n109923_1.out[0] (.names)                                                                                      0.235    29.825
n80638.in[1] (.names)                                                                                              1.338    31.163
n80638.out[0] (.names)                                                                                             0.235    31.398
sv_chip2_hierarchy_no_mem.h_fltr_1_right.your_instance_name_f2^dout~25_FF.D[0] (.latch)                            1.338    32.735
data arrival time                                                                                                           32.735

clock sv_chip2_hierarchy_no_mem^tm3_clk_v0 (rise edge)                                                             0.000     0.000
clock source latency                                                                                               0.000     0.000
sv_chip2_hierarchy_no_mem^tm3_clk_v0.inpad[0] (.input)                                                             0.000     0.000
sv_chip2_hierarchy_no_mem.h_fltr_1_right.your_instance_name_f2^dout~25_FF.clk[0] (.latch)                          1.338     1.338
clock uncertainty                                                                                                  0.000     1.338
cell setup time                                                                                                   -0.066     1.272
data required time                                                                                                           1.272
----------------------------------------------------------------------------------------------------------------------------------
data required time                                                                                                           1.272
data arrival time                                                                                                          -32.735
----------------------------------------------------------------------------------------------------------------------------------
slack (VIOLATED)                                                                                                           -31.464


#Path 96
Startpoint: lo06337.Q[0] (.latch clocked by sv_chip2_hierarchy_no_mem^tm3_clk_v0)
Endpoint  : sv_chip2_hierarchy_no_mem.h_fltr_4_left.your_instance_name_h2^dout~26_FF.D[0] (.latch clocked by sv_chip2_hierarchy_no_mem^tm3_clk_v0)
Path Type : setup

Point                                                                                                             Incr      Path
--------------------------------------------------------------------------------------------------------------------------------
clock sv_chip2_hierarchy_no_mem^tm3_clk_v0 (rise edge)                                                           0.000     0.000
clock source latency                                                                                             0.000     0.000
sv_chip2_hierarchy_no_mem^tm3_clk_v0.inpad[0] (.input)                                                           0.000     0.000
lo06337.clk[0] (.latch)                                                                                          1.338     1.338
lo06337.Q[0] (.latch) [clock-to-output]                                                                          0.124     1.462
sv_chip2_hierarchy_no_mem.h_fltr_4_left.your_instance_name_h2^MUL~708[0].a[0] (multiply)                         1.338     2.800
sv_chip2_hierarchy_no_mem.h_fltr_4_left.your_instance_name_h2^MUL~708[0].out[3] (multiply)                       1.523     4.323
new_n107178.in[0] (.names)                                                                                       1.338     5.660
new_n107178.out[0] (.names)                                                                                      0.261     5.921
new_n107190.in[0] (.names)                                                                                       1.338     7.259
new_n107190.out[0] (.names)                                                                                      0.261     7.520
new_n107204.in[5] (.names)                                                                                       1.338     8.858
new_n107204.out[0] (.names)                                                                                      0.261     9.119
new_n107226.in[1] (.names)                                                                                       1.338    10.457
new_n107226.out[0] (.names)                                                                                      0.261    10.718
new_n107260.in[0] (.names)                                                                                       1.338    12.055
new_n107260.out[0] (.names)                                                                                      0.261    12.316
new_n107298.in[1] (.names)                                                                                       1.338    13.654
new_n107298.out[0] (.names)                                                                                      0.261    13.915
new_n107325.in[1] (.names)                                                                                       1.338    15.253
new_n107325.out[0] (.names)                                                                                      0.261    15.514
new_n107357_1.in[0] (.names)                                                                                     1.338    16.852
new_n107357_1.out[0] (.names)                                                                                    0.261    17.113
new_n107383.in[2] (.names)                                                                                       1.338    18.450
new_n107383.out[0] (.names)                                                                                      0.261    18.711
new_n107405.in[0] (.names)                                                                                       1.338    20.049
new_n107405.out[0] (.names)                                                                                      0.261    20.310
new_n107424.in[0] (.names)                                                                                       1.338    21.648
new_n107424.out[0] (.names)                                                                                      0.261    21.909
new_n107435_1.in[0] (.names)                                                                                     1.338    23.247
new_n107435_1.out[0] (.names)                                                                                    0.261    23.508
new_n107434.in[4] (.names)                                                                                       1.338    24.846
new_n107434.out[0] (.names)                                                                                      0.261    25.107
new_n107433.in[4] (.names)                                                                                       1.338    26.444
new_n107433.out[0] (.names)                                                                                      0.235    26.679
new_n107432_1.in[0] (.names)                                                                                     1.338    28.017
new_n107432_1.out[0] (.names)                                                                                    0.235    28.252
new_n107439.in[1] (.names)                                                                                       1.338    29.590
new_n107439.out[0] (.names)                                                                                      0.235    29.825
n73102.in[1] (.names)                                                                                            1.338    31.163
n73102.out[0] (.names)                                                                                           0.235    31.398
sv_chip2_hierarchy_no_mem.h_fltr_4_left.your_instance_name_h2^dout~26_FF.D[0] (.latch)                           1.338    32.735
data arrival time                                                                                                         32.735

clock sv_chip2_hierarchy_no_mem^tm3_clk_v0 (rise edge)                                                           0.000     0.000
clock source latency                                                                                             0.000     0.000
sv_chip2_hierarchy_no_mem^tm3_clk_v0.inpad[0] (.input)                                                           0.000     0.000
sv_chip2_hierarchy_no_mem.h_fltr_4_left.your_instance_name_h2^dout~26_FF.clk[0] (.latch)                         1.338     1.338
clock uncertainty                                                                                                0.000     1.338
cell setup time                                                                                                 -0.066     1.272
data required time                                                                                                         1.272
--------------------------------------------------------------------------------------------------------------------------------
data required time                                                                                                         1.272
data arrival time                                                                                                        -32.735
--------------------------------------------------------------------------------------------------------------------------------
slack (VIOLATED)                                                                                                         -31.464


#Path 97
Startpoint: lo05988.Q[0] (.latch clocked by sv_chip2_hierarchy_no_mem^tm3_clk_v0)
Endpoint  : sv_chip2_hierarchy_no_mem.h_fltr_4_left.your_instance_name_f3^dout~26_FF.D[0] (.latch clocked by sv_chip2_hierarchy_no_mem^tm3_clk_v0)
Path Type : setup

Point                                                                                                             Incr      Path
--------------------------------------------------------------------------------------------------------------------------------
clock sv_chip2_hierarchy_no_mem^tm3_clk_v0 (rise edge)                                                           0.000     0.000
clock source latency                                                                                             0.000     0.000
sv_chip2_hierarchy_no_mem^tm3_clk_v0.inpad[0] (.input)                                                           0.000     0.000
lo05988.clk[0] (.latch)                                                                                          1.338     1.338
lo05988.Q[0] (.latch) [clock-to-output]                                                                          0.124     1.462
sv_chip2_hierarchy_no_mem.h_fltr_4_left.your_instance_name_f3^MUL~680[0].a[0] (multiply)                         1.338     2.800
sv_chip2_hierarchy_no_mem.h_fltr_4_left.your_instance_name_f3^MUL~680[0].out[1] (multiply)                       1.523     4.323
new_n106225.in[0] (.names)                                                                                       1.338     5.660
new_n106225.out[0] (.names)                                                                                      0.261     5.921
new_n106254.in[0] (.names)                                                                                       1.338     7.259
new_n106254.out[0] (.names)                                                                                      0.261     7.520
new_n106277.in[2] (.names)                                                                                       1.338     8.858
new_n106277.out[0] (.names)                                                                                      0.261     9.119
new_n106313_1.in[0] (.names)                                                                                     1.338    10.457
new_n106313_1.out[0] (.names)                                                                                    0.261    10.718
new_n106328.in[0] (.names)                                                                                       1.338    12.055
new_n106328.out[0] (.names)                                                                                      0.261    12.316
new_n106339_1.in[5] (.names)                                                                                     1.338    13.654
new_n106339_1.out[0] (.names)                                                                                    0.261    13.915
new_n106349_1.in[0] (.names)                                                                                     1.338    15.253
new_n106349_1.out[0] (.names)                                                                                    0.261    15.514
new_n106358_1.in[5] (.names)                                                                                     1.338    16.852
new_n106358_1.out[0] (.names)                                                                                    0.261    17.113
new_n106397.in[1] (.names)                                                                                       1.338    18.450
new_n106397.out[0] (.names)                                                                                      0.261    18.711
new_n106437.in[0] (.names)                                                                                       1.338    20.049
new_n106437.out[0] (.names)                                                                                      0.261    20.310
new_n106473.in[0] (.names)                                                                                       1.338    21.648
new_n106473.out[0] (.names)                                                                                      0.261    21.909
new_n106472.in[5] (.names)                                                                                       1.338    23.247
new_n106472.out[0] (.names)                                                                                      0.261    23.508
new_n106470_1.in[1] (.names)                                                                                     1.338    24.846
new_n106470_1.out[0] (.names)                                                                                    0.235    25.081
new_n106484_1.in[4] (.names)                                                                                     1.338    26.418
new_n106484_1.out[0] (.names)                                                                                    0.261    26.679
new_n106503.in[1] (.names)                                                                                       1.338    28.017
new_n106503.out[0] (.names)                                                                                      0.235    28.252
new_n106513.in[0] (.names)                                                                                       1.338    29.590
new_n106513.out[0] (.names)                                                                                      0.235    29.825
n70770.in[3] (.names)                                                                                            1.338    31.163
n70770.out[0] (.names)                                                                                           0.235    31.398
sv_chip2_hierarchy_no_mem.h_fltr_4_left.your_instance_name_f3^dout~26_FF.D[0] (.latch)                           1.338    32.735
data arrival time                                                                                                         32.735

clock sv_chip2_hierarchy_no_mem^tm3_clk_v0 (rise edge)                                                           0.000     0.000
clock source latency                                                                                             0.000     0.000
sv_chip2_hierarchy_no_mem^tm3_clk_v0.inpad[0] (.input)                                                           0.000     0.000
sv_chip2_hierarchy_no_mem.h_fltr_4_left.your_instance_name_f3^dout~26_FF.clk[0] (.latch)                         1.338     1.338
clock uncertainty                                                                                                0.000     1.338
cell setup time                                                                                                 -0.066     1.272
data required time                                                                                                         1.272
--------------------------------------------------------------------------------------------------------------------------------
data required time                                                                                                         1.272
data arrival time                                                                                                        -32.735
--------------------------------------------------------------------------------------------------------------------------------
slack (VIOLATED)                                                                                                         -31.464


#Path 98
Startpoint: lo05231.Q[0] (.latch clocked by sv_chip2_hierarchy_no_mem^tm3_clk_v0)
Endpoint  : sv_chip2_hierarchy_no_mem.h_fltr_4_left.your_instance_name_f2^dout~26_FF.D[0] (.latch clocked by sv_chip2_hierarchy_no_mem^tm3_clk_v0)
Path Type : setup

Point                                                                                                             Incr      Path
--------------------------------------------------------------------------------------------------------------------------------
clock sv_chip2_hierarchy_no_mem^tm3_clk_v0 (rise edge)                                                           0.000     0.000
clock source latency                                                                                             0.000     0.000
sv_chip2_hierarchy_no_mem^tm3_clk_v0.inpad[0] (.input)                                                           0.000     0.000
lo05231.clk[0] (.latch)                                                                                          1.338     1.338
lo05231.Q[0] (.latch) [clock-to-output]                                                                          0.124     1.462
sv_chip2_hierarchy_no_mem.h_fltr_4_left.your_instance_name_f2^MUL~664[0].a[0] (multiply)                         1.338     2.800
sv_chip2_hierarchy_no_mem.h_fltr_4_left.your_instance_name_f2^MUL~664[0].out[3] (multiply)                       1.523     4.323
new_n105033.in[0] (.names)                                                                                       1.338     5.660
new_n105033.out[0] (.names)                                                                                      0.261     5.921
new_n105044.in[0] (.names)                                                                                       1.338     7.259
new_n105044.out[0] (.names)                                                                                      0.261     7.520
new_n105056.in[5] (.names)                                                                                       1.338     8.858
new_n105056.out[0] (.names)                                                                                      0.261     9.119
new_n105080.in[1] (.names)                                                                                       1.338    10.457
new_n105080.out[0] (.names)                                                                                      0.261    10.718
new_n105108.in[0] (.names)                                                                                       1.338    12.055
new_n105108.out[0] (.names)                                                                                      0.261    12.316
new_n105153.in[1] (.names)                                                                                       1.338    13.654
new_n105153.out[0] (.names)                                                                                      0.261    13.915
new_n105183.in[1] (.names)                                                                                       1.338    15.253
new_n105183.out[0] (.names)                                                                                      0.261    15.514
new_n105212.in[3] (.names)                                                                                       1.338    16.852
new_n105212.out[0] (.names)                                                                                      0.235    17.087
new_n105238.in[2] (.names)                                                                                       1.338    18.424
new_n105238.out[0] (.names)                                                                                      0.261    18.685
new_n105249.in[3] (.names)                                                                                       1.338    20.023
new_n105249.out[0] (.names)                                                                                      0.261    20.284
new_n105259.in[0] (.names)                                                                                       1.338    21.622
new_n105259.out[0] (.names)                                                                                      0.261    21.883
new_n105281.in[0] (.names)                                                                                       1.338    23.221
new_n105281.out[0] (.names)                                                                                      0.261    23.482
new_n105293.in[0] (.names)                                                                                       1.338    24.820
new_n105293.out[0] (.names)                                                                                      0.261    25.081
new_n105292_1.in[3] (.names)                                                                                     1.338    26.418
new_n105292_1.out[0] (.names)                                                                                    0.235    26.653
new_n105291_1.in[0] (.names)                                                                                     1.338    27.991
new_n105291_1.out[0] (.names)                                                                                    0.235    28.226
new_n105298.in[1] (.names)                                                                                       1.338    29.564
new_n105298.out[0] (.names)                                                                                      0.235    29.799
n67373.in[1] (.names)                                                                                            1.338    31.137
n67373.out[0] (.names)                                                                                           0.235    31.372
sv_chip2_hierarchy_no_mem.h_fltr_4_left.your_instance_name_f2^dout~26_FF.D[0] (.latch)                           1.338    32.709
data arrival time                                                                                                         32.709

clock sv_chip2_hierarchy_no_mem^tm3_clk_v0 (rise edge)                                                           0.000     0.000
clock source latency                                                                                             0.000     0.000
sv_chip2_hierarchy_no_mem^tm3_clk_v0.inpad[0] (.input)                                                           0.000     0.000
sv_chip2_hierarchy_no_mem.h_fltr_4_left.your_instance_name_f2^dout~26_FF.clk[0] (.latch)                         1.338     1.338
clock uncertainty                                                                                                0.000     1.338
cell setup time                                                                                                 -0.066     1.272
data required time                                                                                                         1.272
--------------------------------------------------------------------------------------------------------------------------------
data required time                                                                                                         1.272
data arrival time                                                                                                        -32.709
--------------------------------------------------------------------------------------------------------------------------------
slack (VIOLATED)                                                                                                         -31.438


#Path 99
Startpoint: lo15104.Q[0] (.latch clocked by sv_chip2_hierarchy_no_mem^tm3_clk_v0)
Endpoint  : sv_chip2_hierarchy_no_mem.h_fltr_4_right.your_instance_name_h3^dout~26_FF.D[0] (.latch clocked by sv_chip2_hierarchy_no_mem^tm3_clk_v0)
Path Type : setup

Point                                                                                                               Incr      Path
----------------------------------------------------------------------------------------------------------------------------------
clock sv_chip2_hierarchy_no_mem^tm3_clk_v0 (rise edge)                                                             0.000     0.000
clock source latency                                                                                               0.000     0.000
sv_chip2_hierarchy_no_mem^tm3_clk_v0.inpad[0] (.input)                                                             0.000     0.000
lo15104.clk[0] (.latch)                                                                                            1.338     1.338
lo15104.Q[0] (.latch) [clock-to-output]                                                                            0.124     1.462
sv_chip2_hierarchy_no_mem.h_fltr_4_right.your_instance_name_h3^MUL~1510[0].a[0] (multiply)                         1.338     2.800
sv_chip2_hierarchy_no_mem.h_fltr_4_right.your_instance_name_h3^MUL~1510[0].out[0] (multiply)                       1.523     4.323
new_n122714.in[0] (.names)                                                                                         1.338     5.660
new_n122714.out[0] (.names)                                                                                        0.261     5.921
new_n122724_1.in[0] (.names)                                                                                       1.338     7.259
new_n122724_1.out[0] (.names)                                                                                      0.235     7.494
new_n122723.in[0] (.names)                                                                                         1.338     8.832
new_n122723.out[0] (.names)                                                                                        0.261     9.093
new_n122742.in[2] (.names)                                                                                         1.338    10.431
new_n122742.out[0] (.names)                                                                                        0.261    10.692
new_n122769_1.in[1] (.names)                                                                                       1.338    12.029
new_n122769_1.out[0] (.names)                                                                                      0.261    12.290
new_n122788.in[2] (.names)                                                                                         1.338    13.628
new_n122788.out[0] (.names)                                                                                        0.261    13.889
new_n122810_1.in[1] (.names)                                                                                       1.338    15.227
new_n122810_1.out[0] (.names)                                                                                      0.261    15.488
new_n122839_1.in[0] (.names)                                                                                       1.338    16.826
new_n122839_1.out[0] (.names)                                                                                      0.261    17.087
new_n122861.in[2] (.names)                                                                                         1.338    18.424
new_n122861.out[0] (.names)                                                                                        0.261    18.685
new_n122880.in[2] (.names)                                                                                         1.338    20.023
new_n122880.out[0] (.names)                                                                                        0.261    20.284
new_n122902.in[1] (.names)                                                                                         1.338    21.622
new_n122902.out[0] (.names)                                                                                        0.261    21.883
new_n122928.in[1] (.names)                                                                                         1.338    23.221
new_n122928.out[0] (.names)                                                                                        0.261    23.482
new_n122961.in[0] (.names)                                                                                         1.338    24.820
new_n122961.out[0] (.names)                                                                                        0.261    25.081
new_n122986.in[2] (.names)                                                                                         1.338    26.418
new_n122986.out[0] (.names)                                                                                        0.235    26.653
new_n122977.in[2] (.names)                                                                                         1.338    27.991
new_n122977.out[0] (.names)                                                                                        0.235    28.226
new_n122991.in[0] (.names)                                                                                         1.338    29.564
new_n122991.out[0] (.names)                                                                                        0.235    29.799
n117933.in[1] (.names)                                                                                             1.338    31.137
n117933.out[0] (.names)                                                                                            0.235    31.372
sv_chip2_hierarchy_no_mem.h_fltr_4_right.your_instance_name_h3^dout~26_FF.D[0] (.latch)                            1.338    32.709
data arrival time                                                                                                           32.709

clock sv_chip2_hierarchy_no_mem^tm3_clk_v0 (rise edge)                                                             0.000     0.000
clock source latency                                                                                               0.000     0.000
sv_chip2_hierarchy_no_mem^tm3_clk_v0.inpad[0] (.input)                                                             0.000     0.000
sv_chip2_hierarchy_no_mem.h_fltr_4_right.your_instance_name_h3^dout~26_FF.clk[0] (.latch)                          1.338     1.338
clock uncertainty                                                                                                  0.000     1.338
cell setup time                                                                                                   -0.066     1.272
data required time                                                                                                           1.272
----------------------------------------------------------------------------------------------------------------------------------
data required time                                                                                                           1.272
data arrival time                                                                                                          -32.709
----------------------------------------------------------------------------------------------------------------------------------
slack (VIOLATED)                                                                                                           -31.438


#Path 100
Startpoint: lo11444.Q[0] (.latch clocked by sv_chip2_hierarchy_no_mem^tm3_clk_v0)
Endpoint  : sv_chip2_hierarchy_no_mem.h_fltr_2_right.your_instance_name_h2^dout~26_FF.D[0] (.latch clocked by sv_chip2_hierarchy_no_mem^tm3_clk_v0)
Path Type : setup

Point                                                                                                               Incr      Path
----------------------------------------------------------------------------------------------------------------------------------
clock sv_chip2_hierarchy_no_mem^tm3_clk_v0 (rise edge)                                                             0.000     0.000
clock source latency                                                                                               0.000     0.000
sv_chip2_hierarchy_no_mem^tm3_clk_v0.inpad[0] (.input)                                                             0.000     0.000
lo11444.clk[0] (.latch)                                                                                            1.338     1.338
lo11444.Q[0] (.latch) [clock-to-output]                                                                            0.124     1.462
sv_chip2_hierarchy_no_mem.h_fltr_2_right.your_instance_name_h2^MUL~1352[0].a[0] (multiply)                         1.338     2.800
sv_chip2_hierarchy_no_mem.h_fltr_2_right.your_instance_name_h2^MUL~1352[0].out[3] (multiply)                       1.523     4.323
new_n116318.in[0] (.names)                                                                                         1.338     5.660
new_n116318.out[0] (.names)                                                                                        0.261     5.921
new_n116330_1.in[0] (.names)                                                                                       1.338     7.259
new_n116330_1.out[0] (.names)                                                                                      0.261     7.520
new_n116342.in[5] (.names)                                                                                         1.338     8.858
new_n116342.out[0] (.names)                                                                                        0.261     9.119
new_n116368_1.in[1] (.names)                                                                                       1.338    10.457
new_n116368_1.out[0] (.names)                                                                                      0.261    10.718
new_n116396.in[0] (.names)                                                                                         1.338    12.055
new_n116396.out[0] (.names)                                                                                        0.261    12.316
new_n116438.in[1] (.names)                                                                                         1.338    13.654
new_n116438.out[0] (.names)                                                                                        0.261    13.915
new_n116468.in[1] (.names)                                                                                         1.338    15.253
new_n116468.out[0] (.names)                                                                                        0.261    15.514
new_n116496.in[3] (.names)                                                                                         1.338    16.852
new_n116496.out[0] (.names)                                                                                        0.235    17.087
new_n116525_1.in[1] (.names)                                                                                       1.338    18.424
new_n116525_1.out[0] (.names)                                                                                      0.261    18.685
new_n116546.in[0] (.names)                                                                                         1.338    20.023
new_n116546.out[0] (.names)                                                                                        0.261    20.284
new_n116569.in[0] (.names)                                                                                         1.338    21.622
new_n116569.out[0] (.names)                                                                                        0.261    21.883
new_n116579.in[1] (.names)                                                                                         1.338    23.221
new_n116579.out[0] (.names)                                                                                        0.261    23.482
new_n116578.in[3] (.names)                                                                                         1.338    24.820
new_n116578.out[0] (.names)                                                                                        0.261    25.081
new_n116577.in[3] (.names)                                                                                         1.338    26.418
new_n116577.out[0] (.names)                                                                                        0.235    26.653
new_n116576.in[0] (.names)                                                                                         1.338    27.991
new_n116576.out[0] (.names)                                                                                        0.235    28.226
new_n116582.in[1] (.names)                                                                                         1.338    29.564
new_n116582.out[0] (.names)                                                                                        0.235    29.799
n99565.in[1] (.names)                                                                                              1.338    31.137
n99565.out[0] (.names)                                                                                             0.235    31.372
sv_chip2_hierarchy_no_mem.h_fltr_2_right.your_instance_name_h2^dout~26_FF.D[0] (.latch)                            1.338    32.709
data arrival time                                                                                                           32.709

clock sv_chip2_hierarchy_no_mem^tm3_clk_v0 (rise edge)                                                             0.000     0.000
clock source latency                                                                                               0.000     0.000
sv_chip2_hierarchy_no_mem^tm3_clk_v0.inpad[0] (.input)                                                             0.000     0.000
sv_chip2_hierarchy_no_mem.h_fltr_2_right.your_instance_name_h2^dout~26_FF.clk[0] (.latch)                          1.338     1.338
clock uncertainty                                                                                                  0.000     1.338
cell setup time                                                                                                   -0.066     1.272
data required time                                                                                                           1.272
----------------------------------------------------------------------------------------------------------------------------------
data required time                                                                                                           1.272
data arrival time                                                                                                          -32.709
----------------------------------------------------------------------------------------------------------------------------------
slack (VIOLATED)                                                                                                           -31.438


#End of timing report
