#Timing report of worst 100 path(s)
# Unit scale: 1e-09 seconds
# Output precision: 3

#Path 1
Startpoint: n_n4383.Q[0] (.latch clocked by pclk)
Endpoint  : n_n3724.D[0] (.latch clocked by pclk)
Path Type : setup

Point                                                             Incr      Path
--------------------------------------------------------------------------------
clock pclk (rise edge)                                           0.000     0.000
clock source latency                                             0.000     0.000
pclk.inpad[0] (.input)                                           0.000     0.000
n_n4383.clk[0] (.latch)                                          0.042     0.042
n_n4383.Q[0] (.latch) [clock-to-output]                          0.124     0.166
n_n4315.in[1] (.names)                                           0.496     0.662
n_n4315.out[0] (.names)                                          0.235     0.897
n_n4116.in[1] (.names)                                           0.475     1.372
n_n4116.out[0] (.names)                                          0.235     1.607
[902].in[1] (.names)                                             0.478     2.085
[902].out[0] (.names)                                            0.235     2.320
n_n4231.in[2] (.names)                                           0.100     2.420
n_n4231.out[0] (.names)                                          0.235     2.655
[901].in[2] (.names)                                             0.100     2.755
[901].out[0] (.names)                                            0.235     2.990
n_n3240.in[2] (.names)                                           0.100     3.090
n_n3240.out[0] (.names)                                          0.235     3.325
[905].in[2] (.names)                                             0.100     3.425
[905].out[0] (.names)                                            0.235     3.660
n_n3852.in[2] (.names)                                           0.100     3.760
n_n3852.out[0] (.names)                                          0.235     3.995
[2264].in[3] (.names)                                            0.332     4.327
[2264].out[0] (.names)                                           0.235     4.562
n_n3832.in[1] (.names)                                           0.334     4.896
n_n3832.out[0] (.names)                                          0.235     5.131
[947].in[0] (.names)                                             0.618     5.748
[947].out[0] (.names)                                            0.235     5.983
n_n3217.in[3] (.names)                                           0.450     6.433
n_n3217.out[0] (.names)                                          0.235     6.668
n_n3724.D[0] (.latch)                                            0.000     6.668
data arrival time                                                          6.668

clock pclk (rise edge)                                           0.000     0.000
clock source latency                                             0.000     0.000
pclk.inpad[0] (.input)                                           0.000     0.000
n_n3724.clk[0] (.latch)                                          0.042     0.042
clock uncertainty                                                0.000     0.042
cell setup time                                                 -0.066    -0.024
data required time                                                        -0.024
--------------------------------------------------------------------------------
data required time                                                        -0.024
data arrival time                                                         -6.668
--------------------------------------------------------------------------------
slack (VIOLATED)                                                          -6.692


#Path 2
Startpoint: n_n4383.Q[0] (.latch clocked by pclk)
Endpoint  : n_n4227.D[0] (.latch clocked by pclk)
Path Type : setup

Point                                                             Incr      Path
--------------------------------------------------------------------------------
clock pclk (rise edge)                                           0.000     0.000
clock source latency                                             0.000     0.000
pclk.inpad[0] (.input)                                           0.000     0.000
n_n4383.clk[0] (.latch)                                          0.042     0.042
n_n4383.Q[0] (.latch) [clock-to-output]                          0.124     0.166
n_n4315.in[1] (.names)                                           0.496     0.662
n_n4315.out[0] (.names)                                          0.235     0.897
n_n4116.in[1] (.names)                                           0.475     1.372
n_n4116.out[0] (.names)                                          0.235     1.607
[902].in[1] (.names)                                             0.478     2.085
[902].out[0] (.names)                                            0.235     2.320
n_n4231.in[2] (.names)                                           0.100     2.420
n_n4231.out[0] (.names)                                          0.235     2.655
[901].in[2] (.names)                                             0.100     2.755
[901].out[0] (.names)                                            0.235     2.990
n_n3240.in[2] (.names)                                           0.100     3.090
n_n3240.out[0] (.names)                                          0.235     3.325
[905].in[2] (.names)                                             0.100     3.425
[905].out[0] (.names)                                            0.235     3.660
n_n3852.in[2] (.names)                                           0.100     3.760
n_n3852.out[0] (.names)                                          0.235     3.995
[2264].in[3] (.names)                                            0.332     4.327
[2264].out[0] (.names)                                           0.235     4.562
n_n3832.in[1] (.names)                                           0.334     4.896
n_n3832.out[0] (.names)                                          0.235     5.131
[947].in[0] (.names)                                             0.618     5.748
[947].out[0] (.names)                                            0.235     5.983
n_n3026.in[1] (.names)                                           0.447     6.431
n_n3026.out[0] (.names)                                          0.235     6.666
n_n4227.D[0] (.latch)                                            0.000     6.666
data arrival time                                                          6.666

clock pclk (rise edge)                                           0.000     0.000
clock source latency                                             0.000     0.000
pclk.inpad[0] (.input)                                           0.000     0.000
n_n4227.clk[0] (.latch)                                          0.042     0.042
clock uncertainty                                                0.000     0.042
cell setup time                                                 -0.066    -0.024
data required time                                                        -0.024
--------------------------------------------------------------------------------
data required time                                                        -0.024
data arrival time                                                         -6.666
--------------------------------------------------------------------------------
slack (VIOLATED)                                                          -6.689


#Path 3
Startpoint: n_n4383.Q[0] (.latch clocked by pclk)
Endpoint  : n_n3766.D[0] (.latch clocked by pclk)
Path Type : setup

Point                                                             Incr      Path
--------------------------------------------------------------------------------
clock pclk (rise edge)                                           0.000     0.000
clock source latency                                             0.000     0.000
pclk.inpad[0] (.input)                                           0.000     0.000
n_n4383.clk[0] (.latch)                                          0.042     0.042
n_n4383.Q[0] (.latch) [clock-to-output]                          0.124     0.166
n_n4315.in[1] (.names)                                           0.496     0.662
n_n4315.out[0] (.names)                                          0.235     0.897
n_n4116.in[1] (.names)                                           0.475     1.372
n_n4116.out[0] (.names)                                          0.235     1.607
[902].in[1] (.names)                                             0.478     2.085
[902].out[0] (.names)                                            0.235     2.320
n_n4231.in[2] (.names)                                           0.100     2.420
n_n4231.out[0] (.names)                                          0.235     2.655
[901].in[2] (.names)                                             0.100     2.755
[901].out[0] (.names)                                            0.235     2.990
n_n3240.in[2] (.names)                                           0.100     3.090
n_n3240.out[0] (.names)                                          0.235     3.325
[905].in[2] (.names)                                             0.100     3.425
[905].out[0] (.names)                                            0.235     3.660
n_n3852.in[2] (.names)                                           0.100     3.760
n_n3852.out[0] (.names)                                          0.235     3.995
[2264].in[3] (.names)                                            0.332     4.327
[2264].out[0] (.names)                                           0.235     4.562
n_n3832.in[1] (.names)                                           0.334     4.896
n_n3832.out[0] (.names)                                          0.235     5.131
[947].in[0] (.names)                                             0.618     5.748
[947].out[0] (.names)                                            0.235     5.983
[1280].in[1] (.names)                                            0.100     6.083
[1280].out[0] (.names)                                           0.235     6.318
n_n3184.in[1] (.names)                                           0.100     6.418
n_n3184.out[0] (.names)                                          0.235     6.653
n_n3766.D[0] (.latch)                                            0.000     6.653
data arrival time                                                          6.653

clock pclk (rise edge)                                           0.000     0.000
clock source latency                                             0.000     0.000
pclk.inpad[0] (.input)                                           0.000     0.000
n_n3766.clk[0] (.latch)                                          0.042     0.042
clock uncertainty                                                0.000     0.042
cell setup time                                                 -0.066    -0.024
data required time                                                        -0.024
--------------------------------------------------------------------------------
data required time                                                        -0.024
data arrival time                                                         -6.653
--------------------------------------------------------------------------------
slack (VIOLATED)                                                          -6.677


#Path 4
Startpoint: n_n4383.Q[0] (.latch clocked by pclk)
Endpoint  : n_n3483.D[0] (.latch clocked by pclk)
Path Type : setup

Point                                                             Incr      Path
--------------------------------------------------------------------------------
clock pclk (rise edge)                                           0.000     0.000
clock source latency                                             0.000     0.000
pclk.inpad[0] (.input)                                           0.000     0.000
n_n4383.clk[0] (.latch)                                          0.042     0.042
n_n4383.Q[0] (.latch) [clock-to-output]                          0.124     0.166
n_n4315.in[1] (.names)                                           0.496     0.662
n_n4315.out[0] (.names)                                          0.235     0.897
n_n4116.in[1] (.names)                                           0.475     1.372
n_n4116.out[0] (.names)                                          0.235     1.607
[902].in[1] (.names)                                             0.478     2.085
[902].out[0] (.names)                                            0.235     2.320
n_n4231.in[2] (.names)                                           0.100     2.420
n_n4231.out[0] (.names)                                          0.235     2.655
[901].in[2] (.names)                                             0.100     2.755
[901].out[0] (.names)                                            0.235     2.990
n_n3240.in[2] (.names)                                           0.100     3.090
n_n3240.out[0] (.names)                                          0.235     3.325
[905].in[2] (.names)                                             0.100     3.425
[905].out[0] (.names)                                            0.235     3.660
n_n3852.in[2] (.names)                                           0.100     3.760
n_n3852.out[0] (.names)                                          0.235     3.995
[2264].in[3] (.names)                                            0.332     4.327
[2264].out[0] (.names)                                           0.235     4.562
n_n3832.in[1] (.names)                                           0.334     4.896
n_n3832.out[0] (.names)                                          0.235     5.131
[982].in[0] (.names)                                             0.618     5.748
[982].out[0] (.names)                                            0.235     5.983
[1538].in[1] (.names)                                            0.100     6.083
[1538].out[0] (.names)                                           0.235     6.318
n_n3466.in[3] (.names)                                           0.100     6.418
n_n3466.out[0] (.names)                                          0.235     6.653
n_n3483.D[0] (.latch)                                            0.000     6.653
data arrival time                                                          6.653

clock pclk (rise edge)                                           0.000     0.000
clock source latency                                             0.000     0.000
pclk.inpad[0] (.input)                                           0.000     0.000
n_n3483.clk[0] (.latch)                                          0.042     0.042
clock uncertainty                                                0.000     0.042
cell setup time                                                 -0.066    -0.024
data required time                                                        -0.024
--------------------------------------------------------------------------------
data required time                                                        -0.024
data arrival time                                                         -6.653
--------------------------------------------------------------------------------
slack (VIOLATED)                                                          -6.677


#Path 5
Startpoint: n_n4383.Q[0] (.latch clocked by pclk)
Endpoint  : n_n4275.D[0] (.latch clocked by pclk)
Path Type : setup

Point                                                             Incr      Path
--------------------------------------------------------------------------------
clock pclk (rise edge)                                           0.000     0.000
clock source latency                                             0.000     0.000
pclk.inpad[0] (.input)                                           0.000     0.000
n_n4383.clk[0] (.latch)                                          0.042     0.042
n_n4383.Q[0] (.latch) [clock-to-output]                          0.124     0.166
n_n4315.in[1] (.names)                                           0.496     0.662
n_n4315.out[0] (.names)                                          0.235     0.897
n_n4116.in[1] (.names)                                           0.475     1.372
n_n4116.out[0] (.names)                                          0.235     1.607
[902].in[1] (.names)                                             0.478     2.085
[902].out[0] (.names)                                            0.235     2.320
n_n4231.in[2] (.names)                                           0.100     2.420
n_n4231.out[0] (.names)                                          0.235     2.655
[901].in[2] (.names)                                             0.100     2.755
[901].out[0] (.names)                                            0.235     2.990
n_n3240.in[2] (.names)                                           0.100     3.090
n_n3240.out[0] (.names)                                          0.235     3.325
[905].in[2] (.names)                                             0.100     3.425
[905].out[0] (.names)                                            0.235     3.660
n_n3852.in[2] (.names)                                           0.100     3.760
n_n3852.out[0] (.names)                                          0.235     3.995
[2264].in[3] (.names)                                            0.332     4.327
[2264].out[0] (.names)                                           0.235     4.562
n_n3832.in[1] (.names)                                           0.334     4.896
n_n3832.out[0] (.names)                                          0.235     5.131
[947].in[0] (.names)                                             0.618     5.748
[947].out[0] (.names)                                            0.235     5.983
[1042].in[0] (.names)                                            0.100     6.083
[1042].out[0] (.names)                                           0.235     6.318
n_n3009.in[1] (.names)                                           0.100     6.418
n_n3009.out[0] (.names)                                          0.235     6.653
n_n4275.D[0] (.latch)                                            0.000     6.653
data arrival time                                                          6.653

clock pclk (rise edge)                                           0.000     0.000
clock source latency                                             0.000     0.000
pclk.inpad[0] (.input)                                           0.000     0.000
n_n4275.clk[0] (.latch)                                          0.042     0.042
clock uncertainty                                                0.000     0.042
cell setup time                                                 -0.066    -0.024
data required time                                                        -0.024
--------------------------------------------------------------------------------
data required time                                                        -0.024
data arrival time                                                         -6.653
--------------------------------------------------------------------------------
slack (VIOLATED)                                                          -6.677


#Path 6
Startpoint: n_n4383.Q[0] (.latch clocked by pclk)
Endpoint  : n_n4012.D[0] (.latch clocked by pclk)
Path Type : setup

Point                                                             Incr      Path
--------------------------------------------------------------------------------
clock pclk (rise edge)                                           0.000     0.000
clock source latency                                             0.000     0.000
pclk.inpad[0] (.input)                                           0.000     0.000
n_n4383.clk[0] (.latch)                                          0.042     0.042
n_n4383.Q[0] (.latch) [clock-to-output]                          0.124     0.166
n_n4315.in[1] (.names)                                           0.496     0.662
n_n4315.out[0] (.names)                                          0.235     0.897
n_n4116.in[1] (.names)                                           0.475     1.372
n_n4116.out[0] (.names)                                          0.235     1.607
[902].in[1] (.names)                                             0.478     2.085
[902].out[0] (.names)                                            0.235     2.320
n_n4231.in[2] (.names)                                           0.100     2.420
n_n4231.out[0] (.names)                                          0.235     2.655
[901].in[2] (.names)                                             0.100     2.755
[901].out[0] (.names)                                            0.235     2.990
n_n3240.in[2] (.names)                                           0.100     3.090
n_n3240.out[0] (.names)                                          0.235     3.325
[905].in[2] (.names)                                             0.100     3.425
[905].out[0] (.names)                                            0.235     3.660
n_n3852.in[2] (.names)                                           0.100     3.760
n_n3852.out[0] (.names)                                          0.235     3.995
[2264].in[3] (.names)                                            0.332     4.327
[2264].out[0] (.names)                                           0.235     4.562
n_n3832.in[1] (.names)                                           0.334     4.896
n_n3832.out[0] (.names)                                          0.235     5.131
[982].in[0] (.names)                                             0.618     5.748
[982].out[0] (.names)                                            0.235     5.983
n_n4011.in[1] (.names)                                           0.426     6.409
n_n4011.out[0] (.names)                                          0.235     6.644
n_n4012.D[0] (.latch)                                            0.000     6.644
data arrival time                                                          6.644

clock pclk (rise edge)                                           0.000     0.000
clock source latency                                             0.000     0.000
pclk.inpad[0] (.input)                                           0.000     0.000
n_n4012.clk[0] (.latch)                                          0.042     0.042
clock uncertainty                                                0.000     0.042
cell setup time                                                 -0.066    -0.024
data required time                                                        -0.024
--------------------------------------------------------------------------------
data required time                                                        -0.024
data arrival time                                                         -6.644
--------------------------------------------------------------------------------
slack (VIOLATED)                                                          -6.668


#Path 7
Startpoint: n_n4383.Q[0] (.latch clocked by pclk)
Endpoint  : n_n3995.D[0] (.latch clocked by pclk)
Path Type : setup

Point                                                             Incr      Path
--------------------------------------------------------------------------------
clock pclk (rise edge)                                           0.000     0.000
clock source latency                                             0.000     0.000
pclk.inpad[0] (.input)                                           0.000     0.000
n_n4383.clk[0] (.latch)                                          0.042     0.042
n_n4383.Q[0] (.latch) [clock-to-output]                          0.124     0.166
n_n4315.in[1] (.names)                                           0.496     0.662
n_n4315.out[0] (.names)                                          0.235     0.897
n_n4116.in[1] (.names)                                           0.475     1.372
n_n4116.out[0] (.names)                                          0.235     1.607
[902].in[1] (.names)                                             0.478     2.085
[902].out[0] (.names)                                            0.235     2.320
n_n4231.in[2] (.names)                                           0.100     2.420
n_n4231.out[0] (.names)                                          0.235     2.655
[901].in[2] (.names)                                             0.100     2.755
[901].out[0] (.names)                                            0.235     2.990
n_n3240.in[2] (.names)                                           0.100     3.090
n_n3240.out[0] (.names)                                          0.235     3.325
[905].in[2] (.names)                                             0.100     3.425
[905].out[0] (.names)                                            0.235     3.660
n_n3852.in[2] (.names)                                           0.100     3.760
n_n3852.out[0] (.names)                                          0.235     3.995
[2264].in[3] (.names)                                            0.332     4.327
[2264].out[0] (.names)                                           0.235     4.562
n_n3832.in[1] (.names)                                           0.334     4.896
n_n3832.out[0] (.names)                                          0.235     5.131
[1771].in[2] (.names)                                            0.618     5.748
[1771].out[0] (.names)                                           0.235     5.983
n_n3235.in[0] (.names)                                           0.334     6.317
n_n3235.out[0] (.names)                                          0.235     6.552
n_n3995.D[0] (.latch)                                            0.000     6.552
data arrival time                                                          6.552

clock pclk (rise edge)                                           0.000     0.000
clock source latency                                             0.000     0.000
pclk.inpad[0] (.input)                                           0.000     0.000
n_n3995.clk[0] (.latch)                                          0.042     0.042
clock uncertainty                                                0.000     0.042
cell setup time                                                 -0.066    -0.024
data required time                                                        -0.024
--------------------------------------------------------------------------------
data required time                                                        -0.024
data arrival time                                                         -6.552
--------------------------------------------------------------------------------
slack (VIOLATED)                                                          -6.576


#Path 8
Startpoint: n_n4383.Q[0] (.latch clocked by pclk)
Endpoint  : n_n4080.D[0] (.latch clocked by pclk)
Path Type : setup

Point                                                             Incr      Path
--------------------------------------------------------------------------------
clock pclk (rise edge)                                           0.000     0.000
clock source latency                                             0.000     0.000
pclk.inpad[0] (.input)                                           0.000     0.000
n_n4383.clk[0] (.latch)                                          0.042     0.042
n_n4383.Q[0] (.latch) [clock-to-output]                          0.124     0.166
n_n4315.in[1] (.names)                                           0.496     0.662
n_n4315.out[0] (.names)                                          0.235     0.897
n_n4116.in[1] (.names)                                           0.475     1.372
n_n4116.out[0] (.names)                                          0.235     1.607
[902].in[1] (.names)                                             0.478     2.085
[902].out[0] (.names)                                            0.235     2.320
n_n4231.in[2] (.names)                                           0.100     2.420
n_n4231.out[0] (.names)                                          0.235     2.655
[901].in[2] (.names)                                             0.100     2.755
[901].out[0] (.names)                                            0.235     2.990
n_n3240.in[2] (.names)                                           0.100     3.090
n_n3240.out[0] (.names)                                          0.235     3.325
[905].in[2] (.names)                                             0.100     3.425
[905].out[0] (.names)                                            0.235     3.660
n_n3852.in[2] (.names)                                           0.100     3.760
n_n3852.out[0] (.names)                                          0.235     3.995
[1015].in[3] (.names)                                            0.595     4.590
[1015].out[0] (.names)                                           0.235     4.825
[6255].in[0] (.names)                                            0.100     4.925
[6255].out[0] (.names)                                           0.235     5.160
[1166].in[2] (.names)                                            0.450     5.609
[1166].out[0] (.names)                                           0.235     5.844
n_n3292.in[1] (.names)                                           0.450     6.294
n_n3292.out[0] (.names)                                          0.235     6.529
n_n4080.D[0] (.latch)                                            0.000     6.529
data arrival time                                                          6.529

clock pclk (rise edge)                                           0.000     0.000
clock source latency                                             0.000     0.000
pclk.inpad[0] (.input)                                           0.000     0.000
n_n4080.clk[0] (.latch)                                          0.042     0.042
clock uncertainty                                                0.000     0.042
cell setup time                                                 -0.066    -0.024
data required time                                                        -0.024
--------------------------------------------------------------------------------
data required time                                                        -0.024
data arrival time                                                         -6.529
--------------------------------------------------------------------------------
slack (VIOLATED)                                                          -6.552


#Path 9
Startpoint: n_n4383.Q[0] (.latch clocked by pclk)
Endpoint  : n_n4040.D[0] (.latch clocked by pclk)
Path Type : setup

Point                                                             Incr      Path
--------------------------------------------------------------------------------
clock pclk (rise edge)                                           0.000     0.000
clock source latency                                             0.000     0.000
pclk.inpad[0] (.input)                                           0.000     0.000
n_n4383.clk[0] (.latch)                                          0.042     0.042
n_n4383.Q[0] (.latch) [clock-to-output]                          0.124     0.166
n_n4315.in[1] (.names)                                           0.496     0.662
n_n4315.out[0] (.names)                                          0.235     0.897
n_n4116.in[1] (.names)                                           0.475     1.372
n_n4116.out[0] (.names)                                          0.235     1.607
[902].in[1] (.names)                                             0.478     2.085
[902].out[0] (.names)                                            0.235     2.320
n_n4231.in[2] (.names)                                           0.100     2.420
n_n4231.out[0] (.names)                                          0.235     2.655
[901].in[2] (.names)                                             0.100     2.755
[901].out[0] (.names)                                            0.235     2.990
n_n3240.in[2] (.names)                                           0.100     3.090
n_n3240.out[0] (.names)                                          0.235     3.325
[905].in[2] (.names)                                             0.100     3.425
[905].out[0] (.names)                                            0.235     3.660
n_n3852.in[2] (.names)                                           0.100     3.760
n_n3852.out[0] (.names)                                          0.235     3.995
[1015].in[3] (.names)                                            0.595     4.590
[1015].out[0] (.names)                                           0.235     4.825
[6255].in[0] (.names)                                            0.100     4.925
[6255].out[0] (.names)                                           0.235     5.160
[1925].in[3] (.names)                                            0.450     5.609
[1925].out[0] (.names)                                           0.235     5.844
n_n3913.in[0] (.names)                                           0.329     6.173
n_n3913.out[0] (.names)                                          0.235     6.408
n_n4040.D[0] (.latch)                                            0.000     6.408
data arrival time                                                          6.408

clock pclk (rise edge)                                           0.000     0.000
clock source latency                                             0.000     0.000
pclk.inpad[0] (.input)                                           0.000     0.000
n_n4040.clk[0] (.latch)                                          0.042     0.042
clock uncertainty                                                0.000     0.042
cell setup time                                                 -0.066    -0.024
data required time                                                        -0.024
--------------------------------------------------------------------------------
data required time                                                        -0.024
data arrival time                                                         -6.408
--------------------------------------------------------------------------------
slack (VIOLATED)                                                          -6.432


#Path 10
Startpoint: n_n4383.Q[0] (.latch clocked by pclk)
Endpoint  : n_n3818.D[0] (.latch clocked by pclk)
Path Type : setup

Point                                                             Incr      Path
--------------------------------------------------------------------------------
clock pclk (rise edge)                                           0.000     0.000
clock source latency                                             0.000     0.000
pclk.inpad[0] (.input)                                           0.000     0.000
n_n4383.clk[0] (.latch)                                          0.042     0.042
n_n4383.Q[0] (.latch) [clock-to-output]                          0.124     0.166
n_n4315.in[1] (.names)                                           0.496     0.662
n_n4315.out[0] (.names)                                          0.235     0.897
n_n4116.in[1] (.names)                                           0.475     1.372
n_n4116.out[0] (.names)                                          0.235     1.607
[902].in[1] (.names)                                             0.478     2.085
[902].out[0] (.names)                                            0.235     2.320
n_n4231.in[2] (.names)                                           0.100     2.420
n_n4231.out[0] (.names)                                          0.235     2.655
[901].in[2] (.names)                                             0.100     2.755
[901].out[0] (.names)                                            0.235     2.990
n_n3240.in[2] (.names)                                           0.100     3.090
n_n3240.out[0] (.names)                                          0.235     3.325
[905].in[2] (.names)                                             0.100     3.425
[905].out[0] (.names)                                            0.235     3.660
n_n3852.in[2] (.names)                                           0.100     3.760
n_n3852.out[0] (.names)                                          0.235     3.995
[2264].in[3] (.names)                                            0.332     4.327
[2264].out[0] (.names)                                           0.235     4.562
n_n3832.in[1] (.names)                                           0.334     4.896
n_n3832.out[0] (.names)                                          0.235     5.131
[1392].in[1] (.names)                                            0.480     5.611
[1392].out[0] (.names)                                           0.235     5.846
n_n3817.in[1] (.names)                                           0.312     6.157
n_n3817.out[0] (.names)                                          0.235     6.392
n_n3818.D[0] (.latch)                                            0.000     6.392
data arrival time                                                          6.392

clock pclk (rise edge)                                           0.000     0.000
clock source latency                                             0.000     0.000
pclk.inpad[0] (.input)                                           0.000     0.000
n_n3818.clk[0] (.latch)                                          0.042     0.042
clock uncertainty                                                0.000     0.042
cell setup time                                                 -0.066    -0.024
data required time                                                        -0.024
--------------------------------------------------------------------------------
data required time                                                        -0.024
data arrival time                                                         -6.392
--------------------------------------------------------------------------------
slack (VIOLATED)                                                          -6.416


#Path 11
Startpoint: n_n4383.Q[0] (.latch clocked by pclk)
Endpoint  : n_n3814.D[0] (.latch clocked by pclk)
Path Type : setup

Point                                                             Incr      Path
--------------------------------------------------------------------------------
clock pclk (rise edge)                                           0.000     0.000
clock source latency                                             0.000     0.000
pclk.inpad[0] (.input)                                           0.000     0.000
n_n4383.clk[0] (.latch)                                          0.042     0.042
n_n4383.Q[0] (.latch) [clock-to-output]                          0.124     0.166
n_n4315.in[1] (.names)                                           0.496     0.662
n_n4315.out[0] (.names)                                          0.235     0.897
n_n4116.in[1] (.names)                                           0.475     1.372
n_n4116.out[0] (.names)                                          0.235     1.607
[902].in[1] (.names)                                             0.478     2.085
[902].out[0] (.names)                                            0.235     2.320
n_n4231.in[2] (.names)                                           0.100     2.420
n_n4231.out[0] (.names)                                          0.235     2.655
[901].in[2] (.names)                                             0.100     2.755
[901].out[0] (.names)                                            0.235     2.990
n_n3240.in[2] (.names)                                           0.100     3.090
n_n3240.out[0] (.names)                                          0.235     3.325
[905].in[2] (.names)                                             0.100     3.425
[905].out[0] (.names)                                            0.235     3.660
n_n3852.in[2] (.names)                                           0.100     3.760
n_n3852.out[0] (.names)                                          0.235     3.995
[1015].in[3] (.names)                                            0.595     4.590
[1015].out[0] (.names)                                           0.235     4.825
[6255].in[0] (.names)                                            0.100     4.925
[6255].out[0] (.names)                                           0.235     5.160
[946].in[2] (.names)                                             0.450     5.609
[946].out[0] (.names)                                            0.235     5.844
n_n3813.in[2] (.names)                                           0.305     6.149
n_n3813.out[0] (.names)                                          0.235     6.384
n_n3814.D[0] (.latch)                                            0.000     6.384
data arrival time                                                          6.384

clock pclk (rise edge)                                           0.000     0.000
clock source latency                                             0.000     0.000
pclk.inpad[0] (.input)                                           0.000     0.000
n_n3814.clk[0] (.latch)                                          0.042     0.042
clock uncertainty                                                0.000     0.042
cell setup time                                                 -0.066    -0.024
data required time                                                        -0.024
--------------------------------------------------------------------------------
data required time                                                        -0.024
data arrival time                                                         -6.384
--------------------------------------------------------------------------------
slack (VIOLATED)                                                          -6.408


#Path 12
Startpoint: n_n4383.Q[0] (.latch clocked by pclk)
Endpoint  : n_n4334.D[0] (.latch clocked by pclk)
Path Type : setup

Point                                                             Incr      Path
--------------------------------------------------------------------------------
clock pclk (rise edge)                                           0.000     0.000
clock source latency                                             0.000     0.000
pclk.inpad[0] (.input)                                           0.000     0.000
n_n4383.clk[0] (.latch)                                          0.042     0.042
n_n4383.Q[0] (.latch) [clock-to-output]                          0.124     0.166
n_n4315.in[1] (.names)                                           0.496     0.662
n_n4315.out[0] (.names)                                          0.235     0.897
n_n4116.in[1] (.names)                                           0.475     1.372
n_n4116.out[0] (.names)                                          0.235     1.607
[902].in[1] (.names)                                             0.478     2.085
[902].out[0] (.names)                                            0.235     2.320
n_n4231.in[2] (.names)                                           0.100     2.420
n_n4231.out[0] (.names)                                          0.235     2.655
[901].in[2] (.names)                                             0.100     2.755
[901].out[0] (.names)                                            0.235     2.990
n_n3240.in[2] (.names)                                           0.100     3.090
n_n3240.out[0] (.names)                                          0.235     3.325
[905].in[2] (.names)                                             0.100     3.425
[905].out[0] (.names)                                            0.235     3.660
n_n3852.in[2] (.names)                                           0.100     3.760
n_n3852.out[0] (.names)                                          0.235     3.995
[2264].in[3] (.names)                                            0.332     4.327
[2264].out[0] (.names)                                           0.235     4.562
n_n3832.in[1] (.names)                                           0.334     4.896
n_n3832.out[0] (.names)                                          0.235     5.131
[982].in[0] (.names)                                             0.618     5.748
[982].out[0] (.names)                                            0.235     5.983
n_n3907.in[2] (.names)                                           0.100     6.083
n_n3907.out[0] (.names)                                          0.235     6.318
n_n4334.D[0] (.latch)                                            0.000     6.318
data arrival time                                                          6.318

clock pclk (rise edge)                                           0.000     0.000
clock source latency                                             0.000     0.000
pclk.inpad[0] (.input)                                           0.000     0.000
n_n4334.clk[0] (.latch)                                          0.042     0.042
clock uncertainty                                                0.000     0.042
cell setup time                                                 -0.066    -0.024
data required time                                                        -0.024
--------------------------------------------------------------------------------
data required time                                                        -0.024
data arrival time                                                         -6.318
--------------------------------------------------------------------------------
slack (VIOLATED)                                                          -6.342


#Path 13
Startpoint: n_n3976.Q[0] (.latch clocked by pclk)
Endpoint  : n_n3707.D[0] (.latch clocked by pclk)
Path Type : setup

Point                                                             Incr      Path
--------------------------------------------------------------------------------
clock pclk (rise edge)                                           0.000     0.000
clock source latency                                             0.000     0.000
pclk.inpad[0] (.input)                                           0.000     0.000
n_n3976.clk[0] (.latch)                                          0.042     0.042
n_n3976.Q[0] (.latch) [clock-to-output]                          0.124     0.166
[923].in[1] (.names)                                             0.636     0.802
[923].out[0] (.names)                                            0.235     1.037
n_n3994.in[2] (.names)                                           0.100     1.137
n_n3994.out[0] (.names)                                          0.235     1.372
n_n3595.in[2] (.names)                                           0.475     1.847
n_n3595.out[0] (.names)                                          0.235     2.082
n_n4039.in[3] (.names)                                           0.100     2.182
n_n4039.out[0] (.names)                                          0.235     2.417
n_n3622.in[2] (.names)                                           0.100     2.517
n_n3622.out[0] (.names)                                          0.235     2.752
n_n4078.in[3] (.names)                                           0.100     2.852
n_n4078.out[0] (.names)                                          0.235     3.087
[2061].in[3] (.names)                                            0.480     3.567
[2061].out[0] (.names)                                           0.235     3.802
[6289].in[3] (.names)                                            0.334     4.135
[6289].out[0] (.names)                                           0.235     4.370
[6290].in[2] (.names)                                            0.335     4.705
[6290].out[0] (.names)                                           0.235     4.940
[1971].in[3] (.names)                                            0.334     5.274
[1971].out[0] (.names)                                           0.235     5.509
n_n124.in[2] (.names)                                            0.476     5.984
n_n124.out[0] (.names)                                           0.235     6.219
n_n3707.D[0] (.latch)                                            0.000     6.219
data arrival time                                                          6.219

clock pclk (rise edge)                                           0.000     0.000
clock source latency                                             0.000     0.000
pclk.inpad[0] (.input)                                           0.000     0.000
n_n3707.clk[0] (.latch)                                          0.042     0.042
clock uncertainty                                                0.000     0.042
cell setup time                                                 -0.066    -0.024
data required time                                                        -0.024
--------------------------------------------------------------------------------
data required time                                                        -0.024
data arrival time                                                         -6.219
--------------------------------------------------------------------------------
slack (VIOLATED)                                                          -6.243


#Path 14
Startpoint: n_n4383.Q[0] (.latch clocked by pclk)
Endpoint  : n_n3574.D[0] (.latch clocked by pclk)
Path Type : setup

Point                                                             Incr      Path
--------------------------------------------------------------------------------
clock pclk (rise edge)                                           0.000     0.000
clock source latency                                             0.000     0.000
pclk.inpad[0] (.input)                                           0.000     0.000
n_n4383.clk[0] (.latch)                                          0.042     0.042
n_n4383.Q[0] (.latch) [clock-to-output]                          0.124     0.166
n_n4315.in[1] (.names)                                           0.496     0.662
n_n4315.out[0] (.names)                                          0.235     0.897
n_n4116.in[1] (.names)                                           0.475     1.372
n_n4116.out[0] (.names)                                          0.235     1.607
[902].in[1] (.names)                                             0.478     2.085
[902].out[0] (.names)                                            0.235     2.320
n_n4231.in[2] (.names)                                           0.100     2.420
n_n4231.out[0] (.names)                                          0.235     2.655
[901].in[2] (.names)                                             0.100     2.755
[901].out[0] (.names)                                            0.235     2.990
n_n3240.in[2] (.names)                                           0.100     3.090
n_n3240.out[0] (.names)                                          0.235     3.325
[905].in[2] (.names)                                             0.100     3.425
[905].out[0] (.names)                                            0.235     3.660
n_n3852.in[2] (.names)                                           0.100     3.760
n_n3852.out[0] (.names)                                          0.235     3.995
[2264].in[3] (.names)                                            0.332     4.327
[2264].out[0] (.names)                                           0.235     4.562
n_n3832.in[1] (.names)                                           0.334     4.896
n_n3832.out[0] (.names)                                          0.235     5.131
[2261].in[2] (.names)                                            0.480     5.611
[2261].out[0] (.names)                                           0.235     5.846
n_n3444.in[0] (.names)                                           0.100     5.946
n_n3444.out[0] (.names)                                          0.235     6.181
n_n3574.D[0] (.latch)                                            0.000     6.181
data arrival time                                                          6.181

clock pclk (rise edge)                                           0.000     0.000
clock source latency                                             0.000     0.000
pclk.inpad[0] (.input)                                           0.000     0.000
n_n3574.clk[0] (.latch)                                          0.042     0.042
clock uncertainty                                                0.000     0.042
cell setup time                                                 -0.066    -0.024
data required time                                                        -0.024
--------------------------------------------------------------------------------
data required time                                                        -0.024
data arrival time                                                         -6.181
--------------------------------------------------------------------------------
slack (VIOLATED)                                                          -6.204


#Path 15
Startpoint: n_n4383.Q[0] (.latch clocked by pclk)
Endpoint  : n_n3988.D[0] (.latch clocked by pclk)
Path Type : setup

Point                                                             Incr      Path
--------------------------------------------------------------------------------
clock pclk (rise edge)                                           0.000     0.000
clock source latency                                             0.000     0.000
pclk.inpad[0] (.input)                                           0.000     0.000
n_n4383.clk[0] (.latch)                                          0.042     0.042
n_n4383.Q[0] (.latch) [clock-to-output]                          0.124     0.166
n_n4315.in[1] (.names)                                           0.496     0.662
n_n4315.out[0] (.names)                                          0.235     0.897
n_n4116.in[1] (.names)                                           0.475     1.372
n_n4116.out[0] (.names)                                          0.235     1.607
[902].in[1] (.names)                                             0.478     2.085
[902].out[0] (.names)                                            0.235     2.320
n_n4231.in[2] (.names)                                           0.100     2.420
n_n4231.out[0] (.names)                                          0.235     2.655
[901].in[2] (.names)                                             0.100     2.755
[901].out[0] (.names)                                            0.235     2.990
n_n3240.in[2] (.names)                                           0.100     3.090
n_n3240.out[0] (.names)                                          0.235     3.325
[905].in[2] (.names)                                             0.100     3.425
[905].out[0] (.names)                                            0.235     3.660
n_n3852.in[2] (.names)                                           0.100     3.760
n_n3852.out[0] (.names)                                          0.235     3.995
[2264].in[3] (.names)                                            0.332     4.327
[2264].out[0] (.names)                                           0.235     4.562
n_n3832.in[1] (.names)                                           0.334     4.896
n_n3832.out[0] (.names)                                          0.235     5.131
[1752].in[2] (.names)                                            0.480     5.611
[1752].out[0] (.names)                                           0.235     5.846
n_n3987.in[0] (.names)                                           0.100     5.946
n_n3987.out[0] (.names)                                          0.235     6.181
n_n3988.D[0] (.latch)                                            0.000     6.181
data arrival time                                                          6.181

clock pclk (rise edge)                                           0.000     0.000
clock source latency                                             0.000     0.000
pclk.inpad[0] (.input)                                           0.000     0.000
n_n3988.clk[0] (.latch)                                          0.042     0.042
clock uncertainty                                                0.000     0.042
cell setup time                                                 -0.066    -0.024
data required time                                                        -0.024
--------------------------------------------------------------------------------
data required time                                                        -0.024
data arrival time                                                         -6.181
--------------------------------------------------------------------------------
slack (VIOLATED)                                                          -6.204


#Path 16
Startpoint: n_n4383.Q[0] (.latch clocked by pclk)
Endpoint  : n_n3959.D[0] (.latch clocked by pclk)
Path Type : setup

Point                                                             Incr      Path
--------------------------------------------------------------------------------
clock pclk (rise edge)                                           0.000     0.000
clock source latency                                             0.000     0.000
pclk.inpad[0] (.input)                                           0.000     0.000
n_n4383.clk[0] (.latch)                                          0.042     0.042
n_n4383.Q[0] (.latch) [clock-to-output]                          0.124     0.166
n_n4315.in[1] (.names)                                           0.496     0.662
n_n4315.out[0] (.names)                                          0.235     0.897
n_n4116.in[1] (.names)                                           0.475     1.372
n_n4116.out[0] (.names)                                          0.235     1.607
[902].in[1] (.names)                                             0.478     2.085
[902].out[0] (.names)                                            0.235     2.320
n_n4231.in[2] (.names)                                           0.100     2.420
n_n4231.out[0] (.names)                                          0.235     2.655
[901].in[2] (.names)                                             0.100     2.755
[901].out[0] (.names)                                            0.235     2.990
n_n3240.in[2] (.names)                                           0.100     3.090
n_n3240.out[0] (.names)                                          0.235     3.325
[905].in[2] (.names)                                             0.100     3.425
[905].out[0] (.names)                                            0.235     3.660
n_n3852.in[2] (.names)                                           0.100     3.760
n_n3852.out[0] (.names)                                          0.235     3.995
[2264].in[3] (.names)                                            0.332     4.327
[2264].out[0] (.names)                                           0.235     4.562
n_n3832.in[1] (.names)                                           0.334     4.896
n_n3832.out[0] (.names)                                          0.235     5.131
[1069].in[0] (.names)                                            0.480     5.611
[1069].out[0] (.names)                                           0.235     5.846
n_n3592.in[1] (.names)                                           0.100     5.946
n_n3592.out[0] (.names)                                          0.235     6.181
n_n3959.D[0] (.latch)                                            0.000     6.181
data arrival time                                                          6.181

clock pclk (rise edge)                                           0.000     0.000
clock source latency                                             0.000     0.000
pclk.inpad[0] (.input)                                           0.000     0.000
n_n3959.clk[0] (.latch)                                          0.042     0.042
clock uncertainty                                                0.000     0.042
cell setup time                                                 -0.066    -0.024
data required time                                                        -0.024
--------------------------------------------------------------------------------
data required time                                                        -0.024
data arrival time                                                         -6.181
--------------------------------------------------------------------------------
slack (VIOLATED)                                                          -6.204


#Path 17
Startpoint: n_n3976.Q[0] (.latch clocked by pclk)
Endpoint  : n_n3831.D[0] (.latch clocked by pclk)
Path Type : setup

Point                                                             Incr      Path
--------------------------------------------------------------------------------
clock pclk (rise edge)                                           0.000     0.000
clock source latency                                             0.000     0.000
pclk.inpad[0] (.input)                                           0.000     0.000
n_n3976.clk[0] (.latch)                                          0.042     0.042
n_n3976.Q[0] (.latch) [clock-to-output]                          0.124     0.166
[923].in[1] (.names)                                             0.636     0.802
[923].out[0] (.names)                                            0.235     1.037
n_n3994.in[2] (.names)                                           0.100     1.137
n_n3994.out[0] (.names)                                          0.235     1.372
n_n3595.in[2] (.names)                                           0.475     1.847
n_n3595.out[0] (.names)                                          0.235     2.082
n_n4039.in[3] (.names)                                           0.100     2.182
n_n4039.out[0] (.names)                                          0.235     2.417
n_n3622.in[2] (.names)                                           0.100     2.517
n_n3622.out[0] (.names)                                          0.235     2.752
n_n4078.in[3] (.names)                                           0.100     2.852
n_n4078.out[0] (.names)                                          0.235     3.087
[2061].in[3] (.names)                                            0.480     3.567
[2061].out[0] (.names)                                           0.235     3.802
[6289].in[3] (.names)                                            0.334     4.135
[6289].out[0] (.names)                                           0.235     4.370
[6290].in[2] (.names)                                            0.335     4.705
[6290].out[0] (.names)                                           0.235     4.940
[1063].in[3] (.names)                                            0.100     5.040
[1063].out[0] (.names)                                           0.235     5.275
[6376].in[2] (.names)                                            0.335     5.610
[6376].out[0] (.names)                                           0.235     5.845
n_n128.in[1] (.names)                                            0.100     5.945
n_n128.out[0] (.names)                                           0.235     6.180
n_n3831.D[0] (.latch)                                            0.000     6.180
data arrival time                                                          6.180

clock pclk (rise edge)                                           0.000     0.000
clock source latency                                             0.000     0.000
pclk.inpad[0] (.input)                                           0.000     0.000
n_n3831.clk[0] (.latch)                                          0.042     0.042
clock uncertainty                                                0.000     0.042
cell setup time                                                 -0.066    -0.024
data required time                                                        -0.024
--------------------------------------------------------------------------------
data required time                                                        -0.024
data arrival time                                                         -6.180
--------------------------------------------------------------------------------
slack (VIOLATED)                                                          -6.203


#Path 18
Startpoint: n_n4383.Q[0] (.latch clocked by pclk)
Endpoint  : n_n3726.D[0] (.latch clocked by pclk)
Path Type : setup

Point                                                             Incr      Path
--------------------------------------------------------------------------------
clock pclk (rise edge)                                           0.000     0.000
clock source latency                                             0.000     0.000
pclk.inpad[0] (.input)                                           0.000     0.000
n_n4383.clk[0] (.latch)                                          0.042     0.042
n_n4383.Q[0] (.latch) [clock-to-output]                          0.124     0.166
n_n4315.in[1] (.names)                                           0.496     0.662
n_n4315.out[0] (.names)                                          0.235     0.897
n_n4116.in[1] (.names)                                           0.475     1.372
n_n4116.out[0] (.names)                                          0.235     1.607
[902].in[1] (.names)                                             0.478     2.085
[902].out[0] (.names)                                            0.235     2.320
n_n4231.in[2] (.names)                                           0.100     2.420
n_n4231.out[0] (.names)                                          0.235     2.655
[901].in[2] (.names)                                             0.100     2.755
[901].out[0] (.names)                                            0.235     2.990
n_n3240.in[2] (.names)                                           0.100     3.090
n_n3240.out[0] (.names)                                          0.235     3.325
[905].in[2] (.names)                                             0.100     3.425
[905].out[0] (.names)                                            0.235     3.660
n_n3852.in[2] (.names)                                           0.100     3.760
n_n3852.out[0] (.names)                                          0.235     3.995
[1015].in[3] (.names)                                            0.595     4.590
[1015].out[0] (.names)                                           0.235     4.825
[6255].in[0] (.names)                                            0.100     4.925
[6255].out[0] (.names)                                           0.235     5.160
[2240].in[3] (.names)                                            0.450     5.609
[2240].out[0] (.names)                                           0.235     5.844
n_n3725.in[0] (.names)                                           0.100     5.944
n_n3725.out[0] (.names)                                          0.235     6.179
n_n3726.D[0] (.latch)                                            0.000     6.179
data arrival time                                                          6.179

clock pclk (rise edge)                                           0.000     0.000
clock source latency                                             0.000     0.000
pclk.inpad[0] (.input)                                           0.000     0.000
n_n3726.clk[0] (.latch)                                          0.042     0.042
clock uncertainty                                                0.000     0.042
cell setup time                                                 -0.066    -0.024
data required time                                                        -0.024
--------------------------------------------------------------------------------
data required time                                                        -0.024
data arrival time                                                         -6.179
--------------------------------------------------------------------------------
slack (VIOLATED)                                                          -6.203


#Path 19
Startpoint: n_n3976.Q[0] (.latch clocked by pclk)
Endpoint  : n_n3709.D[0] (.latch clocked by pclk)
Path Type : setup

Point                                                             Incr      Path
--------------------------------------------------------------------------------
clock pclk (rise edge)                                           0.000     0.000
clock source latency                                             0.000     0.000
pclk.inpad[0] (.input)                                           0.000     0.000
n_n3976.clk[0] (.latch)                                          0.042     0.042
n_n3976.Q[0] (.latch) [clock-to-output]                          0.124     0.166
[923].in[1] (.names)                                             0.636     0.802
[923].out[0] (.names)                                            0.235     1.037
n_n3994.in[2] (.names)                                           0.100     1.137
n_n3994.out[0] (.names)                                          0.235     1.372
n_n3595.in[2] (.names)                                           0.475     1.847
n_n3595.out[0] (.names)                                          0.235     2.082
n_n4039.in[3] (.names)                                           0.100     2.182
n_n4039.out[0] (.names)                                          0.235     2.417
n_n3622.in[2] (.names)                                           0.100     2.517
n_n3622.out[0] (.names)                                          0.235     2.752
n_n4078.in[3] (.names)                                           0.100     2.852
n_n4078.out[0] (.names)                                          0.235     3.087
[2061].in[3] (.names)                                            0.480     3.567
[2061].out[0] (.names)                                           0.235     3.802
[6289].in[3] (.names)                                            0.334     4.135
[6289].out[0] (.names)                                           0.235     4.370
[6290].in[2] (.names)                                            0.335     4.705
[6290].out[0] (.names)                                           0.235     4.940
[1492].in[3] (.names)                                            0.334     5.274
[1492].out[0] (.names)                                           0.235     5.509
n_n3199.in[1] (.names)                                           0.337     5.845
n_n3199.out[0] (.names)                                          0.235     6.080
n_n3709.D[0] (.latch)                                            0.000     6.080
data arrival time                                                          6.080

clock pclk (rise edge)                                           0.000     0.000
clock source latency                                             0.000     0.000
pclk.inpad[0] (.input)                                           0.000     0.000
n_n3709.clk[0] (.latch)                                          0.042     0.042
clock uncertainty                                                0.000     0.042
cell setup time                                                 -0.066    -0.024
data required time                                                        -0.024
--------------------------------------------------------------------------------
data required time                                                        -0.024
data arrival time                                                         -6.080
--------------------------------------------------------------------------------
slack (VIOLATED)                                                          -6.104


#Path 20
Startpoint: n_n3976.Q[0] (.latch clocked by pclk)
Endpoint  : n_n4093.D[0] (.latch clocked by pclk)
Path Type : setup

Point                                                             Incr      Path
--------------------------------------------------------------------------------
clock pclk (rise edge)                                           0.000     0.000
clock source latency                                             0.000     0.000
pclk.inpad[0] (.input)                                           0.000     0.000
n_n3976.clk[0] (.latch)                                          0.042     0.042
n_n3976.Q[0] (.latch) [clock-to-output]                          0.124     0.166
[923].in[1] (.names)                                             0.636     0.802
[923].out[0] (.names)                                            0.235     1.037
n_n3994.in[2] (.names)                                           0.100     1.137
n_n3994.out[0] (.names)                                          0.235     1.372
n_n3595.in[2] (.names)                                           0.475     1.847
n_n3595.out[0] (.names)                                          0.235     2.082
n_n4039.in[3] (.names)                                           0.100     2.182
n_n4039.out[0] (.names)                                          0.235     2.417
n_n3622.in[2] (.names)                                           0.100     2.517
n_n3622.out[0] (.names)                                          0.235     2.752
n_n4078.in[3] (.names)                                           0.100     2.852
n_n4078.out[0] (.names)                                          0.235     3.087
[2061].in[3] (.names)                                            0.480     3.567
[2061].out[0] (.names)                                           0.235     3.802
[6289].in[3] (.names)                                            0.334     4.135
[6289].out[0] (.names)                                           0.235     4.370
[6290].in[2] (.names)                                            0.335     4.705
[6290].out[0] (.names)                                           0.235     4.940
[6386].in[3] (.names)                                            0.334     5.274
[6386].out[0] (.names)                                           0.235     5.509
n_n132.in[2] (.names)                                            0.335     5.843
n_n132.out[0] (.names)                                           0.235     6.078
n_n4093.D[0] (.latch)                                            0.000     6.078
data arrival time                                                          6.078

clock pclk (rise edge)                                           0.000     0.000
clock source latency                                             0.000     0.000
pclk.inpad[0] (.input)                                           0.000     0.000
n_n4093.clk[0] (.latch)                                          0.042     0.042
clock uncertainty                                                0.000     0.042
cell setup time                                                 -0.066    -0.024
data required time                                                        -0.024
--------------------------------------------------------------------------------
data required time                                                        -0.024
data arrival time                                                         -6.078
--------------------------------------------------------------------------------
slack (VIOLATED)                                                          -6.102


#Path 21
Startpoint: n_n4383.Q[0] (.latch clocked by pclk)
Endpoint  : n_n4026.D[0] (.latch clocked by pclk)
Path Type : setup

Point                                                             Incr      Path
--------------------------------------------------------------------------------
clock pclk (rise edge)                                           0.000     0.000
clock source latency                                             0.000     0.000
pclk.inpad[0] (.input)                                           0.000     0.000
n_n4383.clk[0] (.latch)                                          0.042     0.042
n_n4383.Q[0] (.latch) [clock-to-output]                          0.124     0.166
n_n4315.in[1] (.names)                                           0.496     0.662
n_n4315.out[0] (.names)                                          0.235     0.897
n_n4116.in[1] (.names)                                           0.475     1.372
n_n4116.out[0] (.names)                                          0.235     1.607
[902].in[1] (.names)                                             0.478     2.085
[902].out[0] (.names)                                            0.235     2.320
n_n4231.in[2] (.names)                                           0.100     2.420
n_n4231.out[0] (.names)                                          0.235     2.655
[901].in[2] (.names)                                             0.100     2.755
[901].out[0] (.names)                                            0.235     2.990
n_n3240.in[2] (.names)                                           0.100     3.090
n_n3240.out[0] (.names)                                          0.235     3.325
[905].in[2] (.names)                                             0.100     3.425
[905].out[0] (.names)                                            0.235     3.660
n_n3852.in[2] (.names)                                           0.100     3.760
n_n3852.out[0] (.names)                                          0.235     3.995
[1015].in[3] (.names)                                            0.595     4.590
[1015].out[0] (.names)                                           0.235     4.825
[1208].in[0] (.names)                                            0.481     5.306
[1208].out[0] (.names)                                           0.235     5.541
n_n3140.in[3] (.names)                                           0.100     5.641
n_n3140.out[0] (.names)                                          0.235     5.876
n_n4026.D[0] (.latch)                                            0.000     5.876
data arrival time                                                          5.876

clock pclk (rise edge)                                           0.000     0.000
clock source latency                                             0.000     0.000
pclk.inpad[0] (.input)                                           0.000     0.000
n_n4026.clk[0] (.latch)                                          0.042     0.042
clock uncertainty                                                0.000     0.042
cell setup time                                                 -0.066    -0.024
data required time                                                        -0.024
--------------------------------------------------------------------------------
data required time                                                        -0.024
data arrival time                                                         -5.876
--------------------------------------------------------------------------------
slack (VIOLATED)                                                          -5.899


#Path 22
Startpoint: n_n4383.Q[0] (.latch clocked by pclk)
Endpoint  : nsr3_17.D[0] (.latch clocked by pclk)
Path Type : setup

Point                                                             Incr      Path
--------------------------------------------------------------------------------
clock pclk (rise edge)                                           0.000     0.000
clock source latency                                             0.000     0.000
pclk.inpad[0] (.input)                                           0.000     0.000
n_n4383.clk[0] (.latch)                                          0.042     0.042
n_n4383.Q[0] (.latch) [clock-to-output]                          0.124     0.166
n_n4315.in[1] (.names)                                           0.496     0.662
n_n4315.out[0] (.names)                                          0.235     0.897
n_n4116.in[1] (.names)                                           0.475     1.372
n_n4116.out[0] (.names)                                          0.235     1.607
[902].in[1] (.names)                                             0.478     2.085
[902].out[0] (.names)                                            0.235     2.320
n_n4231.in[2] (.names)                                           0.100     2.420
n_n4231.out[0] (.names)                                          0.235     2.655
[901].in[2] (.names)                                             0.100     2.755
[901].out[0] (.names)                                            0.235     2.990
n_n3240.in[2] (.names)                                           0.100     3.090
n_n3240.out[0] (.names)                                          0.235     3.325
[905].in[2] (.names)                                             0.100     3.425
[905].out[0] (.names)                                            0.235     3.660
n_n3563.in[2] (.names)                                           0.100     3.760
n_n3563.out[0] (.names)                                          0.235     3.995
n_n3788.in[2] (.names)                                           0.100     4.095
n_n3788.out[0] (.names)                                          0.235     4.330
nak3_17.in[1] (.names)                                           0.335     4.664
nak3_17.out[0] (.names)                                          0.235     4.899
n_n127.in[2] (.names)                                            0.480     5.379
n_n127.out[0] (.names)                                           0.235     5.614
nsr3_17.D[0] (.latch)                                            0.000     5.614
data arrival time                                                          5.614

clock pclk (rise edge)                                           0.000     0.000
clock source latency                                             0.000     0.000
pclk.inpad[0] (.input)                                           0.000     0.000
nsr3_17.clk[0] (.latch)                                          0.042     0.042
clock uncertainty                                                0.000     0.042
cell setup time                                                 -0.066    -0.024
data required time                                                        -0.024
--------------------------------------------------------------------------------
data required time                                                        -0.024
data arrival time                                                         -5.614
--------------------------------------------------------------------------------
slack (VIOLATED)                                                          -5.638


#Path 23
Startpoint: n_n4383.Q[0] (.latch clocked by pclk)
Endpoint  : n_n3851.D[0] (.latch clocked by pclk)
Path Type : setup

Point                                                             Incr      Path
--------------------------------------------------------------------------------
clock pclk (rise edge)                                           0.000     0.000
clock source latency                                             0.000     0.000
pclk.inpad[0] (.input)                                           0.000     0.000
n_n4383.clk[0] (.latch)                                          0.042     0.042
n_n4383.Q[0] (.latch) [clock-to-output]                          0.124     0.166
n_n4315.in[1] (.names)                                           0.496     0.662
n_n4315.out[0] (.names)                                          0.235     0.897
n_n4116.in[1] (.names)                                           0.475     1.372
n_n4116.out[0] (.names)                                          0.235     1.607
[902].in[1] (.names)                                             0.478     2.085
[902].out[0] (.names)                                            0.235     2.320
n_n4231.in[2] (.names)                                           0.100     2.420
n_n4231.out[0] (.names)                                          0.235     2.655
[901].in[2] (.names)                                             0.100     2.755
[901].out[0] (.names)                                            0.235     2.990
n_n3240.in[2] (.names)                                           0.100     3.090
n_n3240.out[0] (.names)                                          0.235     3.325
[905].in[2] (.names)                                             0.100     3.425
[905].out[0] (.names)                                            0.235     3.660
n_n3852.in[2] (.names)                                           0.100     3.760
n_n3852.out[0] (.names)                                          0.235     3.995
[6309].in[2] (.names)                                            0.332     4.327
[6309].out[0] (.names)                                           0.235     4.562
[936].in[3] (.names)                                             0.479     5.041
[936].out[0] (.names)                                            0.235     5.276
n_n3070.in[3] (.names)                                           0.100     5.376
n_n3070.out[0] (.names)                                          0.235     5.611
n_n3851.D[0] (.latch)                                            0.000     5.611
data arrival time                                                          5.611

clock pclk (rise edge)                                           0.000     0.000
clock source latency                                             0.000     0.000
pclk.inpad[0] (.input)                                           0.000     0.000
n_n3851.clk[0] (.latch)                                          0.042     0.042
clock uncertainty                                                0.000     0.042
cell setup time                                                 -0.066    -0.024
data required time                                                        -0.024
--------------------------------------------------------------------------------
data required time                                                        -0.024
data arrival time                                                         -5.611
--------------------------------------------------------------------------------
slack (VIOLATED)                                                          -5.635


#Path 24
Startpoint: n_n4383.Q[0] (.latch clocked by pclk)
Endpoint  : n_n3833.D[0] (.latch clocked by pclk)
Path Type : setup

Point                                                             Incr      Path
--------------------------------------------------------------------------------
clock pclk (rise edge)                                           0.000     0.000
clock source latency                                             0.000     0.000
pclk.inpad[0] (.input)                                           0.000     0.000
n_n4383.clk[0] (.latch)                                          0.042     0.042
n_n4383.Q[0] (.latch) [clock-to-output]                          0.124     0.166
n_n4315.in[1] (.names)                                           0.496     0.662
n_n4315.out[0] (.names)                                          0.235     0.897
n_n4116.in[1] (.names)                                           0.475     1.372
n_n4116.out[0] (.names)                                          0.235     1.607
[902].in[1] (.names)                                             0.478     2.085
[902].out[0] (.names)                                            0.235     2.320
n_n4231.in[2] (.names)                                           0.100     2.420
n_n4231.out[0] (.names)                                          0.235     2.655
[901].in[2] (.names)                                             0.100     2.755
[901].out[0] (.names)                                            0.235     2.990
n_n3240.in[2] (.names)                                           0.100     3.090
n_n3240.out[0] (.names)                                          0.235     3.325
[905].in[2] (.names)                                             0.100     3.425
[905].out[0] (.names)                                            0.235     3.660
n_n3563.in[2] (.names)                                           0.100     3.760
n_n3563.out[0] (.names)                                          0.235     3.995
n_n3788.in[2] (.names)                                           0.100     4.095
n_n3788.out[0] (.names)                                          0.235     4.330
[1022].in[1] (.names)                                            0.335     4.664
[1022].out[0] (.names)                                           0.235     4.899
n_n129.in[3] (.names)                                            0.473     5.373
n_n129.out[0] (.names)                                           0.235     5.608
n_n3833.D[0] (.latch)                                            0.000     5.608
data arrival time                                                          5.608

clock pclk (rise edge)                                           0.000     0.000
clock source latency                                             0.000     0.000
pclk.inpad[0] (.input)                                           0.000     0.000
n_n3833.clk[0] (.latch)                                          0.042     0.042
clock uncertainty                                                0.000     0.042
cell setup time                                                 -0.066    -0.024
data required time                                                        -0.024
--------------------------------------------------------------------------------
data required time                                                        -0.024
data arrival time                                                         -5.608
--------------------------------------------------------------------------------
slack (VIOLATED)                                                          -5.631


#Path 25
Startpoint: n_n3533.Q[0] (.latch clocked by pclk)
Endpoint  : n_n4145.D[0] (.latch clocked by pclk)
Path Type : setup

Point                                                             Incr      Path
--------------------------------------------------------------------------------
clock pclk (rise edge)                                           0.000     0.000
clock source latency                                             0.000     0.000
pclk.inpad[0] (.input)                                           0.000     0.000
n_n3533.clk[0] (.latch)                                          0.042     0.042
n_n3533.Q[0] (.latch) [clock-to-output]                          0.124     0.166
[6266].in[3] (.names)                                            0.495     0.661
[6266].out[0] (.names)                                           0.235     0.896
n_n4367.in[3] (.names)                                           0.100     0.996
n_n4367.out[0] (.names)                                          0.235     1.231
n_n3974.in[1] (.names)                                           0.478     1.709
n_n3974.out[0] (.names)                                          0.235     1.944
[941].in[0] (.names)                                             0.100     2.044
[941].out[0] (.names)                                            0.235     2.279
[2049].in[3] (.names)                                            0.480     2.759
[2049].out[0] (.names)                                           0.235     2.994
n_n4345.in[2] (.names)                                           0.100     3.094
n_n4345.out[0] (.names)                                          0.235     3.329
[1898].in[0] (.names)                                            0.475     3.804
[1898].out[0] (.names)                                           0.235     4.039
[1648].in[2] (.names)                                            0.331     4.370
[1648].out[0] (.names)                                           0.235     4.605
n_n3972.in[1] (.names)                                           0.592     5.197
n_n3972.out[0] (.names)                                          0.235     5.432
n_n4145.D[0] (.latch)                                            0.000     5.432
data arrival time                                                          5.432

clock pclk (rise edge)                                           0.000     0.000
clock source latency                                             0.000     0.000
pclk.inpad[0] (.input)                                           0.000     0.000
n_n4145.clk[0] (.latch)                                          0.042     0.042
clock uncertainty                                                0.000     0.042
cell setup time                                                 -0.066    -0.024
data required time                                                        -0.024
--------------------------------------------------------------------------------
data required time                                                        -0.024
data arrival time                                                         -5.432
--------------------------------------------------------------------------------
slack (VIOLATED)                                                          -5.455


#Path 26
Startpoint: n_n3976.Q[0] (.latch clocked by pclk)
Endpoint  : n_n3198.D[0] (.latch clocked by pclk)
Path Type : setup

Point                                                             Incr      Path
--------------------------------------------------------------------------------
clock pclk (rise edge)                                           0.000     0.000
clock source latency                                             0.000     0.000
pclk.inpad[0] (.input)                                           0.000     0.000
n_n3976.clk[0] (.latch)                                          0.042     0.042
n_n3976.Q[0] (.latch) [clock-to-output]                          0.124     0.166
[923].in[1] (.names)                                             0.636     0.802
[923].out[0] (.names)                                            0.235     1.037
n_n3994.in[2] (.names)                                           0.100     1.137
n_n3994.out[0] (.names)                                          0.235     1.372
n_n3595.in[2] (.names)                                           0.475     1.847
n_n3595.out[0] (.names)                                          0.235     2.082
n_n4039.in[3] (.names)                                           0.100     2.182
n_n4039.out[0] (.names)                                          0.235     2.417
n_n3622.in[2] (.names)                                           0.100     2.517
n_n3622.out[0] (.names)                                          0.235     2.752
n_n4078.in[3] (.names)                                           0.100     2.852
n_n4078.out[0] (.names)                                          0.235     3.087
[2061].in[3] (.names)                                            0.480     3.567
[2061].out[0] (.names)                                           0.235     3.802
[6289].in[3] (.names)                                            0.334     4.135
[6289].out[0] (.names)                                           0.235     4.370
[6290].in[2] (.names)                                            0.335     4.705
[6290].out[0] (.names)                                           0.235     4.940
n_n3377.in[3] (.names)                                           0.100     5.040
n_n3377.out[0] (.names)                                          0.235     5.275
n_n3198.D[0] (.latch)                                            0.000     5.275
data arrival time                                                          5.275

clock pclk (rise edge)                                           0.000     0.000
clock source latency                                             0.000     0.000
pclk.inpad[0] (.input)                                           0.000     0.000
n_n3198.clk[0] (.latch)                                          0.042     0.042
clock uncertainty                                                0.000     0.042
cell setup time                                                 -0.066    -0.024
data required time                                                        -0.024
--------------------------------------------------------------------------------
data required time                                                        -0.024
data arrival time                                                         -5.275
--------------------------------------------------------------------------------
slack (VIOLATED)                                                          -5.299


#Path 27
Startpoint: n_n4383.Q[0] (.latch clocked by pclk)
Endpoint  : n_n4067.D[0] (.latch clocked by pclk)
Path Type : setup

Point                                                             Incr      Path
--------------------------------------------------------------------------------
clock pclk (rise edge)                                           0.000     0.000
clock source latency                                             0.000     0.000
pclk.inpad[0] (.input)                                           0.000     0.000
n_n4383.clk[0] (.latch)                                          0.042     0.042
n_n4383.Q[0] (.latch) [clock-to-output]                          0.124     0.166
n_n4315.in[1] (.names)                                           0.496     0.662
n_n4315.out[0] (.names)                                          0.235     0.897
n_n4116.in[1] (.names)                                           0.475     1.372
n_n4116.out[0] (.names)                                          0.235     1.607
[902].in[1] (.names)                                             0.478     2.085
[902].out[0] (.names)                                            0.235     2.320
n_n4231.in[2] (.names)                                           0.100     2.420
n_n4231.out[0] (.names)                                          0.235     2.655
[901].in[2] (.names)                                             0.100     2.755
[901].out[0] (.names)                                            0.235     2.990
n_n3240.in[2] (.names)                                           0.100     3.090
n_n3240.out[0] (.names)                                          0.235     3.325
[905].in[2] (.names)                                             0.100     3.425
[905].out[0] (.names)                                            0.235     3.660
n_n3563.in[2] (.names)                                           0.100     3.760
n_n3563.out[0] (.names)                                          0.235     3.995
n_n3788.in[2] (.names)                                           0.100     4.095
n_n3788.out[0] (.names)                                          0.235     4.330
nak3_17.in[1] (.names)                                           0.335     4.664
nak3_17.out[0] (.names)                                          0.235     4.899
n_n3866.in[1] (.names)                                           0.100     4.999
n_n3866.out[0] (.names)                                          0.235     5.234
n_n4067.D[0] (.latch)                                            0.000     5.234
data arrival time                                                          5.234

clock pclk (rise edge)                                           0.000     0.000
clock source latency                                             0.000     0.000
pclk.inpad[0] (.input)                                           0.000     0.000
n_n4067.clk[0] (.latch)                                          0.042     0.042
clock uncertainty                                                0.000     0.042
cell setup time                                                 -0.066    -0.024
data required time                                                        -0.024
--------------------------------------------------------------------------------
data required time                                                        -0.024
data arrival time                                                         -5.234
--------------------------------------------------------------------------------
slack (VIOLATED)                                                          -5.258


#Path 28
Startpoint: n_n4383.Q[0] (.latch clocked by pclk)
Endpoint  : n_n4142.D[0] (.latch clocked by pclk)
Path Type : setup

Point                                                             Incr      Path
--------------------------------------------------------------------------------
clock pclk (rise edge)                                           0.000     0.000
clock source latency                                             0.000     0.000
pclk.inpad[0] (.input)                                           0.000     0.000
n_n4383.clk[0] (.latch)                                          0.042     0.042
n_n4383.Q[0] (.latch) [clock-to-output]                          0.124     0.166
n_n4315.in[1] (.names)                                           0.496     0.662
n_n4315.out[0] (.names)                                          0.235     0.897
n_n4116.in[1] (.names)                                           0.475     1.372
n_n4116.out[0] (.names)                                          0.235     1.607
[902].in[1] (.names)                                             0.478     2.085
[902].out[0] (.names)                                            0.235     2.320
n_n4231.in[2] (.names)                                           0.100     2.420
n_n4231.out[0] (.names)                                          0.235     2.655
[901].in[2] (.names)                                             0.100     2.755
[901].out[0] (.names)                                            0.235     2.990
n_n3240.in[2] (.names)                                           0.100     3.090
n_n3240.out[0] (.names)                                          0.235     3.325
[905].in[2] (.names)                                             0.100     3.425
[905].out[0] (.names)                                            0.235     3.660
n_n3563.in[2] (.names)                                           0.100     3.760
n_n3563.out[0] (.names)                                          0.235     3.995
[6252].in[3] (.names)                                            0.335     4.329
[6252].out[0] (.names)                                           0.235     4.564
n_n4140.in[3] (.names)                                           0.415     4.979
n_n4140.out[0] (.names)                                          0.235     5.214
n_n4142.D[0] (.latch)                                            0.000     5.214
data arrival time                                                          5.214

clock pclk (rise edge)                                           0.000     0.000
clock source latency                                             0.000     0.000
pclk.inpad[0] (.input)                                           0.000     0.000
n_n4142.clk[0] (.latch)                                          0.042     0.042
clock uncertainty                                                0.000     0.042
cell setup time                                                 -0.066    -0.024
data required time                                                        -0.024
--------------------------------------------------------------------------------
data required time                                                        -0.024
data arrival time                                                         -5.214
--------------------------------------------------------------------------------
slack (VIOLATED)                                                          -5.238


#Path 29
Startpoint: n_n4383.Q[0] (.latch clocked by pclk)
Endpoint  : n_n3207.D[0] (.latch clocked by pclk)
Path Type : setup

Point                                                             Incr      Path
--------------------------------------------------------------------------------
clock pclk (rise edge)                                           0.000     0.000
clock source latency                                             0.000     0.000
pclk.inpad[0] (.input)                                           0.000     0.000
n_n4383.clk[0] (.latch)                                          0.042     0.042
n_n4383.Q[0] (.latch) [clock-to-output]                          0.124     0.166
n_n4315.in[1] (.names)                                           0.496     0.662
n_n4315.out[0] (.names)                                          0.235     0.897
n_n4116.in[1] (.names)                                           0.475     1.372
n_n4116.out[0] (.names)                                          0.235     1.607
[902].in[1] (.names)                                             0.478     2.085
[902].out[0] (.names)                                            0.235     2.320
n_n4231.in[2] (.names)                                           0.100     2.420
n_n4231.out[0] (.names)                                          0.235     2.655
[901].in[2] (.names)                                             0.100     2.755
[901].out[0] (.names)                                            0.235     2.990
n_n3240.in[2] (.names)                                           0.100     3.090
n_n3240.out[0] (.names)                                          0.235     3.325
[905].in[2] (.names)                                             0.100     3.425
[905].out[0] (.names)                                            0.235     3.660
n_n3852.in[2] (.names)                                           0.100     3.760
n_n3852.out[0] (.names)                                          0.235     3.995
n_n3830.in[2] (.names)                                           0.332     4.327
n_n3830.out[0] (.names)                                          0.235     4.562
n_n3206.in[1] (.names)                                           0.411     4.974
n_n3206.out[0] (.names)                                          0.235     5.209
n_n3207.D[0] (.latch)                                            0.000     5.209
data arrival time                                                          5.209

clock pclk (rise edge)                                           0.000     0.000
clock source latency                                             0.000     0.000
pclk.inpad[0] (.input)                                           0.000     0.000
n_n3207.clk[0] (.latch)                                          0.042     0.042
clock uncertainty                                                0.000     0.042
cell setup time                                                 -0.066    -0.024
data required time                                                        -0.024
--------------------------------------------------------------------------------
data required time                                                        -0.024
data arrival time                                                         -5.209
--------------------------------------------------------------------------------
slack (VIOLATED)                                                          -5.232


#Path 30
Startpoint: n_n4383.Q[0] (.latch clocked by pclk)
Endpoint  : n_n3376.D[0] (.latch clocked by pclk)
Path Type : setup

Point                                                             Incr      Path
--------------------------------------------------------------------------------
clock pclk (rise edge)                                           0.000     0.000
clock source latency                                             0.000     0.000
pclk.inpad[0] (.input)                                           0.000     0.000
n_n4383.clk[0] (.latch)                                          0.042     0.042
n_n4383.Q[0] (.latch) [clock-to-output]                          0.124     0.166
n_n4315.in[1] (.names)                                           0.496     0.662
n_n4315.out[0] (.names)                                          0.235     0.897
n_n4116.in[1] (.names)                                           0.475     1.372
n_n4116.out[0] (.names)                                          0.235     1.607
[902].in[1] (.names)                                             0.478     2.085
[902].out[0] (.names)                                            0.235     2.320
n_n4231.in[2] (.names)                                           0.100     2.420
n_n4231.out[0] (.names)                                          0.235     2.655
[901].in[2] (.names)                                             0.100     2.755
[901].out[0] (.names)                                            0.235     2.990
n_n3240.in[2] (.names)                                           0.100     3.090
n_n3240.out[0] (.names)                                          0.235     3.325
[905].in[2] (.names)                                             0.100     3.425
[905].out[0] (.names)                                            0.235     3.660
n_n3852.in[2] (.names)                                           0.100     3.760
n_n3852.out[0] (.names)                                          0.235     3.995
n_n3830.in[2] (.names)                                           0.332     4.327
n_n3830.out[0] (.names)                                          0.235     4.562
n_n3375.in[1] (.names)                                           0.411     4.974
n_n3375.out[0] (.names)                                          0.235     5.209
n_n3376.D[0] (.latch)                                            0.000     5.209
data arrival time                                                          5.209

clock pclk (rise edge)                                           0.000     0.000
clock source latency                                             0.000     0.000
pclk.inpad[0] (.input)                                           0.000     0.000
n_n3376.clk[0] (.latch)                                          0.042     0.042
clock uncertainty                                                0.000     0.042
cell setup time                                                 -0.066    -0.024
data required time                                                        -0.024
--------------------------------------------------------------------------------
data required time                                                        -0.024
data arrival time                                                         -5.209
--------------------------------------------------------------------------------
slack (VIOLATED)                                                          -5.232


#Path 31
Startpoint: n_n4383.Q[0] (.latch clocked by pclk)
Endpoint  : n_n3583.D[0] (.latch clocked by pclk)
Path Type : setup

Point                                                             Incr      Path
--------------------------------------------------------------------------------
clock pclk (rise edge)                                           0.000     0.000
clock source latency                                             0.000     0.000
pclk.inpad[0] (.input)                                           0.000     0.000
n_n4383.clk[0] (.latch)                                          0.042     0.042
n_n4383.Q[0] (.latch) [clock-to-output]                          0.124     0.166
n_n4315.in[1] (.names)                                           0.496     0.662
n_n4315.out[0] (.names)                                          0.235     0.897
n_n4116.in[1] (.names)                                           0.475     1.372
n_n4116.out[0] (.names)                                          0.235     1.607
[902].in[1] (.names)                                             0.478     2.085
[902].out[0] (.names)                                            0.235     2.320
n_n4231.in[2] (.names)                                           0.100     2.420
n_n4231.out[0] (.names)                                          0.235     2.655
[901].in[2] (.names)                                             0.100     2.755
[901].out[0] (.names)                                            0.235     2.990
n_n3240.in[2] (.names)                                           0.100     3.090
n_n3240.out[0] (.names)                                          0.235     3.325
[905].in[2] (.names)                                             0.100     3.425
[905].out[0] (.names)                                            0.235     3.660
n_n3852.in[2] (.names)                                           0.100     3.760
n_n3852.out[0] (.names)                                          0.235     3.995
n_n3830.in[2] (.names)                                           0.332     4.327
n_n3830.out[0] (.names)                                          0.235     4.562
n_n3582.in[1] (.names)                                           0.411     4.974
n_n3582.out[0] (.names)                                          0.235     5.209
n_n3583.D[0] (.latch)                                            0.000     5.209
data arrival time                                                          5.209

clock pclk (rise edge)                                           0.000     0.000
clock source latency                                             0.000     0.000
pclk.inpad[0] (.input)                                           0.000     0.000
n_n3583.clk[0] (.latch)                                          0.042     0.042
clock uncertainty                                                0.000     0.042
cell setup time                                                 -0.066    -0.024
data required time                                                        -0.024
--------------------------------------------------------------------------------
data required time                                                        -0.024
data arrival time                                                         -5.209
--------------------------------------------------------------------------------
slack (VIOLATED)                                                          -5.232


#Path 32
Startpoint: n_n4383.Q[0] (.latch clocked by pclk)
Endpoint  : n_n4279.D[0] (.latch clocked by pclk)
Path Type : setup

Point                                                             Incr      Path
--------------------------------------------------------------------------------
clock pclk (rise edge)                                           0.000     0.000
clock source latency                                             0.000     0.000
pclk.inpad[0] (.input)                                           0.000     0.000
n_n4383.clk[0] (.latch)                                          0.042     0.042
n_n4383.Q[0] (.latch) [clock-to-output]                          0.124     0.166
n_n4315.in[1] (.names)                                           0.496     0.662
n_n4315.out[0] (.names)                                          0.235     0.897
n_n4116.in[1] (.names)                                           0.475     1.372
n_n4116.out[0] (.names)                                          0.235     1.607
[902].in[1] (.names)                                             0.478     2.085
[902].out[0] (.names)                                            0.235     2.320
n_n4231.in[2] (.names)                                           0.100     2.420
n_n4231.out[0] (.names)                                          0.235     2.655
[901].in[2] (.names)                                             0.100     2.755
[901].out[0] (.names)                                            0.235     2.990
n_n3240.in[2] (.names)                                           0.100     3.090
n_n3240.out[0] (.names)                                          0.235     3.325
[905].in[2] (.names)                                             0.100     3.425
[905].out[0] (.names)                                            0.235     3.660
n_n3852.in[2] (.names)                                           0.100     3.760
n_n3852.out[0] (.names)                                          0.235     3.995
n_n3830.in[2] (.names)                                           0.332     4.327
n_n3830.out[0] (.names)                                          0.235     4.562
n_n4276.in[1] (.names)                                           0.411     4.974
n_n4276.out[0] (.names)                                          0.235     5.209
n_n4279.D[0] (.latch)                                            0.000     5.209
data arrival time                                                          5.209

clock pclk (rise edge)                                           0.000     0.000
clock source latency                                             0.000     0.000
pclk.inpad[0] (.input)                                           0.000     0.000
n_n4279.clk[0] (.latch)                                          0.042     0.042
clock uncertainty                                                0.000     0.042
cell setup time                                                 -0.066    -0.024
data required time                                                        -0.024
--------------------------------------------------------------------------------
data required time                                                        -0.024
data arrival time                                                         -5.209
--------------------------------------------------------------------------------
slack (VIOLATED)                                                          -5.232


#Path 33
Startpoint: n_n4383.Q[0] (.latch clocked by pclk)
Endpoint  : n_n3823.D[0] (.latch clocked by pclk)
Path Type : setup

Point                                                             Incr      Path
--------------------------------------------------------------------------------
clock pclk (rise edge)                                           0.000     0.000
clock source latency                                             0.000     0.000
pclk.inpad[0] (.input)                                           0.000     0.000
n_n4383.clk[0] (.latch)                                          0.042     0.042
n_n4383.Q[0] (.latch) [clock-to-output]                          0.124     0.166
n_n4315.in[1] (.names)                                           0.496     0.662
n_n4315.out[0] (.names)                                          0.235     0.897
n_n4116.in[1] (.names)                                           0.475     1.372
n_n4116.out[0] (.names)                                          0.235     1.607
[902].in[1] (.names)                                             0.478     2.085
[902].out[0] (.names)                                            0.235     2.320
n_n4231.in[2] (.names)                                           0.100     2.420
n_n4231.out[0] (.names)                                          0.235     2.655
[901].in[2] (.names)                                             0.100     2.755
[901].out[0] (.names)                                            0.235     2.990
n_n3240.in[2] (.names)                                           0.100     3.090
n_n3240.out[0] (.names)                                          0.235     3.325
[905].in[2] (.names)                                             0.100     3.425
[905].out[0] (.names)                                            0.235     3.660
n_n3852.in[2] (.names)                                           0.100     3.760
n_n3852.out[0] (.names)                                          0.235     3.995
n_n3830.in[2] (.names)                                           0.332     4.327
n_n3830.out[0] (.names)                                          0.235     4.562
n_n3821.in[1] (.names)                                           0.411     4.974
n_n3821.out[0] (.names)                                          0.235     5.209
n_n3823.D[0] (.latch)                                            0.000     5.209
data arrival time                                                          5.209

clock pclk (rise edge)                                           0.000     0.000
clock source latency                                             0.000     0.000
pclk.inpad[0] (.input)                                           0.000     0.000
n_n3823.clk[0] (.latch)                                          0.042     0.042
clock uncertainty                                                0.000     0.042
cell setup time                                                 -0.066    -0.024
data required time                                                        -0.024
--------------------------------------------------------------------------------
data required time                                                        -0.024
data arrival time                                                         -5.209
--------------------------------------------------------------------------------
slack (VIOLATED)                                                          -5.232


#Path 34
Startpoint: n_n4383.Q[0] (.latch clocked by pclk)
Endpoint  : n_n3966.D[0] (.latch clocked by pclk)
Path Type : setup

Point                                                             Incr      Path
--------------------------------------------------------------------------------
clock pclk (rise edge)                                           0.000     0.000
clock source latency                                             0.000     0.000
pclk.inpad[0] (.input)                                           0.000     0.000
n_n4383.clk[0] (.latch)                                          0.042     0.042
n_n4383.Q[0] (.latch) [clock-to-output]                          0.124     0.166
n_n4315.in[1] (.names)                                           0.496     0.662
n_n4315.out[0] (.names)                                          0.235     0.897
n_n4116.in[1] (.names)                                           0.475     1.372
n_n4116.out[0] (.names)                                          0.235     1.607
[902].in[1] (.names)                                             0.478     2.085
[902].out[0] (.names)                                            0.235     2.320
n_n4231.in[2] (.names)                                           0.100     2.420
n_n4231.out[0] (.names)                                          0.235     2.655
[901].in[2] (.names)                                             0.100     2.755
[901].out[0] (.names)                                            0.235     2.990
n_n3240.in[2] (.names)                                           0.100     3.090
n_n3240.out[0] (.names)                                          0.235     3.325
[905].in[2] (.names)                                             0.100     3.425
[905].out[0] (.names)                                            0.235     3.660
n_n3852.in[2] (.names)                                           0.100     3.760
n_n3852.out[0] (.names)                                          0.235     3.995
n_n3830.in[2] (.names)                                           0.332     4.327
n_n3830.out[0] (.names)                                          0.235     4.562
n_n3964.in[1] (.names)                                           0.411     4.974
n_n3964.out[0] (.names)                                          0.235     5.209
n_n3966.D[0] (.latch)                                            0.000     5.209
data arrival time                                                          5.209

clock pclk (rise edge)                                           0.000     0.000
clock source latency                                             0.000     0.000
pclk.inpad[0] (.input)                                           0.000     0.000
n_n3966.clk[0] (.latch)                                          0.042     0.042
clock uncertainty                                                0.000     0.042
cell setup time                                                 -0.066    -0.024
data required time                                                        -0.024
--------------------------------------------------------------------------------
data required time                                                        -0.024
data arrival time                                                         -5.209
--------------------------------------------------------------------------------
slack (VIOLATED)                                                          -5.232


#Path 35
Startpoint: n_n4383.Q[0] (.latch clocked by pclk)
Endpoint  : n_n3514.D[0] (.latch clocked by pclk)
Path Type : setup

Point                                                             Incr      Path
--------------------------------------------------------------------------------
clock pclk (rise edge)                                           0.000     0.000
clock source latency                                             0.000     0.000
pclk.inpad[0] (.input)                                           0.000     0.000
n_n4383.clk[0] (.latch)                                          0.042     0.042
n_n4383.Q[0] (.latch) [clock-to-output]                          0.124     0.166
n_n4315.in[1] (.names)                                           0.496     0.662
n_n4315.out[0] (.names)                                          0.235     0.897
n_n4116.in[1] (.names)                                           0.475     1.372
n_n4116.out[0] (.names)                                          0.235     1.607
[902].in[1] (.names)                                             0.478     2.085
[902].out[0] (.names)                                            0.235     2.320
n_n4231.in[2] (.names)                                           0.100     2.420
n_n4231.out[0] (.names)                                          0.235     2.655
[901].in[2] (.names)                                             0.100     2.755
[901].out[0] (.names)                                            0.235     2.990
n_n3240.in[2] (.names)                                           0.100     3.090
n_n3240.out[0] (.names)                                          0.235     3.325
[905].in[2] (.names)                                             0.100     3.425
[905].out[0] (.names)                                            0.235     3.660
n_n3852.in[2] (.names)                                           0.100     3.760
n_n3852.out[0] (.names)                                          0.235     3.995
n_n3830.in[2] (.names)                                           0.332     4.327
n_n3830.out[0] (.names)                                          0.235     4.562
n_n3512.in[1] (.names)                                           0.411     4.974
n_n3512.out[0] (.names)                                          0.235     5.209
n_n3514.D[0] (.latch)                                            0.000     5.209
data arrival time                                                          5.209

clock pclk (rise edge)                                           0.000     0.000
clock source latency                                             0.000     0.000
pclk.inpad[0] (.input)                                           0.000     0.000
n_n3514.clk[0] (.latch)                                          0.042     0.042
clock uncertainty                                                0.000     0.042
cell setup time                                                 -0.066    -0.024
data required time                                                        -0.024
--------------------------------------------------------------------------------
data required time                                                        -0.024
data arrival time                                                         -5.209
--------------------------------------------------------------------------------
slack (VIOLATED)                                                          -5.232


#Path 36
Startpoint: n_n3533.Q[0] (.latch clocked by pclk)
Endpoint  : n_n3242.D[0] (.latch clocked by pclk)
Path Type : setup

Point                                                             Incr      Path
--------------------------------------------------------------------------------
clock pclk (rise edge)                                           0.000     0.000
clock source latency                                             0.000     0.000
pclk.inpad[0] (.input)                                           0.000     0.000
n_n3533.clk[0] (.latch)                                          0.042     0.042
n_n3533.Q[0] (.latch) [clock-to-output]                          0.124     0.166
[6266].in[3] (.names)                                            0.495     0.661
[6266].out[0] (.names)                                           0.235     0.896
n_n4367.in[3] (.names)                                           0.100     0.996
n_n4367.out[0] (.names)                                          0.235     1.231
n_n3974.in[1] (.names)                                           0.478     1.709
n_n3974.out[0] (.names)                                          0.235     1.944
[941].in[0] (.names)                                             0.100     2.044
[941].out[0] (.names)                                            0.235     2.279
[2049].in[3] (.names)                                            0.480     2.759
[2049].out[0] (.names)                                           0.235     2.994
n_n4345.in[2] (.names)                                           0.100     3.094
n_n4345.out[0] (.names)                                          0.235     3.329
[1898].in[0] (.names)                                            0.475     3.804
[1898].out[0] (.names)                                           0.235     4.039
[914].in[2] (.names)                                             0.100     4.139
[914].out[0] (.names)                                            0.235     4.374
[1885].in[3] (.names)                                            0.100     4.474
[1885].out[0] (.names)                                           0.235     4.709
n_n3241.in[1] (.names)                                           0.100     4.809
n_n3241.out[0] (.names)                                          0.235     5.044
n_n3242.D[0] (.latch)                                            0.000     5.044
data arrival time                                                          5.044

clock pclk (rise edge)                                           0.000     0.000
clock source latency                                             0.000     0.000
pclk.inpad[0] (.input)                                           0.000     0.000
n_n3242.clk[0] (.latch)                                          0.042     0.042
clock uncertainty                                                0.000     0.042
cell setup time                                                 -0.066    -0.024
data required time                                                        -0.024
--------------------------------------------------------------------------------
data required time                                                        -0.024
data arrival time                                                         -5.044
--------------------------------------------------------------------------------
slack (VIOLATED)                                                          -5.067


#Path 37
Startpoint: n_n3533.Q[0] (.latch clocked by pclk)
Endpoint  : n_n4233.D[0] (.latch clocked by pclk)
Path Type : setup

Point                                                             Incr      Path
--------------------------------------------------------------------------------
clock pclk (rise edge)                                           0.000     0.000
clock source latency                                             0.000     0.000
pclk.inpad[0] (.input)                                           0.000     0.000
n_n3533.clk[0] (.latch)                                          0.042     0.042
n_n3533.Q[0] (.latch) [clock-to-output]                          0.124     0.166
[6266].in[3] (.names)                                            0.495     0.661
[6266].out[0] (.names)                                           0.235     0.896
n_n4367.in[3] (.names)                                           0.100     0.996
n_n4367.out[0] (.names)                                          0.235     1.231
n_n3974.in[1] (.names)                                           0.478     1.709
n_n3974.out[0] (.names)                                          0.235     1.944
[941].in[0] (.names)                                             0.100     2.044
[941].out[0] (.names)                                            0.235     2.279
[2049].in[3] (.names)                                            0.480     2.759
[2049].out[0] (.names)                                           0.235     2.994
n_n4345.in[2] (.names)                                           0.100     3.094
n_n4345.out[0] (.names)                                          0.235     3.329
[1898].in[0] (.names)                                            0.475     3.804
[1898].out[0] (.names)                                           0.235     4.039
[914].in[2] (.names)                                             0.100     4.139
[914].out[0] (.names)                                            0.235     4.374
[1708].in[3] (.names)                                            0.100     4.474
[1708].out[0] (.names)                                           0.235     4.709
n_n3271.in[1] (.names)                                           0.100     4.809
n_n3271.out[0] (.names)                                          0.235     5.044
n_n4233.D[0] (.latch)                                            0.000     5.044
data arrival time                                                          5.044

clock pclk (rise edge)                                           0.000     0.000
clock source latency                                             0.000     0.000
pclk.inpad[0] (.input)                                           0.000     0.000
n_n4233.clk[0] (.latch)                                          0.042     0.042
clock uncertainty                                                0.000     0.042
cell setup time                                                 -0.066    -0.024
data required time                                                        -0.024
--------------------------------------------------------------------------------
data required time                                                        -0.024
data arrival time                                                         -5.044
--------------------------------------------------------------------------------
slack (VIOLATED)                                                          -5.067


#Path 38
Startpoint: n_n3533.Q[0] (.latch clocked by pclk)
Endpoint  : n_n3841.D[0] (.latch clocked by pclk)
Path Type : setup

Point                                                             Incr      Path
--------------------------------------------------------------------------------
clock pclk (rise edge)                                           0.000     0.000
clock source latency                                             0.000     0.000
pclk.inpad[0] (.input)                                           0.000     0.000
n_n3533.clk[0] (.latch)                                          0.042     0.042
n_n3533.Q[0] (.latch) [clock-to-output]                          0.124     0.166
[6266].in[3] (.names)                                            0.495     0.661
[6266].out[0] (.names)                                           0.235     0.896
n_n4367.in[3] (.names)                                           0.100     0.996
n_n4367.out[0] (.names)                                          0.235     1.231
n_n3974.in[1] (.names)                                           0.478     1.709
n_n3974.out[0] (.names)                                          0.235     1.944
[941].in[0] (.names)                                             0.100     2.044
[941].out[0] (.names)                                            0.235     2.279
[2049].in[3] (.names)                                            0.480     2.759
[2049].out[0] (.names)                                           0.235     2.994
n_n4345.in[2] (.names)                                           0.100     3.094
n_n4345.out[0] (.names)                                          0.235     3.329
[1898].in[0] (.names)                                            0.475     3.804
[1898].out[0] (.names)                                           0.235     4.039
[914].in[2] (.names)                                             0.100     4.139
[914].out[0] (.names)                                            0.235     4.374
[1213].in[3] (.names)                                            0.100     4.474
[1213].out[0] (.names)                                           0.235     4.709
n_n3526.in[1] (.names)                                           0.100     4.809
n_n3526.out[0] (.names)                                          0.235     5.044
n_n3841.D[0] (.latch)                                            0.000     5.044
data arrival time                                                          5.044

clock pclk (rise edge)                                           0.000     0.000
clock source latency                                             0.000     0.000
pclk.inpad[0] (.input)                                           0.000     0.000
n_n3841.clk[0] (.latch)                                          0.042     0.042
clock uncertainty                                                0.000     0.042
cell setup time                                                 -0.066    -0.024
data required time                                                        -0.024
--------------------------------------------------------------------------------
data required time                                                        -0.024
data arrival time                                                         -5.044
--------------------------------------------------------------------------------
slack (VIOLATED)                                                          -5.067


#Path 39
Startpoint: n_n3533.Q[0] (.latch clocked by pclk)
Endpoint  : n_n4122.D[0] (.latch clocked by pclk)
Path Type : setup

Point                                                             Incr      Path
--------------------------------------------------------------------------------
clock pclk (rise edge)                                           0.000     0.000
clock source latency                                             0.000     0.000
pclk.inpad[0] (.input)                                           0.000     0.000
n_n3533.clk[0] (.latch)                                          0.042     0.042
n_n3533.Q[0] (.latch) [clock-to-output]                          0.124     0.166
[6266].in[3] (.names)                                            0.495     0.661
[6266].out[0] (.names)                                           0.235     0.896
n_n4367.in[3] (.names)                                           0.100     0.996
n_n4367.out[0] (.names)                                          0.235     1.231
n_n3974.in[1] (.names)                                           0.478     1.709
n_n3974.out[0] (.names)                                          0.235     1.944
[941].in[0] (.names)                                             0.100     2.044
[941].out[0] (.names)                                            0.235     2.279
[2049].in[3] (.names)                                            0.480     2.759
[2049].out[0] (.names)                                           0.235     2.994
n_n4345.in[2] (.names)                                           0.100     3.094
n_n4345.out[0] (.names)                                          0.235     3.329
[1898].in[0] (.names)                                            0.475     3.804
[1898].out[0] (.names)                                           0.235     4.039
[1613].in[2] (.names)                                            0.331     4.370
[1613].out[0] (.names)                                           0.235     4.605
n_n4121.in[1] (.names)                                           0.100     4.705
n_n4121.out[0] (.names)                                          0.235     4.940
n_n4122.D[0] (.latch)                                            0.000     4.940
data arrival time                                                          4.940

clock pclk (rise edge)                                           0.000     0.000
clock source latency                                             0.000     0.000
pclk.inpad[0] (.input)                                           0.000     0.000
n_n4122.clk[0] (.latch)                                          0.042     0.042
clock uncertainty                                                0.000     0.042
cell setup time                                                 -0.066    -0.024
data required time                                                        -0.024
--------------------------------------------------------------------------------
data required time                                                        -0.024
data arrival time                                                         -4.940
--------------------------------------------------------------------------------
slack (VIOLATED)                                                          -4.964


#Path 40
Startpoint: n_n3533.Q[0] (.latch clocked by pclk)
Endpoint  : n_n4095.D[0] (.latch clocked by pclk)
Path Type : setup

Point                                                             Incr      Path
--------------------------------------------------------------------------------
clock pclk (rise edge)                                           0.000     0.000
clock source latency                                             0.000     0.000
pclk.inpad[0] (.input)                                           0.000     0.000
n_n3533.clk[0] (.latch)                                          0.042     0.042
n_n3533.Q[0] (.latch) [clock-to-output]                          0.124     0.166
[6266].in[3] (.names)                                            0.495     0.661
[6266].out[0] (.names)                                           0.235     0.896
n_n4367.in[3] (.names)                                           0.100     0.996
n_n4367.out[0] (.names)                                          0.235     1.231
n_n3974.in[1] (.names)                                           0.478     1.709
n_n3974.out[0] (.names)                                          0.235     1.944
[941].in[0] (.names)                                             0.100     2.044
[941].out[0] (.names)                                            0.235     2.279
[2049].in[3] (.names)                                            0.480     2.759
[2049].out[0] (.names)                                           0.235     2.994
n_n4345.in[2] (.names)                                           0.100     3.094
n_n4345.out[0] (.names)                                          0.235     3.329
[1898].in[0] (.names)                                            0.475     3.804
[1898].out[0] (.names)                                           0.235     4.039
[1260].in[2] (.names)                                            0.331     4.370
[1260].out[0] (.names)                                           0.235     4.605
n_n4094.in[1] (.names)                                           0.100     4.705
n_n4094.out[0] (.names)                                          0.235     4.940
n_n4095.D[0] (.latch)                                            0.000     4.940
data arrival time                                                          4.940

clock pclk (rise edge)                                           0.000     0.000
clock source latency                                             0.000     0.000
pclk.inpad[0] (.input)                                           0.000     0.000
n_n4095.clk[0] (.latch)                                          0.042     0.042
clock uncertainty                                                0.000     0.042
cell setup time                                                 -0.066    -0.024
data required time                                                        -0.024
--------------------------------------------------------------------------------
data required time                                                        -0.024
data arrival time                                                         -4.940
--------------------------------------------------------------------------------
slack (VIOLATED)                                                          -4.964


#Path 41
Startpoint: n_n3533.Q[0] (.latch clocked by pclk)
Endpoint  : n_n4157.D[0] (.latch clocked by pclk)
Path Type : setup

Point                                                             Incr      Path
--------------------------------------------------------------------------------
clock pclk (rise edge)                                           0.000     0.000
clock source latency                                             0.000     0.000
pclk.inpad[0] (.input)                                           0.000     0.000
n_n3533.clk[0] (.latch)                                          0.042     0.042
n_n3533.Q[0] (.latch) [clock-to-output]                          0.124     0.166
[6266].in[3] (.names)                                            0.495     0.661
[6266].out[0] (.names)                                           0.235     0.896
n_n4367.in[3] (.names)                                           0.100     0.996
n_n4367.out[0] (.names)                                          0.235     1.231
n_n3974.in[1] (.names)                                           0.478     1.709
n_n3974.out[0] (.names)                                          0.235     1.944
[941].in[0] (.names)                                             0.100     2.044
[941].out[0] (.names)                                            0.235     2.279
[2049].in[3] (.names)                                            0.480     2.759
[2049].out[0] (.names)                                           0.235     2.994
n_n4345.in[2] (.names)                                           0.100     3.094
n_n4345.out[0] (.names)                                          0.235     3.329
n_n4158.in[0] (.names)                                           0.475     3.804
n_n4158.out[0] (.names)                                          0.235     4.039
n_n4156.in[1] (.names)                                           0.100     4.139
n_n4156.out[0] (.names)                                          0.235     4.374
n_n4157.D[0] (.latch)                                            0.000     4.374
data arrival time                                                          4.374

clock pclk (rise edge)                                           0.000     0.000
clock source latency                                             0.000     0.000
pclk.inpad[0] (.input)                                           0.000     0.000
n_n4157.clk[0] (.latch)                                          0.042     0.042
clock uncertainty                                                0.000     0.042
cell setup time                                                 -0.066    -0.024
data required time                                                        -0.024
--------------------------------------------------------------------------------
data required time                                                        -0.024
data arrival time                                                         -4.374
--------------------------------------------------------------------------------
slack (VIOLATED)                                                          -4.397


#Path 42
Startpoint: n_n3533.Q[0] (.latch clocked by pclk)
Endpoint  : n_n3898.D[0] (.latch clocked by pclk)
Path Type : setup

Point                                                             Incr      Path
--------------------------------------------------------------------------------
clock pclk (rise edge)                                           0.000     0.000
clock source latency                                             0.000     0.000
pclk.inpad[0] (.input)                                           0.000     0.000
n_n3533.clk[0] (.latch)                                          0.042     0.042
n_n3533.Q[0] (.latch) [clock-to-output]                          0.124     0.166
[6266].in[3] (.names)                                            0.495     0.661
[6266].out[0] (.names)                                           0.235     0.896
n_n4367.in[3] (.names)                                           0.100     0.996
n_n4367.out[0] (.names)                                          0.235     1.231
n_n3974.in[1] (.names)                                           0.478     1.709
n_n3974.out[0] (.names)                                          0.235     1.944
[941].in[0] (.names)                                             0.100     2.044
[941].out[0] (.names)                                            0.235     2.279
[2049].in[3] (.names)                                            0.480     2.759
[2049].out[0] (.names)                                           0.235     2.994
n_n4345.in[2] (.names)                                           0.100     3.094
n_n4345.out[0] (.names)                                          0.235     3.329
n_n4158.in[0] (.names)                                           0.475     3.804
n_n4158.out[0] (.names)                                          0.235     4.039
n_n3459.in[1] (.names)                                           0.100     4.139
n_n3459.out[0] (.names)                                          0.235     4.374
n_n3898.D[0] (.latch)                                            0.000     4.374
data arrival time                                                          4.374

clock pclk (rise edge)                                           0.000     0.000
clock source latency                                             0.000     0.000
pclk.inpad[0] (.input)                                           0.000     0.000
n_n3898.clk[0] (.latch)                                          0.042     0.042
clock uncertainty                                                0.000     0.042
cell setup time                                                 -0.066    -0.024
data required time                                                        -0.024
--------------------------------------------------------------------------------
data required time                                                        -0.024
data arrival time                                                         -4.374
--------------------------------------------------------------------------------
slack (VIOLATED)                                                          -4.397


#Path 43
Startpoint: n_n3533.Q[0] (.latch clocked by pclk)
Endpoint  : n_n4288.D[0] (.latch clocked by pclk)
Path Type : setup

Point                                                             Incr      Path
--------------------------------------------------------------------------------
clock pclk (rise edge)                                           0.000     0.000
clock source latency                                             0.000     0.000
pclk.inpad[0] (.input)                                           0.000     0.000
n_n3533.clk[0] (.latch)                                          0.042     0.042
n_n3533.Q[0] (.latch) [clock-to-output]                          0.124     0.166
[6266].in[3] (.names)                                            0.495     0.661
[6266].out[0] (.names)                                           0.235     0.896
n_n4367.in[3] (.names)                                           0.100     0.996
n_n4367.out[0] (.names)                                          0.235     1.231
n_n3974.in[1] (.names)                                           0.478     1.709
n_n3974.out[0] (.names)                                          0.235     1.944
[941].in[0] (.names)                                             0.100     2.044
[941].out[0] (.names)                                            0.235     2.279
[2049].in[3] (.names)                                            0.480     2.759
[2049].out[0] (.names)                                           0.235     2.994
n_n4345.in[2] (.names)                                           0.100     3.094
n_n4345.out[0] (.names)                                          0.235     3.329
n_n4158.in[0] (.names)                                           0.475     3.804
n_n4158.out[0] (.names)                                          0.235     4.039
n_n3302.in[1] (.names)                                           0.100     4.139
n_n3302.out[0] (.names)                                          0.235     4.374
n_n4288.D[0] (.latch)                                            0.000     4.374
data arrival time                                                          4.374

clock pclk (rise edge)                                           0.000     0.000
clock source latency                                             0.000     0.000
pclk.inpad[0] (.input)                                           0.000     0.000
n_n4288.clk[0] (.latch)                                          0.042     0.042
clock uncertainty                                                0.000     0.042
cell setup time                                                 -0.066    -0.024
data required time                                                        -0.024
--------------------------------------------------------------------------------
data required time                                                        -0.024
data arrival time                                                         -4.374
--------------------------------------------------------------------------------
slack (VIOLATED)                                                          -4.397


#Path 44
Startpoint: n_n3533.Q[0] (.latch clocked by pclk)
Endpoint  : n_n3085.D[0] (.latch clocked by pclk)
Path Type : setup

Point                                                             Incr      Path
--------------------------------------------------------------------------------
clock pclk (rise edge)                                           0.000     0.000
clock source latency                                             0.000     0.000
pclk.inpad[0] (.input)                                           0.000     0.000
n_n3533.clk[0] (.latch)                                          0.042     0.042
n_n3533.Q[0] (.latch) [clock-to-output]                          0.124     0.166
[6266].in[3] (.names)                                            0.495     0.661
[6266].out[0] (.names)                                           0.235     0.896
n_n4367.in[3] (.names)                                           0.100     0.996
n_n4367.out[0] (.names)                                          0.235     1.231
n_n3974.in[1] (.names)                                           0.478     1.709
n_n3974.out[0] (.names)                                          0.235     1.944
[941].in[0] (.names)                                             0.100     2.044
[941].out[0] (.names)                                            0.235     2.279
[2049].in[3] (.names)                                            0.480     2.759
[2049].out[0] (.names)                                           0.235     2.994
[1487].in[2] (.names)                                            0.476     3.470
[1487].out[0] (.names)                                           0.235     3.705
n_n3058.in[1] (.names)                                           0.307     4.012
n_n3058.out[0] (.names)                                          0.235     4.247
n_n3085.D[0] (.latch)                                            0.000     4.247
data arrival time                                                          4.247

clock pclk (rise edge)                                           0.000     0.000
clock source latency                                             0.000     0.000
pclk.inpad[0] (.input)                                           0.000     0.000
n_n3085.clk[0] (.latch)                                          0.042     0.042
clock uncertainty                                                0.000     0.042
cell setup time                                                 -0.066    -0.024
data required time                                                        -0.024
--------------------------------------------------------------------------------
data required time                                                        -0.024
data arrival time                                                         -4.247
--------------------------------------------------------------------------------
slack (VIOLATED)                                                          -4.271


#Path 45
Startpoint: n_n3533.Q[0] (.latch clocked by pclk)
Endpoint  : n_n4351.D[0] (.latch clocked by pclk)
Path Type : setup

Point                                                             Incr      Path
--------------------------------------------------------------------------------
clock pclk (rise edge)                                           0.000     0.000
clock source latency                                             0.000     0.000
pclk.inpad[0] (.input)                                           0.000     0.000
n_n3533.clk[0] (.latch)                                          0.042     0.042
n_n3533.Q[0] (.latch) [clock-to-output]                          0.124     0.166
[6266].in[3] (.names)                                            0.495     0.661
[6266].out[0] (.names)                                           0.235     0.896
n_n4367.in[3] (.names)                                           0.100     0.996
n_n4367.out[0] (.names)                                          0.235     1.231
n_n3974.in[1] (.names)                                           0.478     1.709
n_n3974.out[0] (.names)                                          0.235     1.944
[941].in[0] (.names)                                             0.100     2.044
[941].out[0] (.names)                                            0.235     2.279
[2049].in[3] (.names)                                            0.480     2.759
[2049].out[0] (.names)                                           0.235     2.994
[1509].in[2] (.names)                                            0.620     3.614
[1509].out[0] (.names)                                           0.235     3.849
n_n3308.in[1] (.names)                                           0.100     3.949
n_n3308.out[0] (.names)                                          0.235     4.184
n_n4351.D[0] (.latch)                                            0.000     4.184
data arrival time                                                          4.184

clock pclk (rise edge)                                           0.000     0.000
clock source latency                                             0.000     0.000
pclk.inpad[0] (.input)                                           0.000     0.000
n_n4351.clk[0] (.latch)                                          0.042     0.042
clock uncertainty                                                0.000     0.042
cell setup time                                                 -0.066    -0.024
data required time                                                        -0.024
--------------------------------------------------------------------------------
data required time                                                        -0.024
data arrival time                                                         -4.184
--------------------------------------------------------------------------------
slack (VIOLATED)                                                          -4.208


#Path 46
Startpoint: n_n3533.Q[0] (.latch clocked by pclk)
Endpoint  : n_n3458.D[0] (.latch clocked by pclk)
Path Type : setup

Point                                                             Incr      Path
--------------------------------------------------------------------------------
clock pclk (rise edge)                                           0.000     0.000
clock source latency                                             0.000     0.000
pclk.inpad[0] (.input)                                           0.000     0.000
n_n3533.clk[0] (.latch)                                          0.042     0.042
n_n3533.Q[0] (.latch) [clock-to-output]                          0.124     0.166
[6266].in[3] (.names)                                            0.495     0.661
[6266].out[0] (.names)                                           0.235     0.896
n_n4367.in[3] (.names)                                           0.100     0.996
n_n4367.out[0] (.names)                                          0.235     1.231
n_n3974.in[1] (.names)                                           0.478     1.709
n_n3974.out[0] (.names)                                          0.235     1.944
[941].in[0] (.names)                                             0.100     2.044
[941].out[0] (.names)                                            0.235     2.279
[2049].in[3] (.names)                                            0.480     2.759
[2049].out[0] (.names)                                           0.235     2.994
n_n4345.in[2] (.names)                                           0.100     3.094
n_n4345.out[0] (.names)                                          0.235     3.329
n_n3147.in[1] (.names)                                           0.479     3.808
n_n3147.out[0] (.names)                                          0.235     4.043
n_n3458.D[0] (.latch)                                            0.000     4.043
data arrival time                                                          4.043

clock pclk (rise edge)                                           0.000     0.000
clock source latency                                             0.000     0.000
pclk.inpad[0] (.input)                                           0.000     0.000
n_n3458.clk[0] (.latch)                                          0.042     0.042
clock uncertainty                                                0.000     0.042
cell setup time                                                 -0.066    -0.024
data required time                                                        -0.024
--------------------------------------------------------------------------------
data required time                                                        -0.024
data arrival time                                                         -4.043
--------------------------------------------------------------------------------
slack (VIOLATED)                                                          -4.067


#Path 47
Startpoint: n_n3533.Q[0] (.latch clocked by pclk)
Endpoint  : n_n4229.D[0] (.latch clocked by pclk)
Path Type : setup

Point                                                             Incr      Path
--------------------------------------------------------------------------------
clock pclk (rise edge)                                           0.000     0.000
clock source latency                                             0.000     0.000
pclk.inpad[0] (.input)                                           0.000     0.000
n_n3533.clk[0] (.latch)                                          0.042     0.042
n_n3533.Q[0] (.latch) [clock-to-output]                          0.124     0.166
[6266].in[3] (.names)                                            0.495     0.661
[6266].out[0] (.names)                                           0.235     0.896
n_n4367.in[3] (.names)                                           0.100     0.996
n_n4367.out[0] (.names)                                          0.235     1.231
n_n3974.in[1] (.names)                                           0.478     1.709
n_n3974.out[0] (.names)                                          0.235     1.944
[941].in[0] (.names)                                             0.100     2.044
[941].out[0] (.names)                                            0.235     2.279
[2049].in[3] (.names)                                            0.480     2.759
[2049].out[0] (.names)                                           0.235     2.994
[1552].in[2] (.names)                                            0.476     3.470
[1552].out[0] (.names)                                           0.235     3.705
n_n4228.in[1] (.names)                                           0.100     3.805
n_n4228.out[0] (.names)                                          0.235     4.040
n_n4229.D[0] (.latch)                                            0.000     4.040
data arrival time                                                          4.040

clock pclk (rise edge)                                           0.000     0.000
clock source latency                                             0.000     0.000
pclk.inpad[0] (.input)                                           0.000     0.000
n_n4229.clk[0] (.latch)                                          0.042     0.042
clock uncertainty                                                0.000     0.042
cell setup time                                                 -0.066    -0.024
data required time                                                        -0.024
--------------------------------------------------------------------------------
data required time                                                        -0.024
data arrival time                                                         -4.040
--------------------------------------------------------------------------------
slack (VIOLATED)                                                          -4.063


#Path 48
Startpoint: n_n3533.Q[0] (.latch clocked by pclk)
Endpoint  : n_n3916.D[0] (.latch clocked by pclk)
Path Type : setup

Point                                                             Incr      Path
--------------------------------------------------------------------------------
clock pclk (rise edge)                                           0.000     0.000
clock source latency                                             0.000     0.000
pclk.inpad[0] (.input)                                           0.000     0.000
n_n3533.clk[0] (.latch)                                          0.042     0.042
n_n3533.Q[0] (.latch) [clock-to-output]                          0.124     0.166
[6266].in[3] (.names)                                            0.495     0.661
[6266].out[0] (.names)                                           0.235     0.896
n_n4367.in[3] (.names)                                           0.100     0.996
n_n4367.out[0] (.names)                                          0.235     1.231
n_n3974.in[1] (.names)                                           0.478     1.709
n_n3974.out[0] (.names)                                          0.235     1.944
[941].in[0] (.names)                                             0.100     2.044
[941].out[0] (.names)                                            0.235     2.279
[2049].in[3] (.names)                                            0.480     2.759
[2049].out[0] (.names)                                           0.235     2.994
n_n4345.in[2] (.names)                                           0.100     3.094
n_n4345.out[0] (.names)                                          0.235     3.329
n_n3226.in[1] (.names)                                           0.336     3.665
n_n3226.out[0] (.names)                                          0.235     3.900
n_n3916.D[0] (.latch)                                            0.000     3.900
data arrival time                                                          3.900

clock pclk (rise edge)                                           0.000     0.000
clock source latency                                             0.000     0.000
pclk.inpad[0] (.input)                                           0.000     0.000
n_n3916.clk[0] (.latch)                                          0.042     0.042
clock uncertainty                                                0.000     0.042
cell setup time                                                 -0.066    -0.024
data required time                                                        -0.024
--------------------------------------------------------------------------------
data required time                                                        -0.024
data arrival time                                                         -3.900
--------------------------------------------------------------------------------
slack (VIOLATED)                                                          -3.923


#Path 49
Startpoint: n_n4383.Q[0] (.latch clocked by pclk)
Endpoint  : n_n4074.D[0] (.latch clocked by pclk)
Path Type : setup

Point                                                             Incr      Path
--------------------------------------------------------------------------------
clock pclk (rise edge)                                           0.000     0.000
clock source latency                                             0.000     0.000
pclk.inpad[0] (.input)                                           0.000     0.000
n_n4383.clk[0] (.latch)                                          0.042     0.042
n_n4383.Q[0] (.latch) [clock-to-output]                          0.124     0.166
n_n4315.in[1] (.names)                                           0.496     0.662
n_n4315.out[0] (.names)                                          0.235     0.897
n_n3923.in[1] (.names)                                           0.477     1.374
n_n3923.out[0] (.names)                                          0.235     1.609
[1096].in[3] (.names)                                            0.100     1.709
[1096].out[0] (.names)                                           0.235     1.944
n_n4019.in[2] (.names)                                           0.476     2.420
n_n4019.out[0] (.names)                                          0.235     2.655
[1122].in[0] (.names)                                            0.100     2.755
[1122].out[0] (.names)                                           0.235     2.990
n_n4073.in[2] (.names)                                           0.477     3.466
n_n4073.out[0] (.names)                                          0.235     3.701
n_n4074.D[0] (.latch)                                            0.000     3.701
data arrival time                                                          3.701

clock pclk (rise edge)                                           0.000     0.000
clock source latency                                             0.000     0.000
pclk.inpad[0] (.input)                                           0.000     0.000
n_n4074.clk[0] (.latch)                                          0.042     0.042
clock uncertainty                                                0.000     0.042
cell setup time                                                 -0.066    -0.024
data required time                                                        -0.024
--------------------------------------------------------------------------------
data required time                                                        -0.024
data arrival time                                                         -3.701
--------------------------------------------------------------------------------
slack (VIOLATED)                                                          -3.725


#Path 50
Startpoint: n_n4383.Q[0] (.latch clocked by pclk)
Endpoint  : n_n3111.D[0] (.latch clocked by pclk)
Path Type : setup

Point                                                             Incr      Path
--------------------------------------------------------------------------------
clock pclk (rise edge)                                           0.000     0.000
clock source latency                                             0.000     0.000
pclk.inpad[0] (.input)                                           0.000     0.000
n_n4383.clk[0] (.latch)                                          0.042     0.042
n_n4383.Q[0] (.latch) [clock-to-output]                          0.124     0.166
n_n4315.in[1] (.names)                                           0.496     0.662
n_n4315.out[0] (.names)                                          0.235     0.897
n_n3923.in[1] (.names)                                           0.477     1.374
n_n3923.out[0] (.names)                                          0.235     1.609
n_n4267.in[2] (.names)                                           0.100     1.709
n_n4267.out[0] (.names)                                          0.235     1.944
n_n4034.in[3] (.names)                                           0.100     2.044
n_n4034.out[0] (.names)                                          0.235     2.279
n_n4259.in[2] (.names)                                           0.100     2.379
n_n4259.out[0] (.names)                                          0.235     2.614
[1078].in[2] (.names)                                            0.100     2.714
[1078].out[0] (.names)                                           0.235     2.949
n_n3110.in[2] (.names)                                           0.473     3.422
n_n3110.out[0] (.names)                                          0.235     3.657
n_n3111.D[0] (.latch)                                            0.000     3.657
data arrival time                                                          3.657

clock pclk (rise edge)                                           0.000     0.000
clock source latency                                             0.000     0.000
pclk.inpad[0] (.input)                                           0.000     0.000
n_n3111.clk[0] (.latch)                                          0.042     0.042
clock uncertainty                                                0.000     0.042
cell setup time                                                 -0.066    -0.024
data required time                                                        -0.024
--------------------------------------------------------------------------------
data required time                                                        -0.024
data arrival time                                                         -3.657
--------------------------------------------------------------------------------
slack (VIOLATED)                                                          -3.681


#Path 51
Startpoint: n_n3533.Q[0] (.latch clocked by pclk)
Endpoint  : n_n4316.D[0] (.latch clocked by pclk)
Path Type : setup

Point                                                             Incr      Path
--------------------------------------------------------------------------------
clock pclk (rise edge)                                           0.000     0.000
clock source latency                                             0.000     0.000
pclk.inpad[0] (.input)                                           0.000     0.000
n_n3533.clk[0] (.latch)                                          0.042     0.042
n_n3533.Q[0] (.latch) [clock-to-output]                          0.124     0.166
[6266].in[3] (.names)                                            0.495     0.661
[6266].out[0] (.names)                                           0.235     0.896
n_n4367.in[3] (.names)                                           0.100     0.996
n_n4367.out[0] (.names)                                          0.235     1.231
[6275].in[1] (.names)                                            0.475     1.706
[6275].out[0] (.names)                                           0.235     1.941
n_n3362.in[3] (.names)                                           0.336     2.276
n_n3362.out[0] (.names)                                          0.235     2.511
n_n4015.in[1] (.names)                                           0.337     2.848
n_n4015.out[0] (.names)                                          0.235     3.083
n_n3518.in[0] (.names)                                           0.335     3.418
n_n3518.out[0] (.names)                                          0.235     3.653
n_n4316.D[0] (.latch)                                            0.000     3.653
data arrival time                                                          3.653

clock pclk (rise edge)                                           0.000     0.000
clock source latency                                             0.000     0.000
pclk.inpad[0] (.input)                                           0.000     0.000
n_n4316.clk[0] (.latch)                                          0.042     0.042
clock uncertainty                                                0.000     0.042
cell setup time                                                 -0.066    -0.024
data required time                                                        -0.024
--------------------------------------------------------------------------------
data required time                                                        -0.024
data arrival time                                                         -3.653
--------------------------------------------------------------------------------
slack (VIOLATED)                                                          -3.676


#Path 52
Startpoint: n_n4222.Q[0] (.latch clocked by pclk)
Endpoint  : n_n4324.D[0] (.latch clocked by pclk)
Path Type : setup

Point                                                             Incr      Path
--------------------------------------------------------------------------------
clock pclk (rise edge)                                           0.000     0.000
clock source latency                                             0.000     0.000
pclk.inpad[0] (.input)                                           0.000     0.000
n_n4222.clk[0] (.latch)                                          0.042     0.042
n_n4222.Q[0] (.latch) [clock-to-output]                          0.124     0.166
n_n3900.in[0] (.names)                                           0.356     0.522
n_n3900.out[0] (.names)                                          0.235     0.757
n_n3899.in[2] (.names)                                           0.100     0.857
n_n3899.out[0] (.names)                                          0.235     1.092
n_n3870.in[2] (.names)                                           0.334     1.426
n_n3870.out[0] (.names)                                          0.235     1.661
n_n3869.in[2] (.names)                                           0.335     1.995
n_n3869.out[0] (.names)                                          0.235     2.230
n_n3205.in[2] (.names)                                           0.100     2.330
n_n3205.out[0] (.names)                                          0.235     2.565
[1062].in[3] (.names)                                            0.100     2.665
[1062].out[0] (.names)                                           0.235     2.900
n_n3585.in[3] (.names)                                           0.337     3.237
n_n3585.out[0] (.names)                                          0.235     3.472
n_n4324.D[0] (.latch)                                            0.000     3.472
data arrival time                                                          3.472

clock pclk (rise edge)                                           0.000     0.000
clock source latency                                             0.000     0.000
pclk.inpad[0] (.input)                                           0.000     0.000
n_n4324.clk[0] (.latch)                                          0.042     0.042
clock uncertainty                                                0.000     0.042
cell setup time                                                 -0.066    -0.024
data required time                                                        -0.024
--------------------------------------------------------------------------------
data required time                                                        -0.024
data arrival time                                                         -3.472
--------------------------------------------------------------------------------
slack (VIOLATED)                                                          -3.496


#Path 53
Startpoint: n_n3533.Q[0] (.latch clocked by pclk)
Endpoint  : n_n3657.D[0] (.latch clocked by pclk)
Path Type : setup

Point                                                             Incr      Path
--------------------------------------------------------------------------------
clock pclk (rise edge)                                           0.000     0.000
clock source latency                                             0.000     0.000
pclk.inpad[0] (.input)                                           0.000     0.000
n_n3533.clk[0] (.latch)                                          0.042     0.042
n_n3533.Q[0] (.latch) [clock-to-output]                          0.124     0.166
[6266].in[3] (.names)                                            0.495     0.661
[6266].out[0] (.names)                                           0.235     0.896
n_n4367.in[3] (.names)                                           0.100     0.996
n_n4367.out[0] (.names)                                          0.235     1.231
[6275].in[1] (.names)                                            0.475     1.706
[6275].out[0] (.names)                                           0.235     1.941
n_n3362.in[3] (.names)                                           0.336     2.276
n_n3362.out[0] (.names)                                          0.235     2.511
n_n4015.in[1] (.names)                                           0.337     2.848
n_n4015.out[0] (.names)                                          0.235     3.083
n_n3017.in[1] (.names)                                           0.100     3.183
n_n3017.out[0] (.names)                                          0.235     3.418
n_n3657.D[0] (.latch)                                            0.000     3.418
data arrival time                                                          3.418

clock pclk (rise edge)                                           0.000     0.000
clock source latency                                             0.000     0.000
pclk.inpad[0] (.input)                                           0.000     0.000
n_n3657.clk[0] (.latch)                                          0.042     0.042
clock uncertainty                                                0.000     0.042
cell setup time                                                 -0.066    -0.024
data required time                                                        -0.024
--------------------------------------------------------------------------------
data required time                                                        -0.024
data arrival time                                                         -3.418
--------------------------------------------------------------------------------
slack (VIOLATED)                                                          -3.442


#Path 54
Startpoint: n_n3533.Q[0] (.latch clocked by pclk)
Endpoint  : n_n3495.D[0] (.latch clocked by pclk)
Path Type : setup

Point                                                             Incr      Path
--------------------------------------------------------------------------------
clock pclk (rise edge)                                           0.000     0.000
clock source latency                                             0.000     0.000
pclk.inpad[0] (.input)                                           0.000     0.000
n_n3533.clk[0] (.latch)                                          0.042     0.042
n_n3533.Q[0] (.latch) [clock-to-output]                          0.124     0.166
[6266].in[3] (.names)                                            0.495     0.661
[6266].out[0] (.names)                                           0.235     0.896
n_n4367.in[3] (.names)                                           0.100     0.996
n_n4367.out[0] (.names)                                          0.235     1.231
[6275].in[1] (.names)                                            0.475     1.706
[6275].out[0] (.names)                                           0.235     1.941
n_n3362.in[3] (.names)                                           0.336     2.276
n_n3362.out[0] (.names)                                          0.235     2.511
n_n4015.in[1] (.names)                                           0.337     2.848
n_n4015.out[0] (.names)                                          0.235     3.083
n_n3148.in[0] (.names)                                           0.100     3.183
n_n3148.out[0] (.names)                                          0.235     3.418
n_n3495.D[0] (.latch)                                            0.000     3.418
data arrival time                                                          3.418

clock pclk (rise edge)                                           0.000     0.000
clock source latency                                             0.000     0.000
pclk.inpad[0] (.input)                                           0.000     0.000
n_n3495.clk[0] (.latch)                                          0.042     0.042
clock uncertainty                                                0.000     0.042
cell setup time                                                 -0.066    -0.024
data required time                                                        -0.024
--------------------------------------------------------------------------------
data required time                                                        -0.024
data arrival time                                                         -3.418
--------------------------------------------------------------------------------
slack (VIOLATED)                                                          -3.442


#Path 55
Startpoint: n_n3533.Q[0] (.latch clocked by pclk)
Endpoint  : n_n3845.D[0] (.latch clocked by pclk)
Path Type : setup

Point                                                             Incr      Path
--------------------------------------------------------------------------------
clock pclk (rise edge)                                           0.000     0.000
clock source latency                                             0.000     0.000
pclk.inpad[0] (.input)                                           0.000     0.000
n_n3533.clk[0] (.latch)                                          0.042     0.042
n_n3533.Q[0] (.latch) [clock-to-output]                          0.124     0.166
[6266].in[3] (.names)                                            0.495     0.661
[6266].out[0] (.names)                                           0.235     0.896
n_n4367.in[3] (.names)                                           0.100     0.996
n_n4367.out[0] (.names)                                          0.235     1.231
n_n3500.in[2] (.names)                                           0.427     1.658
n_n3500.out[0] (.names)                                          0.235     1.893
[1187].in[3] (.names)                                            0.570     2.463
[1187].out[0] (.names)                                           0.235     2.698
n_n3680.in[1] (.names)                                           0.455     3.153
n_n3680.out[0] (.names)                                          0.235     3.388
n_n3845.D[0] (.latch)                                            0.000     3.388
data arrival time                                                          3.388

clock pclk (rise edge)                                           0.000     0.000
clock source latency                                             0.000     0.000
pclk.inpad[0] (.input)                                           0.000     0.000
n_n3845.clk[0] (.latch)                                          0.042     0.042
clock uncertainty                                                0.000     0.042
cell setup time                                                 -0.066    -0.024
data required time                                                        -0.024
--------------------------------------------------------------------------------
data required time                                                        -0.024
data arrival time                                                         -3.388
--------------------------------------------------------------------------------
slack (VIOLATED)                                                          -3.412


#Path 56
Startpoint: n_n4383.Q[0] (.latch clocked by pclk)
Endpoint  : n_n3237.D[0] (.latch clocked by pclk)
Path Type : setup

Point                                                             Incr      Path
--------------------------------------------------------------------------------
clock pclk (rise edge)                                           0.000     0.000
clock source latency                                             0.000     0.000
pclk.inpad[0] (.input)                                           0.000     0.000
n_n4383.clk[0] (.latch)                                          0.042     0.042
n_n4383.Q[0] (.latch) [clock-to-output]                          0.124     0.166
n_n4315.in[1] (.names)                                           0.496     0.662
n_n4315.out[0] (.names)                                          0.235     0.897
n_n3923.in[1] (.names)                                           0.477     1.374
n_n3923.out[0] (.names)                                          0.235     1.609
n_n4267.in[2] (.names)                                           0.100     1.709
n_n4267.out[0] (.names)                                          0.235     1.944
n_n4034.in[3] (.names)                                           0.100     2.044
n_n4034.out[0] (.names)                                          0.235     2.279
[1075].in[3] (.names)                                            0.100     2.379
[1075].out[0] (.names)                                           0.235     2.614
n_n3236.in[2] (.names)                                           0.477     3.091
n_n3236.out[0] (.names)                                          0.235     3.326
n_n3237.D[0] (.latch)                                            0.000     3.326
data arrival time                                                          3.326

clock pclk (rise edge)                                           0.000     0.000
clock source latency                                             0.000     0.000
pclk.inpad[0] (.input)                                           0.000     0.000
n_n3237.clk[0] (.latch)                                          0.042     0.042
clock uncertainty                                                0.000     0.042
cell setup time                                                 -0.066    -0.024
data required time                                                        -0.024
--------------------------------------------------------------------------------
data required time                                                        -0.024
data arrival time                                                         -3.326
--------------------------------------------------------------------------------
slack (VIOLATED)                                                          -3.349


#Path 57
Startpoint: n_n3533.Q[0] (.latch clocked by pclk)
Endpoint  : n_n4099.D[0] (.latch clocked by pclk)
Path Type : setup

Point                                                             Incr      Path
--------------------------------------------------------------------------------
clock pclk (rise edge)                                           0.000     0.000
clock source latency                                             0.000     0.000
pclk.inpad[0] (.input)                                           0.000     0.000
n_n3533.clk[0] (.latch)                                          0.042     0.042
n_n3533.Q[0] (.latch) [clock-to-output]                          0.124     0.166
[6266].in[3] (.names)                                            0.495     0.661
[6266].out[0] (.names)                                           0.235     0.896
n_n4367.in[3] (.names)                                           0.100     0.996
n_n4367.out[0] (.names)                                          0.235     1.231
n_n3500.in[2] (.names)                                           0.427     1.658
n_n3500.out[0] (.names)                                          0.235     1.893
[1006].in[2] (.names)                                            0.431     2.323
[1006].out[0] (.names)                                           0.235     2.558
n_n3693.in[0] (.names)                                           0.456     3.014
n_n3693.out[0] (.names)                                          0.235     3.249
n_n4099.D[0] (.latch)                                            0.000     3.249
data arrival time                                                          3.249

clock pclk (rise edge)                                           0.000     0.000
clock source latency                                             0.000     0.000
pclk.inpad[0] (.input)                                           0.000     0.000
n_n4099.clk[0] (.latch)                                          0.042     0.042
clock uncertainty                                                0.000     0.042
cell setup time                                                 -0.066    -0.024
data required time                                                        -0.024
--------------------------------------------------------------------------------
data required time                                                        -0.024
data arrival time                                                         -3.249
--------------------------------------------------------------------------------
slack (VIOLATED)                                                          -3.273


#Path 58
Startpoint: n_n3533.Q[0] (.latch clocked by pclk)
Endpoint  : n_n3955.D[0] (.latch clocked by pclk)
Path Type : setup

Point                                                             Incr      Path
--------------------------------------------------------------------------------
clock pclk (rise edge)                                           0.000     0.000
clock source latency                                             0.000     0.000
pclk.inpad[0] (.input)                                           0.000     0.000
n_n3533.clk[0] (.latch)                                          0.042     0.042
n_n3533.Q[0] (.latch) [clock-to-output]                          0.124     0.166
[6266].in[3] (.names)                                            0.495     0.661
[6266].out[0] (.names)                                           0.235     0.896
n_n4367.in[3] (.names)                                           0.100     0.996
n_n4367.out[0] (.names)                                          0.235     1.231
n_n3500.in[2] (.names)                                           0.427     1.658
n_n3500.out[0] (.names)                                          0.235     1.893
[1006].in[2] (.names)                                            0.431     2.323
[1006].out[0] (.names)                                           0.235     2.558
n_n3579.in[0] (.names)                                           0.455     3.013
n_n3579.out[0] (.names)                                          0.235     3.248
n_n3955.D[0] (.latch)                                            0.000     3.248
data arrival time                                                          3.248

clock pclk (rise edge)                                           0.000     0.000
clock source latency                                             0.000     0.000
pclk.inpad[0] (.input)                                           0.000     0.000
n_n3955.clk[0] (.latch)                                          0.042     0.042
clock uncertainty                                                0.000     0.042
cell setup time                                                 -0.066    -0.024
data required time                                                        -0.024
--------------------------------------------------------------------------------
data required time                                                        -0.024
data arrival time                                                         -3.248
--------------------------------------------------------------------------------
slack (VIOLATED)                                                          -3.272


#Path 59
Startpoint: n_n3533.Q[0] (.latch clocked by pclk)
Endpoint  : n_n3954.D[0] (.latch clocked by pclk)
Path Type : setup

Point                                                             Incr      Path
--------------------------------------------------------------------------------
clock pclk (rise edge)                                           0.000     0.000
clock source latency                                             0.000     0.000
pclk.inpad[0] (.input)                                           0.000     0.000
n_n3533.clk[0] (.latch)                                          0.042     0.042
n_n3533.Q[0] (.latch) [clock-to-output]                          0.124     0.166
[6266].in[3] (.names)                                            0.495     0.661
[6266].out[0] (.names)                                           0.235     0.896
n_n4367.in[3] (.names)                                           0.100     0.996
n_n4367.out[0] (.names)                                          0.235     1.231
n_n3500.in[2] (.names)                                           0.427     1.658
n_n3500.out[0] (.names)                                          0.235     1.893
[1006].in[2] (.names)                                            0.431     2.323
[1006].out[0] (.names)                                           0.235     2.558
n_n121.in[0] (.names)                                            0.455     3.013
n_n121.out[0] (.names)                                           0.235     3.248
n_n3954.D[0] (.latch)                                            0.000     3.248
data arrival time                                                          3.248

clock pclk (rise edge)                                           0.000     0.000
clock source latency                                             0.000     0.000
pclk.inpad[0] (.input)                                           0.000     0.000
n_n3954.clk[0] (.latch)                                          0.042     0.042
clock uncertainty                                                0.000     0.042
cell setup time                                                 -0.066    -0.024
data required time                                                        -0.024
--------------------------------------------------------------------------------
data required time                                                        -0.024
data arrival time                                                         -3.248
--------------------------------------------------------------------------------
slack (VIOLATED)                                                          -3.272


#Path 60
Startpoint: n_n3533.Q[0] (.latch clocked by pclk)
Endpoint  : n_n3934.D[0] (.latch clocked by pclk)
Path Type : setup

Point                                                             Incr      Path
--------------------------------------------------------------------------------
clock pclk (rise edge)                                           0.000     0.000
clock source latency                                             0.000     0.000
pclk.inpad[0] (.input)                                           0.000     0.000
n_n3533.clk[0] (.latch)                                          0.042     0.042
n_n3533.Q[0] (.latch) [clock-to-output]                          0.124     0.166
[6266].in[3] (.names)                                            0.495     0.661
[6266].out[0] (.names)                                           0.235     0.896
n_n4367.in[3] (.names)                                           0.100     0.996
n_n4367.out[0] (.names)                                          0.235     1.231
n_n4126.in[1] (.names)                                           0.307     1.539
n_n4126.out[0] (.names)                                          0.235     1.774
[1362].in[2] (.names)                                            0.597     2.371
[1362].out[0] (.names)                                           0.235     2.606
n_n3552.in[3] (.names)                                           0.335     2.940
n_n3552.out[0] (.names)                                          0.235     3.175
n_n3934.D[0] (.latch)                                            0.000     3.175
data arrival time                                                          3.175

clock pclk (rise edge)                                           0.000     0.000
clock source latency                                             0.000     0.000
pclk.inpad[0] (.input)                                           0.000     0.000
n_n3934.clk[0] (.latch)                                          0.042     0.042
clock uncertainty                                                0.000     0.042
cell setup time                                                 -0.066    -0.024
data required time                                                        -0.024
--------------------------------------------------------------------------------
data required time                                                        -0.024
data arrival time                                                         -3.175
--------------------------------------------------------------------------------
slack (VIOLATED)                                                          -3.199


#Path 61
Startpoint: n_n3533.Q[0] (.latch clocked by pclk)
Endpoint  : n_n4029.D[0] (.latch clocked by pclk)
Path Type : setup

Point                                                             Incr      Path
--------------------------------------------------------------------------------
clock pclk (rise edge)                                           0.000     0.000
clock source latency                                             0.000     0.000
pclk.inpad[0] (.input)                                           0.000     0.000
n_n3533.clk[0] (.latch)                                          0.042     0.042
n_n3533.Q[0] (.latch) [clock-to-output]                          0.124     0.166
[6266].in[3] (.names)                                            0.495     0.661
[6266].out[0] (.names)                                           0.235     0.896
n_n4367.in[3] (.names)                                           0.100     0.996
n_n4367.out[0] (.names)                                          0.235     1.231
n_n3500.in[2] (.names)                                           0.427     1.658
n_n3500.out[0] (.names)                                          0.235     1.893
[1006].in[2] (.names)                                            0.431     2.323
[1006].out[0] (.names)                                           0.235     2.558
n_n4028.in[0] (.names)                                           0.338     2.896
n_n4028.out[0] (.names)                                          0.235     3.131
n_n4029.D[0] (.latch)                                            0.000     3.131
data arrival time                                                          3.131

clock pclk (rise edge)                                           0.000     0.000
clock source latency                                             0.000     0.000
pclk.inpad[0] (.input)                                           0.000     0.000
n_n4029.clk[0] (.latch)                                          0.042     0.042
clock uncertainty                                                0.000     0.042
cell setup time                                                 -0.066    -0.024
data required time                                                        -0.024
--------------------------------------------------------------------------------
data required time                                                        -0.024
data arrival time                                                         -3.131
--------------------------------------------------------------------------------
slack (VIOLATED)                                                          -3.155


#Path 62
Startpoint: n_n4222.Q[0] (.latch clocked by pclk)
Endpoint  : n_n4366.D[0] (.latch clocked by pclk)
Path Type : setup

Point                                                             Incr      Path
--------------------------------------------------------------------------------
clock pclk (rise edge)                                           0.000     0.000
clock source latency                                             0.000     0.000
pclk.inpad[0] (.input)                                           0.000     0.000
n_n4222.clk[0] (.latch)                                          0.042     0.042
n_n4222.Q[0] (.latch) [clock-to-output]                          0.124     0.166
n_n3900.in[0] (.names)                                           0.356     0.522
n_n3900.out[0] (.names)                                          0.235     0.757
n_n3899.in[2] (.names)                                           0.100     0.857
n_n3899.out[0] (.names)                                          0.235     1.092
n_n3870.in[2] (.names)                                           0.334     1.426
n_n3870.out[0] (.names)                                          0.235     1.661
[1034].in[3] (.names)                                            0.479     2.140
[1034].out[0] (.names)                                           0.235     2.375
n_n3382.in[3] (.names)                                           0.480     2.855
n_n3382.out[0] (.names)                                          0.235     3.090
n_n4366.D[0] (.latch)                                            0.000     3.090
data arrival time                                                          3.090

clock pclk (rise edge)                                           0.000     0.000
clock source latency                                             0.000     0.000
pclk.inpad[0] (.input)                                           0.000     0.000
n_n4366.clk[0] (.latch)                                          0.042     0.042
clock uncertainty                                                0.000     0.042
cell setup time                                                 -0.066    -0.024
data required time                                                        -0.024
--------------------------------------------------------------------------------
data required time                                                        -0.024
data arrival time                                                         -3.090
--------------------------------------------------------------------------------
slack (VIOLATED)                                                          -3.113


#Path 63
Startpoint: n_n3533.Q[0] (.latch clocked by pclk)
Endpoint  : n_n4392.D[0] (.latch clocked by pclk)
Path Type : setup

Point                                                             Incr      Path
--------------------------------------------------------------------------------
clock pclk (rise edge)                                           0.000     0.000
clock source latency                                             0.000     0.000
pclk.inpad[0] (.input)                                           0.000     0.000
n_n3533.clk[0] (.latch)                                          0.042     0.042
n_n3533.Q[0] (.latch) [clock-to-output]                          0.124     0.166
[6266].in[3] (.names)                                            0.495     0.661
[6266].out[0] (.names)                                           0.235     0.896
n_n4367.in[3] (.names)                                           0.100     0.996
n_n4367.out[0] (.names)                                          0.235     1.231
n_n3974.in[1] (.names)                                           0.478     1.709
n_n3974.out[0] (.names)                                          0.235     1.944
[1128].in[1] (.names)                                            0.336     2.280
[1128].out[0] (.names)                                           0.235     2.515
n_n3309.in[2] (.names)                                           0.334     2.848
n_n3309.out[0] (.names)                                          0.235     3.083
n_n4392.D[0] (.latch)                                            0.000     3.083
data arrival time                                                          3.083

clock pclk (rise edge)                                           0.000     0.000
clock source latency                                             0.000     0.000
pclk.inpad[0] (.input)                                           0.000     0.000
n_n4392.clk[0] (.latch)                                          0.042     0.042
clock uncertainty                                                0.000     0.042
cell setup time                                                 -0.066    -0.024
data required time                                                        -0.024
--------------------------------------------------------------------------------
data required time                                                        -0.024
data arrival time                                                         -3.083
--------------------------------------------------------------------------------
slack (VIOLATED)                                                          -3.107


#Path 64
Startpoint: n_n3533.Q[0] (.latch clocked by pclk)
Endpoint  : n_n4222.D[0] (.latch clocked by pclk)
Path Type : setup

Point                                                             Incr      Path
--------------------------------------------------------------------------------
clock pclk (rise edge)                                           0.000     0.000
clock source latency                                             0.000     0.000
pclk.inpad[0] (.input)                                           0.000     0.000
n_n3533.clk[0] (.latch)                                          0.042     0.042
n_n3533.Q[0] (.latch) [clock-to-output]                          0.124     0.166
[6266].in[3] (.names)                                            0.495     0.661
[6266].out[0] (.names)                                           0.235     0.896
n_n4367.in[3] (.names)                                           0.100     0.996
n_n4367.out[0] (.names)                                          0.235     1.231
n_n3974.in[1] (.names)                                           0.478     1.709
n_n3974.out[0] (.names)                                          0.235     1.944
[1128].in[1] (.names)                                            0.336     2.280
[1128].out[0] (.names)                                           0.235     2.515
n_n3168.in[2] (.names)                                           0.334     2.848
n_n3168.out[0] (.names)                                          0.235     3.083
n_n4222.D[0] (.latch)                                            0.000     3.083
data arrival time                                                          3.083

clock pclk (rise edge)                                           0.000     0.000
clock source latency                                             0.000     0.000
pclk.inpad[0] (.input)                                           0.000     0.000
n_n4222.clk[0] (.latch)                                          0.042     0.042
clock uncertainty                                                0.000     0.042
cell setup time                                                 -0.066    -0.024
data required time                                                        -0.024
--------------------------------------------------------------------------------
data required time                                                        -0.024
data arrival time                                                         -3.083
--------------------------------------------------------------------------------
slack (VIOLATED)                                                          -3.107


#Path 65
Startpoint: n_n3533.Q[0] (.latch clocked by pclk)
Endpoint  : n_n4052.D[0] (.latch clocked by pclk)
Path Type : setup

Point                                                             Incr      Path
--------------------------------------------------------------------------------
clock pclk (rise edge)                                           0.000     0.000
clock source latency                                             0.000     0.000
pclk.inpad[0] (.input)                                           0.000     0.000
n_n3533.clk[0] (.latch)                                          0.042     0.042
n_n3533.Q[0] (.latch) [clock-to-output]                          0.124     0.166
[6266].in[3] (.names)                                            0.495     0.661
[6266].out[0] (.names)                                           0.235     0.896
n_n4367.in[3] (.names)                                           0.100     0.996
n_n4367.out[0] (.names)                                          0.235     1.231
n_n4126.in[1] (.names)                                           0.307     1.539
n_n4126.out[0] (.names)                                          0.235     1.774
[1630].in[2] (.names)                                            0.452     2.225
[1630].out[0] (.names)                                           0.235     2.460
n_n3540.in[1] (.names)                                           0.338     2.798
n_n3540.out[0] (.names)                                          0.235     3.033
n_n4052.D[0] (.latch)                                            0.000     3.033
data arrival time                                                          3.033

clock pclk (rise edge)                                           0.000     0.000
clock source latency                                             0.000     0.000
pclk.inpad[0] (.input)                                           0.000     0.000
n_n4052.clk[0] (.latch)                                          0.042     0.042
clock uncertainty                                                0.000     0.042
cell setup time                                                 -0.066    -0.024
data required time                                                        -0.024
--------------------------------------------------------------------------------
data required time                                                        -0.024
data arrival time                                                         -3.033
--------------------------------------------------------------------------------
slack (VIOLATED)                                                          -3.057


#Path 66
Startpoint: n_n4383.Q[0] (.latch clocked by pclk)
Endpoint  : n_n3408.D[0] (.latch clocked by pclk)
Path Type : setup

Point                                                             Incr      Path
--------------------------------------------------------------------------------
clock pclk (rise edge)                                           0.000     0.000
clock source latency                                             0.000     0.000
pclk.inpad[0] (.input)                                           0.000     0.000
n_n4383.clk[0] (.latch)                                          0.042     0.042
n_n4383.Q[0] (.latch) [clock-to-output]                          0.124     0.166
n_n4315.in[1] (.names)                                           0.496     0.662
n_n4315.out[0] (.names)                                          0.235     0.897
n_n3923.in[1] (.names)                                           0.477     1.374
n_n3923.out[0] (.names)                                          0.235     1.609
n_n4267.in[2] (.names)                                           0.100     1.709
n_n4267.out[0] (.names)                                          0.235     1.944
[1076].in[3] (.names)                                            0.100     2.044
[1076].out[0] (.names)                                           0.235     2.279
n_n3406.in[2] (.names)                                           0.478     2.757
n_n3406.out[0] (.names)                                          0.235     2.992
n_n3408.D[0] (.latch)                                            0.000     2.992
data arrival time                                                          2.992

clock pclk (rise edge)                                           0.000     0.000
clock source latency                                             0.000     0.000
pclk.inpad[0] (.input)                                           0.000     0.000
n_n3408.clk[0] (.latch)                                          0.042     0.042
clock uncertainty                                                0.000     0.042
cell setup time                                                 -0.066    -0.024
data required time                                                        -0.024
--------------------------------------------------------------------------------
data required time                                                        -0.024
data arrival time                                                         -2.992
--------------------------------------------------------------------------------
slack (VIOLATED)                                                          -3.015


#Path 67
Startpoint: n_n3533.Q[0] (.latch clocked by pclk)
Endpoint  : n_n3865.D[0] (.latch clocked by pclk)
Path Type : setup

Point                                                             Incr      Path
--------------------------------------------------------------------------------
clock pclk (rise edge)                                           0.000     0.000
clock source latency                                             0.000     0.000
pclk.inpad[0] (.input)                                           0.000     0.000
n_n3533.clk[0] (.latch)                                          0.042     0.042
n_n3533.Q[0] (.latch) [clock-to-output]                          0.124     0.166
[6266].in[3] (.names)                                            0.495     0.661
[6266].out[0] (.names)                                           0.235     0.896
n_n4367.in[3] (.names)                                           0.100     0.996
n_n4367.out[0] (.names)                                          0.235     1.231
n_n4126.in[1] (.names)                                           0.307     1.539
n_n4126.out[0] (.names)                                          0.235     1.774
[1182].in[2] (.names)                                            0.452     2.225
[1182].out[0] (.names)                                           0.235     2.460
n_n3104.in[1] (.names)                                           0.286     2.747
n_n3104.out[0] (.names)                                          0.235     2.982
n_n3865.D[0] (.latch)                                            0.000     2.982
data arrival time                                                          2.982

clock pclk (rise edge)                                           0.000     0.000
clock source latency                                             0.000     0.000
pclk.inpad[0] (.input)                                           0.000     0.000
n_n3865.clk[0] (.latch)                                          0.042     0.042
clock uncertainty                                                0.000     0.042
cell setup time                                                 -0.066    -0.024
data required time                                                        -0.024
--------------------------------------------------------------------------------
data required time                                                        -0.024
data arrival time                                                         -2.982
--------------------------------------------------------------------------------
slack (VIOLATED)                                                          -3.005


#Path 68
Startpoint: n_n4222.Q[0] (.latch clocked by pclk)
Endpoint  : n_n3475.D[0] (.latch clocked by pclk)
Path Type : setup

Point                                                             Incr      Path
--------------------------------------------------------------------------------
clock pclk (rise edge)                                           0.000     0.000
clock source latency                                             0.000     0.000
pclk.inpad[0] (.input)                                           0.000     0.000
n_n4222.clk[0] (.latch)                                          0.042     0.042
n_n4222.Q[0] (.latch) [clock-to-output]                          0.124     0.166
n_n3900.in[0] (.names)                                           0.356     0.522
n_n3900.out[0] (.names)                                          0.235     0.757
n_n3899.in[2] (.names)                                           0.100     0.857
n_n3899.out[0] (.names)                                          0.235     1.092
n_n3870.in[2] (.names)                                           0.334     1.426
n_n3870.out[0] (.names)                                          0.235     1.661
n_n3869.in[2] (.names)                                           0.335     1.995
n_n3869.out[0] (.names)                                          0.235     2.230
[1019].in[3] (.names)                                            0.100     2.330
[1019].out[0] (.names)                                           0.235     2.565
n_n3166.in[3] (.names)                                           0.100     2.665
n_n3166.out[0] (.names)                                          0.235     2.900
n_n3475.D[0] (.latch)                                            0.000     2.900
data arrival time                                                          2.900

clock pclk (rise edge)                                           0.000     0.000
clock source latency                                             0.000     0.000
pclk.inpad[0] (.input)                                           0.000     0.000
n_n3475.clk[0] (.latch)                                          0.042     0.042
clock uncertainty                                                0.000     0.042
cell setup time                                                 -0.066    -0.024
data required time                                                        -0.024
--------------------------------------------------------------------------------
data required time                                                        -0.024
data arrival time                                                         -2.900
--------------------------------------------------------------------------------
slack (VIOLATED)                                                          -2.924


#Path 69
Startpoint: n_n3533.Q[0] (.latch clocked by pclk)
Endpoint  : n_n4381.D[0] (.latch clocked by pclk)
Path Type : setup

Point                                                             Incr      Path
--------------------------------------------------------------------------------
clock pclk (rise edge)                                           0.000     0.000
clock source latency                                             0.000     0.000
pclk.inpad[0] (.input)                                           0.000     0.000
n_n3533.clk[0] (.latch)                                          0.042     0.042
n_n3533.Q[0] (.latch) [clock-to-output]                          0.124     0.166
[6266].in[3] (.names)                                            0.495     0.661
[6266].out[0] (.names)                                           0.235     0.896
n_n4367.in[3] (.names)                                           0.100     0.996
n_n4367.out[0] (.names)                                          0.235     1.231
n_n3500.in[2] (.names)                                           0.427     1.658
n_n3500.out[0] (.names)                                          0.235     1.893
[1006].in[2] (.names)                                            0.431     2.323
[1006].out[0] (.names)                                           0.235     2.558
n_n3296.in[0] (.names)                                           0.100     2.658
n_n3296.out[0] (.names)                                          0.235     2.893
n_n4381.D[0] (.latch)                                            0.000     2.893
data arrival time                                                          2.893

clock pclk (rise edge)                                           0.000     0.000
clock source latency                                             0.000     0.000
pclk.inpad[0] (.input)                                           0.000     0.000
n_n4381.clk[0] (.latch)                                          0.042     0.042
clock uncertainty                                                0.000     0.042
cell setup time                                                 -0.066    -0.024
data required time                                                        -0.024
--------------------------------------------------------------------------------
data required time                                                        -0.024
data arrival time                                                         -2.893
--------------------------------------------------------------------------------
slack (VIOLATED)                                                          -2.917


#Path 70
Startpoint: n_n3533.Q[0] (.latch clocked by pclk)
Endpoint  : n_n3099.D[0] (.latch clocked by pclk)
Path Type : setup

Point                                                             Incr      Path
--------------------------------------------------------------------------------
clock pclk (rise edge)                                           0.000     0.000
clock source latency                                             0.000     0.000
pclk.inpad[0] (.input)                                           0.000     0.000
n_n3533.clk[0] (.latch)                                          0.042     0.042
n_n3533.Q[0] (.latch) [clock-to-output]                          0.124     0.166
[6266].in[3] (.names)                                            0.495     0.661
[6266].out[0] (.names)                                           0.235     0.896
n_n4367.in[3] (.names)                                           0.100     0.996
n_n4367.out[0] (.names)                                          0.235     1.231
n_n3974.in[1] (.names)                                           0.478     1.709
n_n3974.out[0] (.names)                                          0.235     1.944
[1128].in[1] (.names)                                            0.336     2.280
[1128].out[0] (.names)                                           0.235     2.515
n_n3059.in[2] (.names)                                           0.100     2.615
n_n3059.out[0] (.names)                                          0.235     2.850
n_n3099.D[0] (.latch)                                            0.000     2.850
data arrival time                                                          2.850

clock pclk (rise edge)                                           0.000     0.000
clock source latency                                             0.000     0.000
pclk.inpad[0] (.input)                                           0.000     0.000
n_n3099.clk[0] (.latch)                                          0.042     0.042
clock uncertainty                                                0.000     0.042
cell setup time                                                 -0.066    -0.024
data required time                                                        -0.024
--------------------------------------------------------------------------------
data required time                                                        -0.024
data arrival time                                                         -2.850
--------------------------------------------------------------------------------
slack (VIOLATED)                                                          -2.873


#Path 71
Startpoint: nsr1_2.Q[0] (.latch clocked by pclk)
Endpoint  : n_n3208.D[0] (.latch clocked by pclk)
Path Type : setup

Point                                                             Incr      Path
--------------------------------------------------------------------------------
clock pclk (rise edge)                                           0.000     0.000
clock source latency                                             0.000     0.000
pclk.inpad[0] (.input)                                           0.000     0.000
nsr1_2.clk[0] (.latch)                                           0.042     0.042
nsr1_2.Q[0] (.latch) [clock-to-output]                           0.124     0.166
nrq3_2.in[2] (.names)                                            0.446     0.613
nrq3_2.out[0] (.names)                                           0.235     0.848
[1155].in[3] (.names)                                            0.337     1.185
[1155].out[0] (.names)                                           0.235     1.420
[1329].in[2] (.names)                                            0.478     1.897
[1329].out[0] (.names)                                           0.235     2.132
n_n3045.in[2] (.names)                                           0.477     2.609
n_n3045.out[0] (.names)                                          0.235     2.844
n_n3208.D[0] (.latch)                                            0.000     2.844
data arrival time                                                          2.844

clock pclk (rise edge)                                           0.000     0.000
clock source latency                                             0.000     0.000
pclk.inpad[0] (.input)                                           0.000     0.000
n_n3208.clk[0] (.latch)                                          0.042     0.042
clock uncertainty                                                0.000     0.042
cell setup time                                                 -0.066    -0.024
data required time                                                        -0.024
--------------------------------------------------------------------------------
data required time                                                        -0.024
data arrival time                                                         -2.844
--------------------------------------------------------------------------------
slack (VIOLATED)                                                          -2.868


#Path 72
Startpoint: nsr1_2.Q[0] (.latch clocked by pclk)
Endpoint  : n_n4294.D[0] (.latch clocked by pclk)
Path Type : setup

Point                                                             Incr      Path
--------------------------------------------------------------------------------
clock pclk (rise edge)                                           0.000     0.000
clock source latency                                             0.000     0.000
pclk.inpad[0] (.input)                                           0.000     0.000
nsr1_2.clk[0] (.latch)                                           0.042     0.042
nsr1_2.Q[0] (.latch) [clock-to-output]                           0.124     0.166
nrq3_2.in[2] (.names)                                            0.446     0.613
nrq3_2.out[0] (.names)                                           0.235     0.848
[1155].in[3] (.names)                                            0.337     1.185
[1155].out[0] (.names)                                           0.235     1.420
[1728].in[2] (.names)                                            0.478     1.897
[1728].out[0] (.names)                                           0.235     2.132
n_n4293.in[2] (.names)                                           0.455     2.587
n_n4293.out[0] (.names)                                          0.235     2.822
n_n4294.D[0] (.latch)                                            0.000     2.822
data arrival time                                                          2.822

clock pclk (rise edge)                                           0.000     0.000
clock source latency                                             0.000     0.000
pclk.inpad[0] (.input)                                           0.000     0.000
n_n4294.clk[0] (.latch)                                          0.042     0.042
clock uncertainty                                                0.000     0.042
cell setup time                                                 -0.066    -0.024
data required time                                                        -0.024
--------------------------------------------------------------------------------
data required time                                                        -0.024
data arrival time                                                         -2.822
--------------------------------------------------------------------------------
slack (VIOLATED)                                                          -2.846


#Path 73
Startpoint: n_n3557.Q[0] (.latch clocked by pclk)
Endpoint  : n_n4045.D[0] (.latch clocked by pclk)
Path Type : setup

Point                                                             Incr      Path
--------------------------------------------------------------------------------
clock pclk (rise edge)                                           0.000     0.000
clock source latency                                             0.000     0.000
pclk.inpad[0] (.input)                                           0.000     0.000
n_n3557.clk[0] (.latch)                                          0.042     0.042
n_n3557.Q[0] (.latch) [clock-to-output]                          0.124     0.166
n_n4305.in[1] (.names)                                           0.355     0.521
n_n4305.out[0] (.names)                                          0.235     0.756
[6346].in[0] (.names)                                            0.472     1.228
[6346].out[0] (.names)                                           0.235     1.463
[6349].in[3] (.names)                                            0.451     1.914
[6349].out[0] (.names)                                           0.235     2.149
[1477].in[2] (.names)                                            0.100     2.249
[1477].out[0] (.names)                                           0.235     2.484
n_n130.in[1] (.names)                                            0.100     2.584
n_n130.out[0] (.names)                                           0.235     2.819
n_n4045.D[0] (.latch)                                            0.000     2.819
data arrival time                                                          2.819

clock pclk (rise edge)                                           0.000     0.000
clock source latency                                             0.000     0.000
pclk.inpad[0] (.input)                                           0.000     0.000
n_n4045.clk[0] (.latch)                                          0.042     0.042
clock uncertainty                                                0.000     0.042
cell setup time                                                 -0.066    -0.024
data required time                                                        -0.024
--------------------------------------------------------------------------------
data required time                                                        -0.024
data arrival time                                                         -2.819
--------------------------------------------------------------------------------
slack (VIOLATED)                                                          -2.843


#Path 74
Startpoint: n_n3557.Q[0] (.latch clocked by pclk)
Endpoint  : n_n4057.D[0] (.latch clocked by pclk)
Path Type : setup

Point                                                             Incr      Path
--------------------------------------------------------------------------------
clock pclk (rise edge)                                           0.000     0.000
clock source latency                                             0.000     0.000
pclk.inpad[0] (.input)                                           0.000     0.000
n_n3557.clk[0] (.latch)                                          0.042     0.042
n_n3557.Q[0] (.latch) [clock-to-output]                          0.124     0.166
n_n4305.in[1] (.names)                                           0.355     0.521
n_n4305.out[0] (.names)                                          0.235     0.756
[6346].in[0] (.names)                                            0.472     1.228
[6346].out[0] (.names)                                           0.235     1.463
[6349].in[3] (.names)                                            0.451     1.914
[6349].out[0] (.names)                                           0.235     2.149
[1565].in[3] (.names)                                            0.100     2.249
[1565].out[0] (.names)                                           0.235     2.484
n_n131.in[0] (.names)                                            0.100     2.584
n_n131.out[0] (.names)                                           0.235     2.819
n_n4057.D[0] (.latch)                                            0.000     2.819
data arrival time                                                          2.819

clock pclk (rise edge)                                           0.000     0.000
clock source latency                                             0.000     0.000
pclk.inpad[0] (.input)                                           0.000     0.000
n_n4057.clk[0] (.latch)                                          0.042     0.042
clock uncertainty                                                0.000     0.042
cell setup time                                                 -0.066    -0.024
data required time                                                        -0.024
--------------------------------------------------------------------------------
data required time                                                        -0.024
data arrival time                                                         -2.819
--------------------------------------------------------------------------------
slack (VIOLATED)                                                          -2.843


#Path 75
Startpoint: n_n3557.Q[0] (.latch clocked by pclk)
Endpoint  : n_n4056.D[0] (.latch clocked by pclk)
Path Type : setup

Point                                                             Incr      Path
--------------------------------------------------------------------------------
clock pclk (rise edge)                                           0.000     0.000
clock source latency                                             0.000     0.000
pclk.inpad[0] (.input)                                           0.000     0.000
n_n3557.clk[0] (.latch)                                          0.042     0.042
n_n3557.Q[0] (.latch) [clock-to-output]                          0.124     0.166
n_n4305.in[1] (.names)                                           0.355     0.521
n_n4305.out[0] (.names)                                          0.235     0.756
[6346].in[0] (.names)                                            0.472     1.228
[6346].out[0] (.names)                                           0.235     1.463
[6349].in[3] (.names)                                            0.451     1.914
[6349].out[0] (.names)                                           0.235     2.149
[1068].in[3] (.names)                                            0.100     2.249
[1068].out[0] (.names)                                           0.235     2.484
n_n3473.in[2] (.names)                                           0.100     2.584
n_n3473.out[0] (.names)                                          0.235     2.819
n_n4056.D[0] (.latch)                                            0.000     2.819
data arrival time                                                          2.819

clock pclk (rise edge)                                           0.000     0.000
clock source latency                                             0.000     0.000
pclk.inpad[0] (.input)                                           0.000     0.000
n_n4056.clk[0] (.latch)                                          0.042     0.042
clock uncertainty                                                0.000     0.042
cell setup time                                                 -0.066    -0.024
data required time                                                        -0.024
--------------------------------------------------------------------------------
data required time                                                        -0.024
data arrival time                                                         -2.819
--------------------------------------------------------------------------------
slack (VIOLATED)                                                          -2.843


#Path 76
Startpoint: n_n4383.Q[0] (.latch clocked by pclk)
Endpoint  : n_n3793.D[0] (.latch clocked by pclk)
Path Type : setup

Point                                                             Incr      Path
--------------------------------------------------------------------------------
clock pclk (rise edge)                                           0.000     0.000
clock source latency                                             0.000     0.000
pclk.inpad[0] (.input)                                           0.000     0.000
n_n4383.clk[0] (.latch)                                          0.042     0.042
n_n4383.Q[0] (.latch) [clock-to-output]                          0.124     0.166
n_n4315.in[1] (.names)                                           0.496     0.662
n_n4315.out[0] (.names)                                          0.235     0.897
n_n3923.in[1] (.names)                                           0.477     1.374
n_n3923.out[0] (.names)                                          0.235     1.609
[1096].in[3] (.names)                                            0.100     1.709
[1096].out[0] (.names)                                           0.235     1.944
n_n3791.in[2] (.names)                                           0.620     2.564
n_n3791.out[0] (.names)                                          0.235     2.799
n_n3793.D[0] (.latch)                                            0.000     2.799
data arrival time                                                          2.799

clock pclk (rise edge)                                           0.000     0.000
clock source latency                                             0.000     0.000
pclk.inpad[0] (.input)                                           0.000     0.000
n_n3793.clk[0] (.latch)                                          0.042     0.042
clock uncertainty                                                0.000     0.042
cell setup time                                                 -0.066    -0.024
data required time                                                        -0.024
--------------------------------------------------------------------------------
data required time                                                        -0.024
data arrival time                                                         -2.799
--------------------------------------------------------------------------------
slack (VIOLATED)                                                          -2.823


#Path 77
Startpoint: nsr1_2.Q[0] (.latch clocked by pclk)
Endpoint  : n_n3858.D[0] (.latch clocked by pclk)
Path Type : setup

Point                                                             Incr      Path
--------------------------------------------------------------------------------
clock pclk (rise edge)                                           0.000     0.000
clock source latency                                             0.000     0.000
pclk.inpad[0] (.input)                                           0.000     0.000
nsr1_2.clk[0] (.latch)                                           0.042     0.042
nsr1_2.Q[0] (.latch) [clock-to-output]                           0.124     0.166
nrq3_2.in[2] (.names)                                            0.446     0.613
nrq3_2.out[0] (.names)                                           0.235     0.848
[1155].in[3] (.names)                                            0.337     1.185
[1155].out[0] (.names)                                           0.235     1.420
[2023].in[2] (.names)                                            0.478     1.897
[2023].out[0] (.names)                                           0.235     2.132
n_n3181.in[2] (.names)                                           0.328     2.460
n_n3181.out[0] (.names)                                          0.235     2.695
n_n3858.D[0] (.latch)                                            0.000     2.695
data arrival time                                                          2.695

clock pclk (rise edge)                                           0.000     0.000
clock source latency                                             0.000     0.000
pclk.inpad[0] (.input)                                           0.000     0.000
n_n3858.clk[0] (.latch)                                          0.042     0.042
clock uncertainty                                                0.000     0.042
cell setup time                                                 -0.066    -0.024
data required time                                                        -0.024
--------------------------------------------------------------------------------
data required time                                                        -0.024
data arrival time                                                         -2.695
--------------------------------------------------------------------------------
slack (VIOLATED)                                                          -2.719


#Path 78
Startpoint: n_n4222.Q[0] (.latch clocked by pclk)
Endpoint  : n_n4047.D[0] (.latch clocked by pclk)
Path Type : setup

Point                                                             Incr      Path
--------------------------------------------------------------------------------
clock pclk (rise edge)                                           0.000     0.000
clock source latency                                             0.000     0.000
pclk.inpad[0] (.input)                                           0.000     0.000
n_n4222.clk[0] (.latch)                                          0.042     0.042
n_n4222.Q[0] (.latch) [clock-to-output]                          0.124     0.166
n_n3900.in[0] (.names)                                           0.356     0.522
n_n3900.out[0] (.names)                                          0.235     0.757
n_n3899.in[2] (.names)                                           0.100     0.857
n_n3899.out[0] (.names)                                          0.235     1.092
[1038].in[3] (.names)                                            0.334     1.426
[1038].out[0] (.names)                                           0.235     1.661
[1659].in[2] (.names)                                            0.100     1.761
[1659].out[0] (.names)                                           0.235     1.996
n_n4046.in[3] (.names)                                           0.456     2.452
n_n4046.out[0] (.names)                                          0.235     2.687
n_n4047.D[0] (.latch)                                            0.000     2.687
data arrival time                                                          2.687

clock pclk (rise edge)                                           0.000     0.000
clock source latency                                             0.000     0.000
pclk.inpad[0] (.input)                                           0.000     0.000
n_n4047.clk[0] (.latch)                                          0.042     0.042
clock uncertainty                                                0.000     0.042
cell setup time                                                 -0.066    -0.024
data required time                                                        -0.024
--------------------------------------------------------------------------------
data required time                                                        -0.024
data arrival time                                                         -2.687
--------------------------------------------------------------------------------
slack (VIOLATED)                                                          -2.710


#Path 79
Startpoint: nsr1_2.Q[0] (.latch clocked by pclk)
Endpoint  : n_n3919.D[0] (.latch clocked by pclk)
Path Type : setup

Point                                                             Incr      Path
--------------------------------------------------------------------------------
clock pclk (rise edge)                                           0.000     0.000
clock source latency                                             0.000     0.000
pclk.inpad[0] (.input)                                           0.000     0.000
nsr1_2.clk[0] (.latch)                                           0.042     0.042
nsr1_2.Q[0] (.latch) [clock-to-output]                           0.124     0.166
nrq3_2.in[2] (.names)                                            0.446     0.613
nrq3_2.out[0] (.names)                                           0.235     0.848
[1155].in[3] (.names)                                            0.337     1.185
[1155].out[0] (.names)                                           0.235     1.420
[1776].in[2] (.names)                                            0.311     1.730
[1776].out[0] (.names)                                           0.235     1.965
n_n3508.in[2] (.names)                                           0.476     2.441
n_n3508.out[0] (.names)                                          0.235     2.676
n_n3919.D[0] (.latch)                                            0.000     2.676
data arrival time                                                          2.676

clock pclk (rise edge)                                           0.000     0.000
clock source latency                                             0.000     0.000
pclk.inpad[0] (.input)                                           0.000     0.000
n_n3919.clk[0] (.latch)                                          0.042     0.042
clock uncertainty                                                0.000     0.042
cell setup time                                                 -0.066    -0.024
data required time                                                        -0.024
--------------------------------------------------------------------------------
data required time                                                        -0.024
data arrival time                                                         -2.676
--------------------------------------------------------------------------------
slack (VIOLATED)                                                          -2.699


#Path 80
Startpoint: n_n3557.Q[0] (.latch clocked by pclk)
Endpoint  : n_n3557.D[0] (.latch clocked by pclk)
Path Type : setup

Point                                                             Incr      Path
--------------------------------------------------------------------------------
clock pclk (rise edge)                                           0.000     0.000
clock source latency                                             0.000     0.000
pclk.inpad[0] (.input)                                           0.000     0.000
n_n3557.clk[0] (.latch)                                          0.042     0.042
n_n3557.Q[0] (.latch) [clock-to-output]                          0.124     0.166
n_n4305.in[1] (.names)                                           0.355     0.521
n_n4305.out[0] (.names)                                          0.235     0.756
[6346].in[0] (.names)                                            0.472     1.228
[6346].out[0] (.names)                                           0.235     1.463
[6349].in[3] (.names)                                            0.451     1.914
[6349].out[0] (.names)                                           0.235     2.149
n_n3355.in[3] (.names)                                           0.287     2.437
n_n3355.out[0] (.names)                                          0.235     2.672
n_n3557.D[0] (.latch)                                            0.000     2.672
data arrival time                                                          2.672

clock pclk (rise edge)                                           0.000     0.000
clock source latency                                             0.000     0.000
pclk.inpad[0] (.input)                                           0.000     0.000
n_n3557.clk[0] (.latch)                                          0.042     0.042
clock uncertainty                                                0.000     0.042
cell setup time                                                 -0.066    -0.024
data required time                                                        -0.024
--------------------------------------------------------------------------------
data required time                                                        -0.024
data arrival time                                                         -2.672
--------------------------------------------------------------------------------
slack (VIOLATED)                                                          -2.695


#Path 81
Startpoint: n_n3533.Q[0] (.latch clocked by pclk)
Endpoint  : n_n3608.D[0] (.latch clocked by pclk)
Path Type : setup

Point                                                             Incr      Path
--------------------------------------------------------------------------------
clock pclk (rise edge)                                           0.000     0.000
clock source latency                                             0.000     0.000
pclk.inpad[0] (.input)                                           0.000     0.000
n_n3533.clk[0] (.latch)                                          0.042     0.042
n_n3533.Q[0] (.latch) [clock-to-output]                          0.124     0.166
[6266].in[3] (.names)                                            0.495     0.661
[6266].out[0] (.names)                                           0.235     0.896
n_n4367.in[3] (.names)                                           0.100     0.996
n_n4367.out[0] (.names)                                          0.235     1.231
n_n3974.in[1] (.names)                                           0.478     1.709
n_n3974.out[0] (.names)                                          0.235     1.944
n_n3607.in[2] (.names)                                           0.476     2.420
n_n3607.out[0] (.names)                                          0.235     2.655
n_n3608.D[0] (.latch)                                            0.000     2.655
data arrival time                                                          2.655

clock pclk (rise edge)                                           0.000     0.000
clock source latency                                             0.000     0.000
pclk.inpad[0] (.input)                                           0.000     0.000
n_n3608.clk[0] (.latch)                                          0.042     0.042
clock uncertainty                                                0.000     0.042
cell setup time                                                 -0.066    -0.024
data required time                                                        -0.024
--------------------------------------------------------------------------------
data required time                                                        -0.024
data arrival time                                                         -2.655
--------------------------------------------------------------------------------
slack (VIOLATED)                                                          -2.678


#Path 82
Startpoint: n_n3533.Q[0] (.latch clocked by pclk)
Endpoint  : n_n3688.D[0] (.latch clocked by pclk)
Path Type : setup

Point                                                             Incr      Path
--------------------------------------------------------------------------------
clock pclk (rise edge)                                           0.000     0.000
clock source latency                                             0.000     0.000
pclk.inpad[0] (.input)                                           0.000     0.000
n_n3533.clk[0] (.latch)                                          0.042     0.042
n_n3533.Q[0] (.latch) [clock-to-output]                          0.124     0.166
[6266].in[3] (.names)                                            0.495     0.661
[6266].out[0] (.names)                                           0.235     0.896
n_n4367.in[3] (.names)                                           0.100     0.996
n_n4367.out[0] (.names)                                          0.235     1.231
n_n3974.in[1] (.names)                                           0.478     1.709
n_n3974.out[0] (.names)                                          0.235     1.944
n_n3018.in[2] (.names)                                           0.475     2.419
n_n3018.out[0] (.names)                                          0.235     2.654
n_n3688.D[0] (.latch)                                            0.000     2.654
data arrival time                                                          2.654

clock pclk (rise edge)                                           0.000     0.000
clock source latency                                             0.000     0.000
pclk.inpad[0] (.input)                                           0.000     0.000
n_n3688.clk[0] (.latch)                                          0.042     0.042
clock uncertainty                                                0.000     0.042
cell setup time                                                 -0.066    -0.024
data required time                                                        -0.024
--------------------------------------------------------------------------------
data required time                                                        -0.024
data arrival time                                                         -2.654
--------------------------------------------------------------------------------
slack (VIOLATED)                                                          -2.677


#Path 83
Startpoint: n_n3533.Q[0] (.latch clocked by pclk)
Endpoint  : n_n3901.D[0] (.latch clocked by pclk)
Path Type : setup

Point                                                             Incr      Path
--------------------------------------------------------------------------------
clock pclk (rise edge)                                           0.000     0.000
clock source latency                                             0.000     0.000
pclk.inpad[0] (.input)                                           0.000     0.000
n_n3533.clk[0] (.latch)                                          0.042     0.042
n_n3533.Q[0] (.latch) [clock-to-output]                          0.124     0.166
[6266].in[3] (.names)                                            0.495     0.661
[6266].out[0] (.names)                                           0.235     0.896
n_n4367.in[3] (.names)                                           0.100     0.996
n_n4367.out[0] (.names)                                          0.235     1.231
n_n4126.in[1] (.names)                                           0.307     1.539
n_n4126.out[0] (.names)                                          0.235     1.774
n_n3289.in[2] (.names)                                           0.597     2.371
n_n3289.out[0] (.names)                                          0.235     2.606
n_n3901.D[0] (.latch)                                            0.000     2.606
data arrival time                                                          2.606

clock pclk (rise edge)                                           0.000     0.000
clock source latency                                             0.000     0.000
pclk.inpad[0] (.input)                                           0.000     0.000
n_n3901.clk[0] (.latch)                                          0.042     0.042
clock uncertainty                                                0.000     0.042
cell setup time                                                 -0.066    -0.024
data required time                                                        -0.024
--------------------------------------------------------------------------------
data required time                                                        -0.024
data arrival time                                                         -2.606
--------------------------------------------------------------------------------
slack (VIOLATED)                                                          -2.629


#Path 84
Startpoint: n_n3533.Q[0] (.latch clocked by pclk)
Endpoint  : n_n4125.D[0] (.latch clocked by pclk)
Path Type : setup

Point                                                             Incr      Path
--------------------------------------------------------------------------------
clock pclk (rise edge)                                           0.000     0.000
clock source latency                                             0.000     0.000
pclk.inpad[0] (.input)                                           0.000     0.000
n_n3533.clk[0] (.latch)                                          0.042     0.042
n_n3533.Q[0] (.latch) [clock-to-output]                          0.124     0.166
[6266].in[3] (.names)                                            0.495     0.661
[6266].out[0] (.names)                                           0.235     0.896
n_n4367.in[3] (.names)                                           0.100     0.996
n_n4367.out[0] (.names)                                          0.235     1.231
n_n4126.in[1] (.names)                                           0.307     1.539
n_n4126.out[0] (.names)                                          0.235     1.774
n_n4124.in[2] (.names)                                           0.597     2.371
n_n4124.out[0] (.names)                                          0.235     2.606
n_n4125.D[0] (.latch)                                            0.000     2.606
data arrival time                                                          2.606

clock pclk (rise edge)                                           0.000     0.000
clock source latency                                             0.000     0.000
pclk.inpad[0] (.input)                                           0.000     0.000
n_n4125.clk[0] (.latch)                                          0.042     0.042
clock uncertainty                                                0.000     0.042
cell setup time                                                 -0.066    -0.024
data required time                                                        -0.024
--------------------------------------------------------------------------------
data required time                                                        -0.024
data arrival time                                                         -2.606
--------------------------------------------------------------------------------
slack (VIOLATED)                                                          -2.629


#Path 85
Startpoint: n_n3533.Q[0] (.latch clocked by pclk)
Endpoint  : n_n3604.D[0] (.latch clocked by pclk)
Path Type : setup

Point                                                             Incr      Path
--------------------------------------------------------------------------------
clock pclk (rise edge)                                           0.000     0.000
clock source latency                                             0.000     0.000
pclk.inpad[0] (.input)                                           0.000     0.000
n_n3533.clk[0] (.latch)                                          0.042     0.042
n_n3533.Q[0] (.latch) [clock-to-output]                          0.124     0.166
[6266].in[3] (.names)                                            0.495     0.661
[6266].out[0] (.names)                                           0.235     0.896
n_n4335.in[1] (.names)                                           0.100     0.996
n_n4335.out[0] (.names)                                          0.235     1.231
[1016].in[2] (.names)                                            0.405     1.636
[1016].out[0] (.names)                                           0.235     1.871
n_n3399.in[1] (.names)                                           0.475     2.346
n_n3399.out[0] (.names)                                          0.235     2.581
n_n3604.D[0] (.latch)                                            0.000     2.581
data arrival time                                                          2.581

clock pclk (rise edge)                                           0.000     0.000
clock source latency                                             0.000     0.000
pclk.inpad[0] (.input)                                           0.000     0.000
n_n3604.clk[0] (.latch)                                          0.042     0.042
clock uncertainty                                                0.000     0.042
cell setup time                                                 -0.066    -0.024
data required time                                                        -0.024
--------------------------------------------------------------------------------
data required time                                                        -0.024
data arrival time                                                         -2.581
--------------------------------------------------------------------------------
slack (VIOLATED)                                                          -2.604


#Path 86
Startpoint: nsr1_2.Q[0] (.latch clocked by pclk)
Endpoint  : n_n3354.D[0] (.latch clocked by pclk)
Path Type : setup

Point                                                             Incr      Path
--------------------------------------------------------------------------------
clock pclk (rise edge)                                           0.000     0.000
clock source latency                                             0.000     0.000
pclk.inpad[0] (.input)                                           0.000     0.000
nsr1_2.clk[0] (.latch)                                           0.042     0.042
nsr1_2.Q[0] (.latch) [clock-to-output]                           0.124     0.166
nrq1_3.in[2] (.names)                                            0.446     0.613
nrq1_3.out[0] (.names)                                           0.235     0.848
[1833].in[2] (.names)                                            0.599     1.447
[1833].out[0] (.names)                                           0.235     1.682
n_n3353.in[3] (.names)                                           0.616     2.298
n_n3353.out[0] (.names)                                          0.235     2.533
n_n3354.D[0] (.latch)                                            0.000     2.533
data arrival time                                                          2.533

clock pclk (rise edge)                                           0.000     0.000
clock source latency                                             0.000     0.000
pclk.inpad[0] (.input)                                           0.000     0.000
n_n3354.clk[0] (.latch)                                          0.042     0.042
clock uncertainty                                                0.000     0.042
cell setup time                                                 -0.066    -0.024
data required time                                                        -0.024
--------------------------------------------------------------------------------
data required time                                                        -0.024
data arrival time                                                         -2.533
--------------------------------------------------------------------------------
slack (VIOLATED)                                                          -2.556


#Path 87
Startpoint: n_n3533.Q[0] (.latch clocked by pclk)
Endpoint  : n_n3976.D[0] (.latch clocked by pclk)
Path Type : setup

Point                                                             Incr      Path
--------------------------------------------------------------------------------
clock pclk (rise edge)                                           0.000     0.000
clock source latency                                             0.000     0.000
pclk.inpad[0] (.input)                                           0.000     0.000
n_n3533.clk[0] (.latch)                                          0.042     0.042
n_n3533.Q[0] (.latch) [clock-to-output]                          0.124     0.166
[6266].in[3] (.names)                                            0.495     0.661
[6266].out[0] (.names)                                           0.235     0.896
n_n4367.in[3] (.names)                                           0.100     0.996
n_n4367.out[0] (.names)                                          0.235     1.231
n_n3974.in[1] (.names)                                           0.478     1.709
n_n3974.out[0] (.names)                                          0.235     1.944
n_n3519.in[2] (.names)                                           0.336     2.280
n_n3519.out[0] (.names)                                          0.235     2.515
n_n3976.D[0] (.latch)                                            0.000     2.515
data arrival time                                                          2.515

clock pclk (rise edge)                                           0.000     0.000
clock source latency                                             0.000     0.000
pclk.inpad[0] (.input)                                           0.000     0.000
n_n3976.clk[0] (.latch)                                          0.042     0.042
clock uncertainty                                                0.000     0.042
cell setup time                                                 -0.066    -0.024
data required time                                                        -0.024
--------------------------------------------------------------------------------
data required time                                                        -0.024
data arrival time                                                         -2.515
--------------------------------------------------------------------------------
slack (VIOLATED)                                                          -2.538


#Path 88
Startpoint: nsr1_2.Q[0] (.latch clocked by pclk)
Endpoint  : n_n3404.D[0] (.latch clocked by pclk)
Path Type : setup

Point                                                             Incr      Path
--------------------------------------------------------------------------------
clock pclk (rise edge)                                           0.000     0.000
clock source latency                                             0.000     0.000
pclk.inpad[0] (.input)                                           0.000     0.000
nsr1_2.clk[0] (.latch)                                           0.042     0.042
nsr1_2.Q[0] (.latch) [clock-to-output]                           0.124     0.166
nrq1_3.in[2] (.names)                                            0.446     0.613
nrq1_3.out[0] (.names)                                           0.235     0.848
[1529].in[3] (.names)                                            0.716     1.564
[1529].out[0] (.names)                                           0.235     1.799
n_n3402.in[2] (.names)                                           0.480     2.279
n_n3402.out[0] (.names)                                          0.235     2.514
n_n3404.D[0] (.latch)                                            0.000     2.514
data arrival time                                                          2.514

clock pclk (rise edge)                                           0.000     0.000
clock source latency                                             0.000     0.000
pclk.inpad[0] (.input)                                           0.000     0.000
n_n3404.clk[0] (.latch)                                          0.042     0.042
clock uncertainty                                                0.000     0.042
cell setup time                                                 -0.066    -0.024
data required time                                                        -0.024
--------------------------------------------------------------------------------
data required time                                                        -0.024
data arrival time                                                         -2.514
--------------------------------------------------------------------------------
slack (VIOLATED)                                                          -2.538


#Path 89
Startpoint: nsr1_2.Q[0] (.latch clocked by pclk)
Endpoint  : n_n4309.D[0] (.latch clocked by pclk)
Path Type : setup

Point                                                             Incr      Path
--------------------------------------------------------------------------------
clock pclk (rise edge)                                           0.000     0.000
clock source latency                                             0.000     0.000
pclk.inpad[0] (.input)                                           0.000     0.000
nsr1_2.clk[0] (.latch)                                           0.042     0.042
nsr1_2.Q[0] (.latch) [clock-to-output]                           0.124     0.166
nrq1_3.in[2] (.names)                                            0.446     0.613
nrq1_3.out[0] (.names)                                           0.235     0.848
[1355].in[3] (.names)                                            0.716     1.564
[1355].out[0] (.names)                                           0.235     1.799
n_n4307.in[2] (.names)                                           0.476     2.275
n_n4307.out[0] (.names)                                          0.235     2.510
n_n4309.D[0] (.latch)                                            0.000     2.510
data arrival time                                                          2.510

clock pclk (rise edge)                                           0.000     0.000
clock source latency                                             0.000     0.000
pclk.inpad[0] (.input)                                           0.000     0.000
n_n4309.clk[0] (.latch)                                          0.042     0.042
clock uncertainty                                                0.000     0.042
cell setup time                                                 -0.066    -0.024
data required time                                                        -0.024
--------------------------------------------------------------------------------
data required time                                                        -0.024
data arrival time                                                         -2.510
--------------------------------------------------------------------------------
slack (VIOLATED)                                                          -2.533


#Path 90
Startpoint: n_n3533.Q[0] (.latch clocked by pclk)
Endpoint  : n_n3658.D[0] (.latch clocked by pclk)
Path Type : setup

Point                                                             Incr      Path
--------------------------------------------------------------------------------
clock pclk (rise edge)                                           0.000     0.000
clock source latency                                             0.000     0.000
pclk.inpad[0] (.input)                                           0.000     0.000
n_n3533.clk[0] (.latch)                                          0.042     0.042
n_n3533.Q[0] (.latch) [clock-to-output]                          0.124     0.166
[6266].in[3] (.names)                                            0.495     0.661
[6266].out[0] (.names)                                           0.235     0.896
n_n4367.in[3] (.names)                                           0.100     0.996
n_n4367.out[0] (.names)                                          0.235     1.231
[6361].in[2] (.names)                                            0.307     1.539
[6361].out[0] (.names)                                           0.235     1.774
n_n3684.in[3] (.names)                                           0.478     2.251
n_n3684.out[0] (.names)                                          0.235     2.486
n_n3658.D[0] (.latch)                                            0.000     2.486
data arrival time                                                          2.486

clock pclk (rise edge)                                           0.000     0.000
clock source latency                                             0.000     0.000
pclk.inpad[0] (.input)                                           0.000     0.000
n_n3658.clk[0] (.latch)                                          0.042     0.042
clock uncertainty                                                0.000     0.042
cell setup time                                                 -0.066    -0.024
data required time                                                        -0.024
--------------------------------------------------------------------------------
data required time                                                        -0.024
data arrival time                                                         -2.486
--------------------------------------------------------------------------------
slack (VIOLATED)                                                          -2.510


#Path 91
Startpoint: nsr1_2.Q[0] (.latch clocked by pclk)
Endpoint  : n_n3385.D[0] (.latch clocked by pclk)
Path Type : setup

Point                                                             Incr      Path
--------------------------------------------------------------------------------
clock pclk (rise edge)                                           0.000     0.000
clock source latency                                             0.000     0.000
pclk.inpad[0] (.input)                                           0.000     0.000
nsr1_2.clk[0] (.latch)                                           0.042     0.042
nsr1_2.Q[0] (.latch) [clock-to-output]                           0.124     0.166
nrq1_3.in[2] (.names)                                            0.446     0.613
nrq1_3.out[0] (.names)                                           0.235     0.848
[1375].in[3] (.names)                                            0.572     1.420
[1375].out[0] (.names)                                           0.235     1.655
n_n3383.in[2] (.names)                                           0.591     2.245
n_n3383.out[0] (.names)                                          0.235     2.480
n_n3385.D[0] (.latch)                                            0.000     2.480
data arrival time                                                          2.480

clock pclk (rise edge)                                           0.000     0.000
clock source latency                                             0.000     0.000
pclk.inpad[0] (.input)                                           0.000     0.000
n_n3385.clk[0] (.latch)                                          0.042     0.042
clock uncertainty                                                0.000     0.042
cell setup time                                                 -0.066    -0.024
data required time                                                        -0.024
--------------------------------------------------------------------------------
data required time                                                        -0.024
data arrival time                                                         -2.480
--------------------------------------------------------------------------------
slack (VIOLATED)                                                          -2.504


#Path 92
Startpoint: nsr1_2.Q[0] (.latch clocked by pclk)
Endpoint  : n_n4108.D[0] (.latch clocked by pclk)
Path Type : setup

Point                                                             Incr      Path
--------------------------------------------------------------------------------
clock pclk (rise edge)                                           0.000     0.000
clock source latency                                             0.000     0.000
pclk.inpad[0] (.input)                                           0.000     0.000
nsr1_2.clk[0] (.latch)                                           0.042     0.042
nsr1_2.Q[0] (.latch) [clock-to-output]                           0.124     0.166
nrq1_3.in[2] (.names)                                            0.446     0.613
nrq1_3.out[0] (.names)                                           0.235     0.848
[1020].in[3] (.names)                                            0.599     1.447
[1020].out[0] (.names)                                           0.235     1.682
n_n4106.in[1] (.names)                                           0.553     2.235
n_n4106.out[0] (.names)                                          0.235     2.470
n_n4108.D[0] (.latch)                                            0.000     2.470
data arrival time                                                          2.470

clock pclk (rise edge)                                           0.000     0.000
clock source latency                                             0.000     0.000
pclk.inpad[0] (.input)                                           0.000     0.000
n_n4108.clk[0] (.latch)                                          0.042     0.042
clock uncertainty                                                0.000     0.042
cell setup time                                                 -0.066    -0.024
data required time                                                        -0.024
--------------------------------------------------------------------------------
data required time                                                        -0.024
data arrival time                                                         -2.470
--------------------------------------------------------------------------------
slack (VIOLATED)                                                          -2.493


#Path 93
Startpoint: nsr1_2.Q[0] (.latch clocked by pclk)
Endpoint  : n_n3511.D[0] (.latch clocked by pclk)
Path Type : setup

Point                                                             Incr      Path
--------------------------------------------------------------------------------
clock pclk (rise edge)                                           0.000     0.000
clock source latency                                             0.000     0.000
pclk.inpad[0] (.input)                                           0.000     0.000
nsr1_2.clk[0] (.latch)                                           0.042     0.042
nsr1_2.Q[0] (.latch) [clock-to-output]                           0.124     0.166
nrq3_2.in[2] (.names)                                            0.446     0.613
nrq3_2.out[0] (.names)                                           0.235     0.848
[1155].in[3] (.names)                                            0.337     1.185
[1155].out[0] (.names)                                           0.235     1.420
[2141].in[2] (.names)                                            0.478     1.897
[2141].out[0] (.names)                                           0.235     2.132
n_n3510.in[2] (.names)                                           0.100     2.232
n_n3510.out[0] (.names)                                          0.235     2.467
n_n3511.D[0] (.latch)                                            0.000     2.467
data arrival time                                                          2.467

clock pclk (rise edge)                                           0.000     0.000
clock source latency                                             0.000     0.000
pclk.inpad[0] (.input)                                           0.000     0.000
n_n3511.clk[0] (.latch)                                          0.042     0.042
clock uncertainty                                                0.000     0.042
cell setup time                                                 -0.066    -0.024
data required time                                                        -0.024
--------------------------------------------------------------------------------
data required time                                                        -0.024
data arrival time                                                         -2.467
--------------------------------------------------------------------------------
slack (VIOLATED)                                                          -2.491


#Path 94
Startpoint: n_n3533.Q[0] (.latch clocked by pclk)
Endpoint  : n_n3769.D[0] (.latch clocked by pclk)
Path Type : setup

Point                                                             Incr      Path
--------------------------------------------------------------------------------
clock pclk (rise edge)                                           0.000     0.000
clock source latency                                             0.000     0.000
pclk.inpad[0] (.input)                                           0.000     0.000
n_n3533.clk[0] (.latch)                                          0.042     0.042
n_n3533.Q[0] (.latch) [clock-to-output]                          0.124     0.166
[6266].in[3] (.names)                                            0.495     0.661
[6266].out[0] (.names)                                           0.235     0.896
n_n4367.in[3] (.names)                                           0.100     0.996
n_n4367.out[0] (.names)                                          0.235     1.231
n_n4126.in[1] (.names)                                           0.307     1.539
n_n4126.out[0] (.names)                                          0.235     1.774
n_n3632.in[2] (.names)                                           0.456     2.230
n_n3632.out[0] (.names)                                          0.235     2.465
n_n3769.D[0] (.latch)                                            0.000     2.465
data arrival time                                                          2.465

clock pclk (rise edge)                                           0.000     0.000
clock source latency                                             0.000     0.000
pclk.inpad[0] (.input)                                           0.000     0.000
n_n3769.clk[0] (.latch)                                          0.042     0.042
clock uncertainty                                                0.000     0.042
cell setup time                                                 -0.066    -0.024
data required time                                                        -0.024
--------------------------------------------------------------------------------
data required time                                                        -0.024
data arrival time                                                         -2.465
--------------------------------------------------------------------------------
slack (VIOLATED)                                                          -2.488


#Path 95
Startpoint: n_n4383.Q[0] (.latch clocked by pclk)
Endpoint  : n_n4286.D[0] (.latch clocked by pclk)
Path Type : setup

Point                                                             Incr      Path
--------------------------------------------------------------------------------
clock pclk (rise edge)                                           0.000     0.000
clock source latency                                             0.000     0.000
pclk.inpad[0] (.input)                                           0.000     0.000
n_n4383.clk[0] (.latch)                                          0.042     0.042
n_n4383.Q[0] (.latch) [clock-to-output]                          0.124     0.166
n_n4315.in[1] (.names)                                           0.496     0.662
n_n4315.out[0] (.names)                                          0.235     0.897
n_n4116.in[1] (.names)                                           0.475     1.372
n_n4116.out[0] (.names)                                          0.235     1.607
n_n4283.in[1] (.names)                                           0.586     2.193
n_n4283.out[0] (.names)                                          0.235     2.428
n_n4286.D[0] (.latch)                                            0.000     2.428
data arrival time                                                          2.428

clock pclk (rise edge)                                           0.000     0.000
clock source latency                                             0.000     0.000
pclk.inpad[0] (.input)                                           0.000     0.000
n_n4286.clk[0] (.latch)                                          0.042     0.042
clock uncertainty                                                0.000     0.042
cell setup time                                                 -0.066    -0.024
data required time                                                        -0.024
--------------------------------------------------------------------------------
data required time                                                        -0.024
data arrival time                                                         -2.428
--------------------------------------------------------------------------------
slack (VIOLATED)                                                          -2.452


#Path 96
Startpoint: n_n3533.Q[0] (.latch clocked by pclk)
Endpoint  : nsr3_14.D[0] (.latch clocked by pclk)
Path Type : setup

Point                                                             Incr      Path
--------------------------------------------------------------------------------
clock pclk (rise edge)                                           0.000     0.000
clock source latency                                             0.000     0.000
pclk.inpad[0] (.input)                                           0.000     0.000
n_n3533.clk[0] (.latch)                                          0.042     0.042
n_n3533.Q[0] (.latch) [clock-to-output]                          0.124     0.166
[6266].in[3] (.names)                                            0.495     0.661
[6266].out[0] (.names)                                           0.235     0.896
n_n4367.in[3] (.names)                                           0.100     0.996
n_n4367.out[0] (.names)                                          0.235     1.231
[1318].in[3] (.names)                                            0.617     1.848
[1318].out[0] (.names)                                           0.235     2.083
n_n133.in[2] (.names)                                            0.100     2.183
n_n133.out[0] (.names)                                           0.235     2.418
nsr3_14.D[0] (.latch)                                            0.000     2.418
data arrival time                                                          2.418

clock pclk (rise edge)                                           0.000     0.000
clock source latency                                             0.000     0.000
pclk.inpad[0] (.input)                                           0.000     0.000
nsr3_14.clk[0] (.latch)                                          0.042     0.042
clock uncertainty                                                0.000     0.042
cell setup time                                                 -0.066    -0.024
data required time                                                        -0.024
--------------------------------------------------------------------------------
data required time                                                        -0.024
data arrival time                                                         -2.418
--------------------------------------------------------------------------------
slack (VIOLATED)                                                          -2.441


#Path 97
Startpoint: pdn.Q[0] (.latch clocked by pclk)
Endpoint  : n_n3061.D[0] (.latch clocked by pclk)
Path Type : setup

Point                                                             Incr      Path
--------------------------------------------------------------------------------
clock pclk (rise edge)                                           0.000     0.000
clock source latency                                             0.000     0.000
pclk.inpad[0] (.input)                                           0.000     0.000
pdn.clk[0] (.latch)                                              0.042     0.042
pdn.Q[0] (.latch) [clock-to-output]                              0.124     0.166
[894].in[1] (.names)                                             0.781     0.948
[894].out[0] (.names)                                            0.235     1.183
n_n3060.in[1] (.names)                                           0.969     2.151
n_n3060.out[0] (.names)                                          0.235     2.386
n_n3061.D[0] (.latch)                                            0.000     2.386
data arrival time                                                          2.386

clock pclk (rise edge)                                           0.000     0.000
clock source latency                                             0.000     0.000
pclk.inpad[0] (.input)                                           0.000     0.000
n_n3061.clk[0] (.latch)                                          0.042     0.042
clock uncertainty                                                0.000     0.042
cell setup time                                                 -0.066    -0.024
data required time                                                        -0.024
--------------------------------------------------------------------------------
data required time                                                        -0.024
data arrival time                                                         -2.386
--------------------------------------------------------------------------------
slack (VIOLATED)                                                          -2.410


#Path 98
Startpoint: pdn.Q[0] (.latch clocked by pclk)
Endpoint  : n_n3173.D[0] (.latch clocked by pclk)
Path Type : setup

Point                                                             Incr      Path
--------------------------------------------------------------------------------
clock pclk (rise edge)                                           0.000     0.000
clock source latency                                             0.000     0.000
pclk.inpad[0] (.input)                                           0.000     0.000
pdn.clk[0] (.latch)                                              0.042     0.042
pdn.Q[0] (.latch) [clock-to-output]                              0.124     0.166
[894].in[1] (.names)                                             0.781     0.948
[894].out[0] (.names)                                            0.235     1.183
n_n3172.in[1] (.names)                                           0.969     2.151
n_n3172.out[0] (.names)                                          0.235     2.386
n_n3173.D[0] (.latch)                                            0.000     2.386
data arrival time                                                          2.386

clock pclk (rise edge)                                           0.000     0.000
clock source latency                                             0.000     0.000
pclk.inpad[0] (.input)                                           0.000     0.000
n_n3173.clk[0] (.latch)                                          0.042     0.042
clock uncertainty                                                0.000     0.042
cell setup time                                                 -0.066    -0.024
data required time                                                        -0.024
--------------------------------------------------------------------------------
data required time                                                        -0.024
data arrival time                                                         -2.386
--------------------------------------------------------------------------------
slack (VIOLATED)                                                          -2.410


#Path 99
Startpoint: pdn.Q[0] (.latch clocked by pclk)
Endpoint  : n_n3517.D[0] (.latch clocked by pclk)
Path Type : setup

Point                                                             Incr      Path
--------------------------------------------------------------------------------
clock pclk (rise edge)                                           0.000     0.000
clock source latency                                             0.000     0.000
pclk.inpad[0] (.input)                                           0.000     0.000
pdn.clk[0] (.latch)                                              0.042     0.042
pdn.Q[0] (.latch) [clock-to-output]                              0.124     0.166
[894].in[1] (.names)                                             0.781     0.948
[894].out[0] (.names)                                            0.235     1.183
n_n3515.in[1] (.names)                                           0.969     2.151
n_n3515.out[0] (.names)                                          0.235     2.386
n_n3517.D[0] (.latch)                                            0.000     2.386
data arrival time                                                          2.386

clock pclk (rise edge)                                           0.000     0.000
clock source latency                                             0.000     0.000
pclk.inpad[0] (.input)                                           0.000     0.000
n_n3517.clk[0] (.latch)                                          0.042     0.042
clock uncertainty                                                0.000     0.042
cell setup time                                                 -0.066    -0.024
data required time                                                        -0.024
--------------------------------------------------------------------------------
data required time                                                        -0.024
data arrival time                                                         -2.386
--------------------------------------------------------------------------------
slack (VIOLATED)                                                          -2.410


#Path 100
Startpoint: pdn.Q[0] (.latch clocked by pclk)
Endpoint  : n_n3449.D[0] (.latch clocked by pclk)
Path Type : setup

Point                                                             Incr      Path
--------------------------------------------------------------------------------
clock pclk (rise edge)                                           0.000     0.000
clock source latency                                             0.000     0.000
pclk.inpad[0] (.input)                                           0.000     0.000
pdn.clk[0] (.latch)                                              0.042     0.042
pdn.Q[0] (.latch) [clock-to-output]                              0.124     0.166
[894].in[1] (.names)                                             0.781     0.948
[894].out[0] (.names)                                            0.235     1.183
n_n3447.in[2] (.names)                                           0.969     2.151
n_n3447.out[0] (.names)                                          0.235     2.386
n_n3449.D[0] (.latch)                                            0.000     2.386
data arrival time                                                          2.386

clock pclk (rise edge)                                           0.000     0.000
clock source latency                                             0.000     0.000
pclk.inpad[0] (.input)                                           0.000     0.000
n_n3449.clk[0] (.latch)                                          0.042     0.042
clock uncertainty                                                0.000     0.042
cell setup time                                                 -0.066    -0.024
data required time                                                        -0.024
--------------------------------------------------------------------------------
data required time                                                        -0.024
data arrival time                                                         -2.386
--------------------------------------------------------------------------------
slack (VIOLATED)                                                          -2.410


#End of timing report
