#Timing report of worst 100 path(s)
# Unit scale: 1e-09 seconds
# Output precision: 3

#Path 1
Startpoint: sv_chip2_hierarchy_no_mem.h_fltr_2_right.your_instance_name_f3^dout~20_FF.Q[0] (.latch clocked by sv_chip2_hierarchy_no_mem^tm3_clk_v0)
Endpoint  : sv_chip2_hierarchy_no_mem.h_fltr_2_right^vidin_out_reg_f3~20_FF.D[0] (.latch clocked by sv_chip2_hierarchy_no_mem^tm3_clk_v0)
Path Type : hold

Point                                                                                                            Incr      Path
-------------------------------------------------------------------------------------------------------------------------------
clock sv_chip2_hierarchy_no_mem^tm3_clk_v0 (rise edge)                                                          0.000     0.000
clock source latency                                                                                            0.000     0.000
sv_chip2_hierarchy_no_mem^tm3_clk_v0.inpad[0] (.input)                                                          0.000     0.000
sv_chip2_hierarchy_no_mem.h_fltr_2_right.your_instance_name_f3^dout~20_FF.clk[0] (.latch)                       0.000     0.000
sv_chip2_hierarchy_no_mem.h_fltr_2_right.your_instance_name_f3^dout~20_FF.Q[0] (.latch) [clock-to-output]       0.124     0.124
sv_chip2_hierarchy_no_mem.h_fltr_2_right^vidin_out_reg_f3~20_FF.D[0] (.latch)                                   0.000     0.124
data arrival time                                                                                                         0.124

clock sv_chip2_hierarchy_no_mem^tm3_clk_v0 (rise edge)                                                          0.000     0.000
clock source latency                                                                                            0.000     0.000
sv_chip2_hierarchy_no_mem^tm3_clk_v0.inpad[0] (.input)                                                          0.000     0.000
sv_chip2_hierarchy_no_mem.h_fltr_2_right^vidin_out_reg_f3~20_FF.clk[0] (.latch)                                 0.000     0.000
clock uncertainty                                                                                               0.000     0.000
cell hold time                                                                                                  0.066     0.066
data required time                                                                                                        0.066
-------------------------------------------------------------------------------------------------------------------------------
data required time                                                                                                       -0.066
data arrival time                                                                                                         0.124
-------------------------------------------------------------------------------------------------------------------------------
slack (MET)                                                                                                               0.058


#Path 2
Startpoint: sv_chip2_hierarchy_no_mem.v_fltr_4_left.inst_fltr_compute_f2^d_out_tmp~7_FF.Q[0] (.latch clocked by sv_chip2_hierarchy_no_mem^tm3_clk_v0)
Endpoint  : lo05817.D[0] (.latch clocked by sv_chip2_hierarchy_no_mem^tm3_clk_v0)
Path Type : hold

Point                                                                                                              Incr      Path
---------------------------------------------------------------------------------------------------------------------------------
clock sv_chip2_hierarchy_no_mem^tm3_clk_v0 (rise edge)                                                            0.000     0.000
clock source latency                                                                                              0.000     0.000
sv_chip2_hierarchy_no_mem^tm3_clk_v0.inpad[0] (.input)                                                            0.000     0.000
sv_chip2_hierarchy_no_mem.v_fltr_4_left.inst_fltr_compute_f2^d_out_tmp~7_FF.clk[0] (.latch)                       0.000     0.000
sv_chip2_hierarchy_no_mem.v_fltr_4_left.inst_fltr_compute_f2^d_out_tmp~7_FF.Q[0] (.latch) [clock-to-output]       0.124     0.124
lo05817.D[0] (.latch)                                                                                             0.000     0.124
data arrival time                                                                                                           0.124

clock sv_chip2_hierarchy_no_mem^tm3_clk_v0 (rise edge)                                                            0.000     0.000
clock source latency                                                                                              0.000     0.000
sv_chip2_hierarchy_no_mem^tm3_clk_v0.inpad[0] (.input)                                                            0.000     0.000
lo05817.clk[0] (.latch)                                                                                           0.000     0.000
clock uncertainty                                                                                                 0.000     0.000
cell hold time                                                                                                    0.066     0.066
data required time                                                                                                          0.066
---------------------------------------------------------------------------------------------------------------------------------
data required time                                                                                                         -0.066
data arrival time                                                                                                           0.124
---------------------------------------------------------------------------------------------------------------------------------
slack (MET)                                                                                                                 0.058


#Path 3
Startpoint: sv_chip2_hierarchy_no_mem.v_fltr_4_left.inst_fltr_compute_f2^d_out_tmp~8_FF.Q[0] (.latch clocked by sv_chip2_hierarchy_no_mem^tm3_clk_v0)
Endpoint  : lo05825.D[0] (.latch clocked by sv_chip2_hierarchy_no_mem^tm3_clk_v0)
Path Type : hold

Point                                                                                                              Incr      Path
---------------------------------------------------------------------------------------------------------------------------------
clock sv_chip2_hierarchy_no_mem^tm3_clk_v0 (rise edge)                                                            0.000     0.000
clock source latency                                                                                              0.000     0.000
sv_chip2_hierarchy_no_mem^tm3_clk_v0.inpad[0] (.input)                                                            0.000     0.000
sv_chip2_hierarchy_no_mem.v_fltr_4_left.inst_fltr_compute_f2^d_out_tmp~8_FF.clk[0] (.latch)                       0.000     0.000
sv_chip2_hierarchy_no_mem.v_fltr_4_left.inst_fltr_compute_f2^d_out_tmp~8_FF.Q[0] (.latch) [clock-to-output]       0.124     0.124
lo05825.D[0] (.latch)                                                                                             0.000     0.124
data arrival time                                                                                                           0.124

clock sv_chip2_hierarchy_no_mem^tm3_clk_v0 (rise edge)                                                            0.000     0.000
clock source latency                                                                                              0.000     0.000
sv_chip2_hierarchy_no_mem^tm3_clk_v0.inpad[0] (.input)                                                            0.000     0.000
lo05825.clk[0] (.latch)                                                                                           0.000     0.000
clock uncertainty                                                                                                 0.000     0.000
cell hold time                                                                                                    0.066     0.066
data required time                                                                                                          0.066
---------------------------------------------------------------------------------------------------------------------------------
data required time                                                                                                         -0.066
data arrival time                                                                                                           0.124
---------------------------------------------------------------------------------------------------------------------------------
slack (MET)                                                                                                                 0.058


#Path 4
Startpoint: sv_chip2_hierarchy_no_mem.h_fltr_2_right.your_instance_name_f3^dout~22_FF.Q[0] (.latch clocked by sv_chip2_hierarchy_no_mem^tm3_clk_v0)
Endpoint  : sv_chip2_hierarchy_no_mem.h_fltr_2_right^vidin_out_reg_f3~22_FF.D[0] (.latch clocked by sv_chip2_hierarchy_no_mem^tm3_clk_v0)
Path Type : hold

Point                                                                                                            Incr      Path
-------------------------------------------------------------------------------------------------------------------------------
clock sv_chip2_hierarchy_no_mem^tm3_clk_v0 (rise edge)                                                          0.000     0.000
clock source latency                                                                                            0.000     0.000
sv_chip2_hierarchy_no_mem^tm3_clk_v0.inpad[0] (.input)                                                          0.000     0.000
sv_chip2_hierarchy_no_mem.h_fltr_2_right.your_instance_name_f3^dout~22_FF.clk[0] (.latch)                       0.000     0.000
sv_chip2_hierarchy_no_mem.h_fltr_2_right.your_instance_name_f3^dout~22_FF.Q[0] (.latch) [clock-to-output]       0.124     0.124
sv_chip2_hierarchy_no_mem.h_fltr_2_right^vidin_out_reg_f3~22_FF.D[0] (.latch)                                   0.000     0.124
data arrival time                                                                                                         0.124

clock sv_chip2_hierarchy_no_mem^tm3_clk_v0 (rise edge)                                                          0.000     0.000
clock source latency                                                                                            0.000     0.000
sv_chip2_hierarchy_no_mem^tm3_clk_v0.inpad[0] (.input)                                                          0.000     0.000
sv_chip2_hierarchy_no_mem.h_fltr_2_right^vidin_out_reg_f3~22_FF.clk[0] (.latch)                                 0.000     0.000
clock uncertainty                                                                                               0.000     0.000
cell hold time                                                                                                  0.066     0.066
data required time                                                                                                        0.066
-------------------------------------------------------------------------------------------------------------------------------
data required time                                                                                                       -0.066
data arrival time                                                                                                         0.124
-------------------------------------------------------------------------------------------------------------------------------
slack (MET)                                                                                                               0.058


#Path 5
Startpoint: sv_chip2_hierarchy_no_mem.h_fltr_2_right.my_steer_fltr_inst^f3_reg~21_FF.Q[0] (.latch clocked by sv_chip2_hierarchy_no_mem^tm3_clk_v0)
Endpoint  : sv_chip2_hierarchy_no_mem.h_fltr_2_right.my_steer_fltr_inst^re_p_tmp_2~21_FF.D[0] (.latch clocked by sv_chip2_hierarchy_no_mem^tm3_clk_v0)
Path Type : hold

Point                                                                                                               Incr      Path
----------------------------------------------------------------------------------------------------------------------------------
clock sv_chip2_hierarchy_no_mem^tm3_clk_v0 (rise edge)                                                             0.000     0.000
clock source latency                                                                                               0.000     0.000
sv_chip2_hierarchy_no_mem^tm3_clk_v0.inpad[0] (.input)                                                             0.000     0.000
sv_chip2_hierarchy_no_mem.h_fltr_2_right.my_steer_fltr_inst^f3_reg~21_FF.clk[0] (.latch)                           0.000     0.000
sv_chip2_hierarchy_no_mem.h_fltr_2_right.my_steer_fltr_inst^f3_reg~21_FF.Q[0] (.latch) [clock-to-output]           0.124     0.124
sv_chip2_hierarchy_no_mem.h_fltr_2_right.my_steer_fltr_inst^re_p_tmp_2~21_FF.D[0] (.latch)                         0.000     0.124
data arrival time                                                                                                            0.124

clock sv_chip2_hierarchy_no_mem^tm3_clk_v0 (rise edge)                                                             0.000     0.000
clock source latency                                                                                               0.000     0.000
sv_chip2_hierarchy_no_mem^tm3_clk_v0.inpad[0] (.input)                                                             0.000     0.000
sv_chip2_hierarchy_no_mem.h_fltr_2_right.my_steer_fltr_inst^re_p_tmp_2~21_FF.clk[0] (.latch)                       0.000     0.000
clock uncertainty                                                                                                  0.000     0.000
cell hold time                                                                                                     0.066     0.066
data required time                                                                                                           0.066
----------------------------------------------------------------------------------------------------------------------------------
data required time                                                                                                          -0.066
data arrival time                                                                                                            0.124
----------------------------------------------------------------------------------------------------------------------------------
slack (MET)                                                                                                                  0.058


#Path 6
Startpoint: sv_chip2_hierarchy_no_mem.h_fltr_2_right.your_instance_name_f3^dout~21_FF.Q[0] (.latch clocked by sv_chip2_hierarchy_no_mem^tm3_clk_v0)
Endpoint  : sv_chip2_hierarchy_no_mem.h_fltr_2_right^vidin_out_reg_f3~21_FF.D[0] (.latch clocked by sv_chip2_hierarchy_no_mem^tm3_clk_v0)
Path Type : hold

Point                                                                                                            Incr      Path
-------------------------------------------------------------------------------------------------------------------------------
clock sv_chip2_hierarchy_no_mem^tm3_clk_v0 (rise edge)                                                          0.000     0.000
clock source latency                                                                                            0.000     0.000
sv_chip2_hierarchy_no_mem^tm3_clk_v0.inpad[0] (.input)                                                          0.000     0.000
sv_chip2_hierarchy_no_mem.h_fltr_2_right.your_instance_name_f3^dout~21_FF.clk[0] (.latch)                       0.000     0.000
sv_chip2_hierarchy_no_mem.h_fltr_2_right.your_instance_name_f3^dout~21_FF.Q[0] (.latch) [clock-to-output]       0.124     0.124
sv_chip2_hierarchy_no_mem.h_fltr_2_right^vidin_out_reg_f3~21_FF.D[0] (.latch)                                   0.000     0.124
data arrival time                                                                                                         0.124

clock sv_chip2_hierarchy_no_mem^tm3_clk_v0 (rise edge)                                                          0.000     0.000
clock source latency                                                                                            0.000     0.000
sv_chip2_hierarchy_no_mem^tm3_clk_v0.inpad[0] (.input)                                                          0.000     0.000
sv_chip2_hierarchy_no_mem.h_fltr_2_right^vidin_out_reg_f3~21_FF.clk[0] (.latch)                                 0.000     0.000
clock uncertainty                                                                                               0.000     0.000
cell hold time                                                                                                  0.066     0.066
data required time                                                                                                        0.066
-------------------------------------------------------------------------------------------------------------------------------
data required time                                                                                                       -0.066
data arrival time                                                                                                         0.124
-------------------------------------------------------------------------------------------------------------------------------
slack (MET)                                                                                                               0.058


#Path 7
Startpoint: sv_chip2_hierarchy_no_mem.v_fltr_4_left.inst_fltr_compute_f2^d_out_tmp~12_FF.Q[0] (.latch clocked by sv_chip2_hierarchy_no_mem^tm3_clk_v0)
Endpoint  : lo05857.D[0] (.latch clocked by sv_chip2_hierarchy_no_mem^tm3_clk_v0)
Path Type : hold

Point                                                                                                               Incr      Path
----------------------------------------------------------------------------------------------------------------------------------
clock sv_chip2_hierarchy_no_mem^tm3_clk_v0 (rise edge)                                                             0.000     0.000
clock source latency                                                                                               0.000     0.000
sv_chip2_hierarchy_no_mem^tm3_clk_v0.inpad[0] (.input)                                                             0.000     0.000
sv_chip2_hierarchy_no_mem.v_fltr_4_left.inst_fltr_compute_f2^d_out_tmp~12_FF.clk[0] (.latch)                       0.000     0.000
sv_chip2_hierarchy_no_mem.v_fltr_4_left.inst_fltr_compute_f2^d_out_tmp~12_FF.Q[0] (.latch) [clock-to-output]       0.124     0.124
lo05857.D[0] (.latch)                                                                                              0.000     0.124
data arrival time                                                                                                            0.124

clock sv_chip2_hierarchy_no_mem^tm3_clk_v0 (rise edge)                                                             0.000     0.000
clock source latency                                                                                               0.000     0.000
sv_chip2_hierarchy_no_mem^tm3_clk_v0.inpad[0] (.input)                                                             0.000     0.000
lo05857.clk[0] (.latch)                                                                                            0.000     0.000
clock uncertainty                                                                                                  0.000     0.000
cell hold time                                                                                                     0.066     0.066
data required time                                                                                                           0.066
----------------------------------------------------------------------------------------------------------------------------------
data required time                                                                                                          -0.066
data arrival time                                                                                                            0.124
----------------------------------------------------------------------------------------------------------------------------------
slack (MET)                                                                                                                  0.058


#Path 8
Startpoint: sv_chip2_hierarchy_no_mem.h_fltr_2_right.my_steer_fltr_inst^f3_reg~20_FF.Q[0] (.latch clocked by sv_chip2_hierarchy_no_mem^tm3_clk_v0)
Endpoint  : sv_chip2_hierarchy_no_mem.h_fltr_2_right.my_steer_fltr_inst^re_p_tmp_2~20_FF.D[0] (.latch clocked by sv_chip2_hierarchy_no_mem^tm3_clk_v0)
Path Type : hold

Point                                                                                                               Incr      Path
----------------------------------------------------------------------------------------------------------------------------------
clock sv_chip2_hierarchy_no_mem^tm3_clk_v0 (rise edge)                                                             0.000     0.000
clock source latency                                                                                               0.000     0.000
sv_chip2_hierarchy_no_mem^tm3_clk_v0.inpad[0] (.input)                                                             0.000     0.000
sv_chip2_hierarchy_no_mem.h_fltr_2_right.my_steer_fltr_inst^f3_reg~20_FF.clk[0] (.latch)                           0.000     0.000
sv_chip2_hierarchy_no_mem.h_fltr_2_right.my_steer_fltr_inst^f3_reg~20_FF.Q[0] (.latch) [clock-to-output]           0.124     0.124
sv_chip2_hierarchy_no_mem.h_fltr_2_right.my_steer_fltr_inst^re_p_tmp_2~20_FF.D[0] (.latch)                         0.000     0.124
data arrival time                                                                                                            0.124

clock sv_chip2_hierarchy_no_mem^tm3_clk_v0 (rise edge)                                                             0.000     0.000
clock source latency                                                                                               0.000     0.000
sv_chip2_hierarchy_no_mem^tm3_clk_v0.inpad[0] (.input)                                                             0.000     0.000
sv_chip2_hierarchy_no_mem.h_fltr_2_right.my_steer_fltr_inst^re_p_tmp_2~20_FF.clk[0] (.latch)                       0.000     0.000
clock uncertainty                                                                                                  0.000     0.000
cell hold time                                                                                                     0.066     0.066
data required time                                                                                                           0.066
----------------------------------------------------------------------------------------------------------------------------------
data required time                                                                                                          -0.066
data arrival time                                                                                                            0.124
----------------------------------------------------------------------------------------------------------------------------------
slack (MET)                                                                                                                  0.058


#Path 9
Startpoint: sv_chip2_hierarchy_no_mem.v_fltr_4_left.inst_fltr_compute_f2^d_out_tmp~14_FF.Q[0] (.latch clocked by sv_chip2_hierarchy_no_mem^tm3_clk_v0)
Endpoint  : lo05873.D[0] (.latch clocked by sv_chip2_hierarchy_no_mem^tm3_clk_v0)
Path Type : hold

Point                                                                                                               Incr      Path
----------------------------------------------------------------------------------------------------------------------------------
clock sv_chip2_hierarchy_no_mem^tm3_clk_v0 (rise edge)                                                             0.000     0.000
clock source latency                                                                                               0.000     0.000
sv_chip2_hierarchy_no_mem^tm3_clk_v0.inpad[0] (.input)                                                             0.000     0.000
sv_chip2_hierarchy_no_mem.v_fltr_4_left.inst_fltr_compute_f2^d_out_tmp~14_FF.clk[0] (.latch)                       0.000     0.000
sv_chip2_hierarchy_no_mem.v_fltr_4_left.inst_fltr_compute_f2^d_out_tmp~14_FF.Q[0] (.latch) [clock-to-output]       0.124     0.124
lo05873.D[0] (.latch)                                                                                              0.000     0.124
data arrival time                                                                                                            0.124

clock sv_chip2_hierarchy_no_mem^tm3_clk_v0 (rise edge)                                                             0.000     0.000
clock source latency                                                                                               0.000     0.000
sv_chip2_hierarchy_no_mem^tm3_clk_v0.inpad[0] (.input)                                                             0.000     0.000
lo05873.clk[0] (.latch)                                                                                            0.000     0.000
clock uncertainty                                                                                                  0.000     0.000
cell hold time                                                                                                     0.066     0.066
data required time                                                                                                           0.066
----------------------------------------------------------------------------------------------------------------------------------
data required time                                                                                                          -0.066
data arrival time                                                                                                            0.124
----------------------------------------------------------------------------------------------------------------------------------
slack (MET)                                                                                                                  0.058


#Path 10
Startpoint: sv_chip2_hierarchy_no_mem.v_fltr_4_left.inst_fltr_compute_f2^d_out_tmp~6_FF.Q[0] (.latch clocked by sv_chip2_hierarchy_no_mem^tm3_clk_v0)
Endpoint  : lo05809.D[0] (.latch clocked by sv_chip2_hierarchy_no_mem^tm3_clk_v0)
Path Type : hold

Point                                                                                                              Incr      Path
---------------------------------------------------------------------------------------------------------------------------------
clock sv_chip2_hierarchy_no_mem^tm3_clk_v0 (rise edge)                                                            0.000     0.000
clock source latency                                                                                              0.000     0.000
sv_chip2_hierarchy_no_mem^tm3_clk_v0.inpad[0] (.input)                                                            0.000     0.000
sv_chip2_hierarchy_no_mem.v_fltr_4_left.inst_fltr_compute_f2^d_out_tmp~6_FF.clk[0] (.latch)                       0.000     0.000
sv_chip2_hierarchy_no_mem.v_fltr_4_left.inst_fltr_compute_f2^d_out_tmp~6_FF.Q[0] (.latch) [clock-to-output]       0.124     0.124
lo05809.D[0] (.latch)                                                                                             0.000     0.124
data arrival time                                                                                                           0.124

clock sv_chip2_hierarchy_no_mem^tm3_clk_v0 (rise edge)                                                            0.000     0.000
clock source latency                                                                                              0.000     0.000
sv_chip2_hierarchy_no_mem^tm3_clk_v0.inpad[0] (.input)                                                            0.000     0.000
lo05809.clk[0] (.latch)                                                                                           0.000     0.000
clock uncertainty                                                                                                 0.000     0.000
cell hold time                                                                                                    0.066     0.066
data required time                                                                                                          0.066
---------------------------------------------------------------------------------------------------------------------------------
data required time                                                                                                         -0.066
data arrival time                                                                                                           0.124
---------------------------------------------------------------------------------------------------------------------------------
slack (MET)                                                                                                                 0.058


#Path 11
Startpoint: sv_chip2_hierarchy_no_mem.h_fltr_2_right.my_steer_fltr_inst^f3_reg~19_FF.Q[0] (.latch clocked by sv_chip2_hierarchy_no_mem^tm3_clk_v0)
Endpoint  : sv_chip2_hierarchy_no_mem.h_fltr_2_right.my_steer_fltr_inst^re_p_tmp_2~19_FF.D[0] (.latch clocked by sv_chip2_hierarchy_no_mem^tm3_clk_v0)
Path Type : hold

Point                                                                                                               Incr      Path
----------------------------------------------------------------------------------------------------------------------------------
clock sv_chip2_hierarchy_no_mem^tm3_clk_v0 (rise edge)                                                             0.000     0.000
clock source latency                                                                                               0.000     0.000
sv_chip2_hierarchy_no_mem^tm3_clk_v0.inpad[0] (.input)                                                             0.000     0.000
sv_chip2_hierarchy_no_mem.h_fltr_2_right.my_steer_fltr_inst^f3_reg~19_FF.clk[0] (.latch)                           0.000     0.000
sv_chip2_hierarchy_no_mem.h_fltr_2_right.my_steer_fltr_inst^f3_reg~19_FF.Q[0] (.latch) [clock-to-output]           0.124     0.124
sv_chip2_hierarchy_no_mem.h_fltr_2_right.my_steer_fltr_inst^re_p_tmp_2~19_FF.D[0] (.latch)                         0.000     0.124
data arrival time                                                                                                            0.124

clock sv_chip2_hierarchy_no_mem^tm3_clk_v0 (rise edge)                                                             0.000     0.000
clock source latency                                                                                               0.000     0.000
sv_chip2_hierarchy_no_mem^tm3_clk_v0.inpad[0] (.input)                                                             0.000     0.000
sv_chip2_hierarchy_no_mem.h_fltr_2_right.my_steer_fltr_inst^re_p_tmp_2~19_FF.clk[0] (.latch)                       0.000     0.000
clock uncertainty                                                                                                  0.000     0.000
cell hold time                                                                                                     0.066     0.066
data required time                                                                                                           0.066
----------------------------------------------------------------------------------------------------------------------------------
data required time                                                                                                          -0.066
data arrival time                                                                                                            0.124
----------------------------------------------------------------------------------------------------------------------------------
slack (MET)                                                                                                                  0.058


#Path 12
Startpoint: sv_chip2_hierarchy_no_mem.h_fltr_2_right.your_instance_name_f3^dout~18_FF.Q[0] (.latch clocked by sv_chip2_hierarchy_no_mem^tm3_clk_v0)
Endpoint  : sv_chip2_hierarchy_no_mem.h_fltr_2_right^vidin_out_reg_f3~18_FF.D[0] (.latch clocked by sv_chip2_hierarchy_no_mem^tm3_clk_v0)
Path Type : hold

Point                                                                                                            Incr      Path
-------------------------------------------------------------------------------------------------------------------------------
clock sv_chip2_hierarchy_no_mem^tm3_clk_v0 (rise edge)                                                          0.000     0.000
clock source latency                                                                                            0.000     0.000
sv_chip2_hierarchy_no_mem^tm3_clk_v0.inpad[0] (.input)                                                          0.000     0.000
sv_chip2_hierarchy_no_mem.h_fltr_2_right.your_instance_name_f3^dout~18_FF.clk[0] (.latch)                       0.000     0.000
sv_chip2_hierarchy_no_mem.h_fltr_2_right.your_instance_name_f3^dout~18_FF.Q[0] (.latch) [clock-to-output]       0.124     0.124
sv_chip2_hierarchy_no_mem.h_fltr_2_right^vidin_out_reg_f3~18_FF.D[0] (.latch)                                   0.000     0.124
data arrival time                                                                                                         0.124

clock sv_chip2_hierarchy_no_mem^tm3_clk_v0 (rise edge)                                                          0.000     0.000
clock source latency                                                                                            0.000     0.000
sv_chip2_hierarchy_no_mem^tm3_clk_v0.inpad[0] (.input)                                                          0.000     0.000
sv_chip2_hierarchy_no_mem.h_fltr_2_right^vidin_out_reg_f3~18_FF.clk[0] (.latch)                                 0.000     0.000
clock uncertainty                                                                                               0.000     0.000
cell hold time                                                                                                  0.066     0.066
data required time                                                                                                        0.066
-------------------------------------------------------------------------------------------------------------------------------
data required time                                                                                                       -0.066
data arrival time                                                                                                         0.124
-------------------------------------------------------------------------------------------------------------------------------
slack (MET)                                                                                                               0.058


#Path 13
Startpoint: sv_chip2_hierarchy_no_mem.h_fltr_4_left.your_instance_name_f3^dout~0_FF.Q[0] (.latch clocked by sv_chip2_hierarchy_no_mem^tm3_clk_v0)
Endpoint  : sv_chip2_hierarchy_no_mem.h_fltr_4_left^vidin_out_reg_f3~0_FF.D[0] (.latch clocked by sv_chip2_hierarchy_no_mem^tm3_clk_v0)
Path Type : hold

Point                                                                                                          Incr      Path
-----------------------------------------------------------------------------------------------------------------------------
clock sv_chip2_hierarchy_no_mem^tm3_clk_v0 (rise edge)                                                        0.000     0.000
clock source latency                                                                                          0.000     0.000
sv_chip2_hierarchy_no_mem^tm3_clk_v0.inpad[0] (.input)                                                        0.000     0.000
sv_chip2_hierarchy_no_mem.h_fltr_4_left.your_instance_name_f3^dout~0_FF.clk[0] (.latch)                       0.000     0.000
sv_chip2_hierarchy_no_mem.h_fltr_4_left.your_instance_name_f3^dout~0_FF.Q[0] (.latch) [clock-to-output]       0.124     0.124
sv_chip2_hierarchy_no_mem.h_fltr_4_left^vidin_out_reg_f3~0_FF.D[0] (.latch)                                   0.000     0.124
data arrival time                                                                                                       0.124

clock sv_chip2_hierarchy_no_mem^tm3_clk_v0 (rise edge)                                                        0.000     0.000
clock source latency                                                                                          0.000     0.000
sv_chip2_hierarchy_no_mem^tm3_clk_v0.inpad[0] (.input)                                                        0.000     0.000
sv_chip2_hierarchy_no_mem.h_fltr_4_left^vidin_out_reg_f3~0_FF.clk[0] (.latch)                                 0.000     0.000
clock uncertainty                                                                                             0.000     0.000
cell hold time                                                                                                0.066     0.066
data required time                                                                                                      0.066
-----------------------------------------------------------------------------------------------------------------------------
data required time                                                                                                     -0.066
data arrival time                                                                                                       0.124
-----------------------------------------------------------------------------------------------------------------------------
slack (MET)                                                                                                             0.058


#Path 14
Startpoint: sv_chip2_hierarchy_no_mem.h_fltr_2_right.my_steer_fltr_inst^f3_reg~17_FF.Q[0] (.latch clocked by sv_chip2_hierarchy_no_mem^tm3_clk_v0)
Endpoint  : sv_chip2_hierarchy_no_mem.h_fltr_2_right.my_steer_fltr_inst^re_p_tmp_2~17_FF.D[0] (.latch clocked by sv_chip2_hierarchy_no_mem^tm3_clk_v0)
Path Type : hold

Point                                                                                                               Incr      Path
----------------------------------------------------------------------------------------------------------------------------------
clock sv_chip2_hierarchy_no_mem^tm3_clk_v0 (rise edge)                                                             0.000     0.000
clock source latency                                                                                               0.000     0.000
sv_chip2_hierarchy_no_mem^tm3_clk_v0.inpad[0] (.input)                                                             0.000     0.000
sv_chip2_hierarchy_no_mem.h_fltr_2_right.my_steer_fltr_inst^f3_reg~17_FF.clk[0] (.latch)                           0.000     0.000
sv_chip2_hierarchy_no_mem.h_fltr_2_right.my_steer_fltr_inst^f3_reg~17_FF.Q[0] (.latch) [clock-to-output]           0.124     0.124
sv_chip2_hierarchy_no_mem.h_fltr_2_right.my_steer_fltr_inst^re_p_tmp_2~17_FF.D[0] (.latch)                         0.000     0.124
data arrival time                                                                                                            0.124

clock sv_chip2_hierarchy_no_mem^tm3_clk_v0 (rise edge)                                                             0.000     0.000
clock source latency                                                                                               0.000     0.000
sv_chip2_hierarchy_no_mem^tm3_clk_v0.inpad[0] (.input)                                                             0.000     0.000
sv_chip2_hierarchy_no_mem.h_fltr_2_right.my_steer_fltr_inst^re_p_tmp_2~17_FF.clk[0] (.latch)                       0.000     0.000
clock uncertainty                                                                                                  0.000     0.000
cell hold time                                                                                                     0.066     0.066
data required time                                                                                                           0.066
----------------------------------------------------------------------------------------------------------------------------------
data required time                                                                                                          -0.066
data arrival time                                                                                                            0.124
----------------------------------------------------------------------------------------------------------------------------------
slack (MET)                                                                                                                  0.058


#Path 15
Startpoint: sv_chip2_hierarchy_no_mem.h_fltr_4_left.your_instance_name_f3^dout~1_FF.Q[0] (.latch clocked by sv_chip2_hierarchy_no_mem^tm3_clk_v0)
Endpoint  : sv_chip2_hierarchy_no_mem.h_fltr_4_left^vidin_out_reg_f3~1_FF.D[0] (.latch clocked by sv_chip2_hierarchy_no_mem^tm3_clk_v0)
Path Type : hold

Point                                                                                                          Incr      Path
-----------------------------------------------------------------------------------------------------------------------------
clock sv_chip2_hierarchy_no_mem^tm3_clk_v0 (rise edge)                                                        0.000     0.000
clock source latency                                                                                          0.000     0.000
sv_chip2_hierarchy_no_mem^tm3_clk_v0.inpad[0] (.input)                                                        0.000     0.000
sv_chip2_hierarchy_no_mem.h_fltr_4_left.your_instance_name_f3^dout~1_FF.clk[0] (.latch)                       0.000     0.000
sv_chip2_hierarchy_no_mem.h_fltr_4_left.your_instance_name_f3^dout~1_FF.Q[0] (.latch) [clock-to-output]       0.124     0.124
sv_chip2_hierarchy_no_mem.h_fltr_4_left^vidin_out_reg_f3~1_FF.D[0] (.latch)                                   0.000     0.124
data arrival time                                                                                                       0.124

clock sv_chip2_hierarchy_no_mem^tm3_clk_v0 (rise edge)                                                        0.000     0.000
clock source latency                                                                                          0.000     0.000
sv_chip2_hierarchy_no_mem^tm3_clk_v0.inpad[0] (.input)                                                        0.000     0.000
sv_chip2_hierarchy_no_mem.h_fltr_4_left^vidin_out_reg_f3~1_FF.clk[0] (.latch)                                 0.000     0.000
clock uncertainty                                                                                             0.000     0.000
cell hold time                                                                                                0.066     0.066
data required time                                                                                                      0.066
-----------------------------------------------------------------------------------------------------------------------------
data required time                                                                                                     -0.066
data arrival time                                                                                                       0.124
-----------------------------------------------------------------------------------------------------------------------------
slack (MET)                                                                                                             0.058


#Path 16
Startpoint: sv_chip2_hierarchy_no_mem.h_fltr_4_left.your_instance_name_f3^dout~2_FF.Q[0] (.latch clocked by sv_chip2_hierarchy_no_mem^tm3_clk_v0)
Endpoint  : sv_chip2_hierarchy_no_mem.h_fltr_4_left^vidin_out_reg_f3~2_FF.D[0] (.latch clocked by sv_chip2_hierarchy_no_mem^tm3_clk_v0)
Path Type : hold

Point                                                                                                          Incr      Path
-----------------------------------------------------------------------------------------------------------------------------
clock sv_chip2_hierarchy_no_mem^tm3_clk_v0 (rise edge)                                                        0.000     0.000
clock source latency                                                                                          0.000     0.000
sv_chip2_hierarchy_no_mem^tm3_clk_v0.inpad[0] (.input)                                                        0.000     0.000
sv_chip2_hierarchy_no_mem.h_fltr_4_left.your_instance_name_f3^dout~2_FF.clk[0] (.latch)                       0.000     0.000
sv_chip2_hierarchy_no_mem.h_fltr_4_left.your_instance_name_f3^dout~2_FF.Q[0] (.latch) [clock-to-output]       0.124     0.124
sv_chip2_hierarchy_no_mem.h_fltr_4_left^vidin_out_reg_f3~2_FF.D[0] (.latch)                                   0.000     0.124
data arrival time                                                                                                       0.124

clock sv_chip2_hierarchy_no_mem^tm3_clk_v0 (rise edge)                                                        0.000     0.000
clock source latency                                                                                          0.000     0.000
sv_chip2_hierarchy_no_mem^tm3_clk_v0.inpad[0] (.input)                                                        0.000     0.000
sv_chip2_hierarchy_no_mem.h_fltr_4_left^vidin_out_reg_f3~2_FF.clk[0] (.latch)                                 0.000     0.000
clock uncertainty                                                                                             0.000     0.000
cell hold time                                                                                                0.066     0.066
data required time                                                                                                      0.066
-----------------------------------------------------------------------------------------------------------------------------
data required time                                                                                                     -0.066
data arrival time                                                                                                       0.124
-----------------------------------------------------------------------------------------------------------------------------
slack (MET)                                                                                                             0.058


#Path 17
Startpoint: sv_chip2_hierarchy_no_mem.h_fltr_2_right.my_steer_fltr_inst^f3_reg~16_FF.Q[0] (.latch clocked by sv_chip2_hierarchy_no_mem^tm3_clk_v0)
Endpoint  : sv_chip2_hierarchy_no_mem.h_fltr_2_right.my_steer_fltr_inst^re_p_tmp_2~16_FF.D[0] (.latch clocked by sv_chip2_hierarchy_no_mem^tm3_clk_v0)
Path Type : hold

Point                                                                                                               Incr      Path
----------------------------------------------------------------------------------------------------------------------------------
clock sv_chip2_hierarchy_no_mem^tm3_clk_v0 (rise edge)                                                             0.000     0.000
clock source latency                                                                                               0.000     0.000
sv_chip2_hierarchy_no_mem^tm3_clk_v0.inpad[0] (.input)                                                             0.000     0.000
sv_chip2_hierarchy_no_mem.h_fltr_2_right.my_steer_fltr_inst^f3_reg~16_FF.clk[0] (.latch)                           0.000     0.000
sv_chip2_hierarchy_no_mem.h_fltr_2_right.my_steer_fltr_inst^f3_reg~16_FF.Q[0] (.latch) [clock-to-output]           0.124     0.124
sv_chip2_hierarchy_no_mem.h_fltr_2_right.my_steer_fltr_inst^re_p_tmp_2~16_FF.D[0] (.latch)                         0.000     0.124
data arrival time                                                                                                            0.124

clock sv_chip2_hierarchy_no_mem^tm3_clk_v0 (rise edge)                                                             0.000     0.000
clock source latency                                                                                               0.000     0.000
sv_chip2_hierarchy_no_mem^tm3_clk_v0.inpad[0] (.input)                                                             0.000     0.000
sv_chip2_hierarchy_no_mem.h_fltr_2_right.my_steer_fltr_inst^re_p_tmp_2~16_FF.clk[0] (.latch)                       0.000     0.000
clock uncertainty                                                                                                  0.000     0.000
cell hold time                                                                                                     0.066     0.066
data required time                                                                                                           0.066
----------------------------------------------------------------------------------------------------------------------------------
data required time                                                                                                          -0.066
data arrival time                                                                                                            0.124
----------------------------------------------------------------------------------------------------------------------------------
slack (MET)                                                                                                                  0.058


#Path 18
Startpoint: sv_chip2_hierarchy_no_mem.h_fltr_4_left.your_instance_name_f3^dout~3_FF.Q[0] (.latch clocked by sv_chip2_hierarchy_no_mem^tm3_clk_v0)
Endpoint  : sv_chip2_hierarchy_no_mem.h_fltr_4_left^vidin_out_reg_f3~3_FF.D[0] (.latch clocked by sv_chip2_hierarchy_no_mem^tm3_clk_v0)
Path Type : hold

Point                                                                                                          Incr      Path
-----------------------------------------------------------------------------------------------------------------------------
clock sv_chip2_hierarchy_no_mem^tm3_clk_v0 (rise edge)                                                        0.000     0.000
clock source latency                                                                                          0.000     0.000
sv_chip2_hierarchy_no_mem^tm3_clk_v0.inpad[0] (.input)                                                        0.000     0.000
sv_chip2_hierarchy_no_mem.h_fltr_4_left.your_instance_name_f3^dout~3_FF.clk[0] (.latch)                       0.000     0.000
sv_chip2_hierarchy_no_mem.h_fltr_4_left.your_instance_name_f3^dout~3_FF.Q[0] (.latch) [clock-to-output]       0.124     0.124
sv_chip2_hierarchy_no_mem.h_fltr_4_left^vidin_out_reg_f3~3_FF.D[0] (.latch)                                   0.000     0.124
data arrival time                                                                                                       0.124

clock sv_chip2_hierarchy_no_mem^tm3_clk_v0 (rise edge)                                                        0.000     0.000
clock source latency                                                                                          0.000     0.000
sv_chip2_hierarchy_no_mem^tm3_clk_v0.inpad[0] (.input)                                                        0.000     0.000
sv_chip2_hierarchy_no_mem.h_fltr_4_left^vidin_out_reg_f3~3_FF.clk[0] (.latch)                                 0.000     0.000
clock uncertainty                                                                                             0.000     0.000
cell hold time                                                                                                0.066     0.066
data required time                                                                                                      0.066
-----------------------------------------------------------------------------------------------------------------------------
data required time                                                                                                     -0.066
data arrival time                                                                                                       0.124
-----------------------------------------------------------------------------------------------------------------------------
slack (MET)                                                                                                             0.058


#Path 19
Startpoint: sv_chip2_hierarchy_no_mem.h_fltr_2_right.my_steer_fltr_inst^f3_reg~22_FF.Q[0] (.latch clocked by sv_chip2_hierarchy_no_mem^tm3_clk_v0)
Endpoint  : sv_chip2_hierarchy_no_mem.h_fltr_2_right.my_steer_fltr_inst^re_p_tmp_2~22_FF.D[0] (.latch clocked by sv_chip2_hierarchy_no_mem^tm3_clk_v0)
Path Type : hold

Point                                                                                                               Incr      Path
----------------------------------------------------------------------------------------------------------------------------------
clock sv_chip2_hierarchy_no_mem^tm3_clk_v0 (rise edge)                                                             0.000     0.000
clock source latency                                                                                               0.000     0.000
sv_chip2_hierarchy_no_mem^tm3_clk_v0.inpad[0] (.input)                                                             0.000     0.000
sv_chip2_hierarchy_no_mem.h_fltr_2_right.my_steer_fltr_inst^f3_reg~22_FF.clk[0] (.latch)                           0.000     0.000
sv_chip2_hierarchy_no_mem.h_fltr_2_right.my_steer_fltr_inst^f3_reg~22_FF.Q[0] (.latch) [clock-to-output]           0.124     0.124
sv_chip2_hierarchy_no_mem.h_fltr_2_right.my_steer_fltr_inst^re_p_tmp_2~22_FF.D[0] (.latch)                         0.000     0.124
data arrival time                                                                                                            0.124

clock sv_chip2_hierarchy_no_mem^tm3_clk_v0 (rise edge)                                                             0.000     0.000
clock source latency                                                                                               0.000     0.000
sv_chip2_hierarchy_no_mem^tm3_clk_v0.inpad[0] (.input)                                                             0.000     0.000
sv_chip2_hierarchy_no_mem.h_fltr_2_right.my_steer_fltr_inst^re_p_tmp_2~22_FF.clk[0] (.latch)                       0.000     0.000
clock uncertainty                                                                                                  0.000     0.000
cell hold time                                                                                                     0.066     0.066
data required time                                                                                                           0.066
----------------------------------------------------------------------------------------------------------------------------------
data required time                                                                                                          -0.066
data arrival time                                                                                                            0.124
----------------------------------------------------------------------------------------------------------------------------------
slack (MET)                                                                                                                  0.058


#Path 20
Startpoint: sv_chip2_hierarchy_no_mem.v_fltr_4_left.inst_fltr_compute_f2^d_out_tmp~4_FF.Q[0] (.latch clocked by sv_chip2_hierarchy_no_mem^tm3_clk_v0)
Endpoint  : lo05793.D[0] (.latch clocked by sv_chip2_hierarchy_no_mem^tm3_clk_v0)
Path Type : hold

Point                                                                                                              Incr      Path
---------------------------------------------------------------------------------------------------------------------------------
clock sv_chip2_hierarchy_no_mem^tm3_clk_v0 (rise edge)                                                            0.000     0.000
clock source latency                                                                                              0.000     0.000
sv_chip2_hierarchy_no_mem^tm3_clk_v0.inpad[0] (.input)                                                            0.000     0.000
sv_chip2_hierarchy_no_mem.v_fltr_4_left.inst_fltr_compute_f2^d_out_tmp~4_FF.clk[0] (.latch)                       0.000     0.000
sv_chip2_hierarchy_no_mem.v_fltr_4_left.inst_fltr_compute_f2^d_out_tmp~4_FF.Q[0] (.latch) [clock-to-output]       0.124     0.124
lo05793.D[0] (.latch)                                                                                             0.000     0.124
data arrival time                                                                                                           0.124

clock sv_chip2_hierarchy_no_mem^tm3_clk_v0 (rise edge)                                                            0.000     0.000
clock source latency                                                                                              0.000     0.000
sv_chip2_hierarchy_no_mem^tm3_clk_v0.inpad[0] (.input)                                                            0.000     0.000
lo05793.clk[0] (.latch)                                                                                           0.000     0.000
clock uncertainty                                                                                                 0.000     0.000
cell hold time                                                                                                    0.066     0.066
data required time                                                                                                          0.066
---------------------------------------------------------------------------------------------------------------------------------
data required time                                                                                                         -0.066
data arrival time                                                                                                           0.124
---------------------------------------------------------------------------------------------------------------------------------
slack (MET)                                                                                                                 0.058


#Path 21
Startpoint: sv_chip2_hierarchy_no_mem.h_fltr_4_left.my_steer_fltr_inst^f1_reg~27_FF.Q[0] (.latch clocked by sv_chip2_hierarchy_no_mem^tm3_clk_v0)
Endpoint  : sv_chip2_hierarchy_no_mem.h_fltr_4_left.my_steer_fltr_inst^re_p_tmp_1~28_FF.D[0] (.latch clocked by sv_chip2_hierarchy_no_mem^tm3_clk_v0)
Path Type : hold

Point                                                                                                              Incr      Path
---------------------------------------------------------------------------------------------------------------------------------
clock sv_chip2_hierarchy_no_mem^tm3_clk_v0 (rise edge)                                                            0.000     0.000
clock source latency                                                                                              0.000     0.000
sv_chip2_hierarchy_no_mem^tm3_clk_v0.inpad[0] (.input)                                                            0.000     0.000
sv_chip2_hierarchy_no_mem.h_fltr_4_left.my_steer_fltr_inst^f1_reg~27_FF.clk[0] (.latch)                           0.000     0.000
sv_chip2_hierarchy_no_mem.h_fltr_4_left.my_steer_fltr_inst^f1_reg~27_FF.Q[0] (.latch) [clock-to-output]           0.124     0.124
sv_chip2_hierarchy_no_mem.h_fltr_4_left.my_steer_fltr_inst^re_p_tmp_1~28_FF.D[0] (.latch)                         0.000     0.124
data arrival time                                                                                                           0.124

clock sv_chip2_hierarchy_no_mem^tm3_clk_v0 (rise edge)                                                            0.000     0.000
clock source latency                                                                                              0.000     0.000
sv_chip2_hierarchy_no_mem^tm3_clk_v0.inpad[0] (.input)                                                            0.000     0.000
sv_chip2_hierarchy_no_mem.h_fltr_4_left.my_steer_fltr_inst^re_p_tmp_1~28_FF.clk[0] (.latch)                       0.000     0.000
clock uncertainty                                                                                                 0.000     0.000
cell hold time                                                                                                    0.066     0.066
data required time                                                                                                          0.066
---------------------------------------------------------------------------------------------------------------------------------
data required time                                                                                                         -0.066
data arrival time                                                                                                           0.124
---------------------------------------------------------------------------------------------------------------------------------
slack (MET)                                                                                                                 0.058


#Path 22
Startpoint: sv_chip2_hierarchy_no_mem.h_fltr_4_left.your_instance_name_f1^dout~27_FF.Q[0] (.latch clocked by sv_chip2_hierarchy_no_mem^tm3_clk_v0)
Endpoint  : sv_chip2_hierarchy_no_mem.h_fltr_4_left^vidin_out_reg_f1~27_FF.D[0] (.latch clocked by sv_chip2_hierarchy_no_mem^tm3_clk_v0)
Path Type : hold

Point                                                                                                           Incr      Path
------------------------------------------------------------------------------------------------------------------------------
clock sv_chip2_hierarchy_no_mem^tm3_clk_v0 (rise edge)                                                         0.000     0.000
clock source latency                                                                                           0.000     0.000
sv_chip2_hierarchy_no_mem^tm3_clk_v0.inpad[0] (.input)                                                         0.000     0.000
sv_chip2_hierarchy_no_mem.h_fltr_4_left.your_instance_name_f1^dout~27_FF.clk[0] (.latch)                       0.000     0.000
sv_chip2_hierarchy_no_mem.h_fltr_4_left.your_instance_name_f1^dout~27_FF.Q[0] (.latch) [clock-to-output]       0.124     0.124
sv_chip2_hierarchy_no_mem.h_fltr_4_left^vidin_out_reg_f1~27_FF.D[0] (.latch)                                   0.000     0.124
data arrival time                                                                                                        0.124

clock sv_chip2_hierarchy_no_mem^tm3_clk_v0 (rise edge)                                                         0.000     0.000
clock source latency                                                                                           0.000     0.000
sv_chip2_hierarchy_no_mem^tm3_clk_v0.inpad[0] (.input)                                                         0.000     0.000
sv_chip2_hierarchy_no_mem.h_fltr_4_left^vidin_out_reg_f1~27_FF.clk[0] (.latch)                                 0.000     0.000
clock uncertainty                                                                                              0.000     0.000
cell hold time                                                                                                 0.066     0.066
data required time                                                                                                       0.066
------------------------------------------------------------------------------------------------------------------------------
data required time                                                                                                      -0.066
data arrival time                                                                                                        0.124
------------------------------------------------------------------------------------------------------------------------------
slack (MET)                                                                                                              0.058


#Path 23
Startpoint: sv_chip2_hierarchy_no_mem.h_fltr_4_left.my_steer_fltr_inst^f1_reg~26_FF.Q[0] (.latch clocked by sv_chip2_hierarchy_no_mem^tm3_clk_v0)
Endpoint  : sv_chip2_hierarchy_no_mem.h_fltr_4_left.my_steer_fltr_inst^re_p_tmp_1~25_FF.D[0] (.latch clocked by sv_chip2_hierarchy_no_mem^tm3_clk_v0)
Path Type : hold

Point                                                                                                              Incr      Path
---------------------------------------------------------------------------------------------------------------------------------
clock sv_chip2_hierarchy_no_mem^tm3_clk_v0 (rise edge)                                                            0.000     0.000
clock source latency                                                                                              0.000     0.000
sv_chip2_hierarchy_no_mem^tm3_clk_v0.inpad[0] (.input)                                                            0.000     0.000
sv_chip2_hierarchy_no_mem.h_fltr_4_left.my_steer_fltr_inst^f1_reg~26_FF.clk[0] (.latch)                           0.000     0.000
sv_chip2_hierarchy_no_mem.h_fltr_4_left.my_steer_fltr_inst^f1_reg~26_FF.Q[0] (.latch) [clock-to-output]           0.124     0.124
sv_chip2_hierarchy_no_mem.h_fltr_4_left.my_steer_fltr_inst^re_p_tmp_1~25_FF.D[0] (.latch)                         0.000     0.124
data arrival time                                                                                                           0.124

clock sv_chip2_hierarchy_no_mem^tm3_clk_v0 (rise edge)                                                            0.000     0.000
clock source latency                                                                                              0.000     0.000
sv_chip2_hierarchy_no_mem^tm3_clk_v0.inpad[0] (.input)                                                            0.000     0.000
sv_chip2_hierarchy_no_mem.h_fltr_4_left.my_steer_fltr_inst^re_p_tmp_1~25_FF.clk[0] (.latch)                       0.000     0.000
clock uncertainty                                                                                                 0.000     0.000
cell hold time                                                                                                    0.066     0.066
data required time                                                                                                          0.066
---------------------------------------------------------------------------------------------------------------------------------
data required time                                                                                                         -0.066
data arrival time                                                                                                           0.124
---------------------------------------------------------------------------------------------------------------------------------
slack (MET)                                                                                                                 0.058


#Path 24
Startpoint: sv_chip2_hierarchy_no_mem.h_fltr_4_left.your_instance_name_f1^dout~26_FF.Q[0] (.latch clocked by sv_chip2_hierarchy_no_mem^tm3_clk_v0)
Endpoint  : sv_chip2_hierarchy_no_mem.h_fltr_4_left^vidin_out_reg_f1~26_FF.D[0] (.latch clocked by sv_chip2_hierarchy_no_mem^tm3_clk_v0)
Path Type : hold

Point                                                                                                           Incr      Path
------------------------------------------------------------------------------------------------------------------------------
clock sv_chip2_hierarchy_no_mem^tm3_clk_v0 (rise edge)                                                         0.000     0.000
clock source latency                                                                                           0.000     0.000
sv_chip2_hierarchy_no_mem^tm3_clk_v0.inpad[0] (.input)                                                         0.000     0.000
sv_chip2_hierarchy_no_mem.h_fltr_4_left.your_instance_name_f1^dout~26_FF.clk[0] (.latch)                       0.000     0.000
sv_chip2_hierarchy_no_mem.h_fltr_4_left.your_instance_name_f1^dout~26_FF.Q[0] (.latch) [clock-to-output]       0.124     0.124
sv_chip2_hierarchy_no_mem.h_fltr_4_left^vidin_out_reg_f1~26_FF.D[0] (.latch)                                   0.000     0.124
data arrival time                                                                                                        0.124

clock sv_chip2_hierarchy_no_mem^tm3_clk_v0 (rise edge)                                                         0.000     0.000
clock source latency                                                                                           0.000     0.000
sv_chip2_hierarchy_no_mem^tm3_clk_v0.inpad[0] (.input)                                                         0.000     0.000
sv_chip2_hierarchy_no_mem.h_fltr_4_left^vidin_out_reg_f1~26_FF.clk[0] (.latch)                                 0.000     0.000
clock uncertainty                                                                                              0.000     0.000
cell hold time                                                                                                 0.066     0.066
data required time                                                                                                       0.066
------------------------------------------------------------------------------------------------------------------------------
data required time                                                                                                      -0.066
data arrival time                                                                                                        0.124
------------------------------------------------------------------------------------------------------------------------------
slack (MET)                                                                                                              0.058


#Path 25
Startpoint: sv_chip2_hierarchy_no_mem.h_fltr_4_left.my_steer_fltr_inst^f1_reg~25_FF.Q[0] (.latch clocked by sv_chip2_hierarchy_no_mem^tm3_clk_v0)
Endpoint  : sv_chip2_hierarchy_no_mem.h_fltr_4_left.my_steer_fltr_inst^re_p_tmp_1~24_FF.D[0] (.latch clocked by sv_chip2_hierarchy_no_mem^tm3_clk_v0)
Path Type : hold

Point                                                                                                              Incr      Path
---------------------------------------------------------------------------------------------------------------------------------
clock sv_chip2_hierarchy_no_mem^tm3_clk_v0 (rise edge)                                                            0.000     0.000
clock source latency                                                                                              0.000     0.000
sv_chip2_hierarchy_no_mem^tm3_clk_v0.inpad[0] (.input)                                                            0.000     0.000
sv_chip2_hierarchy_no_mem.h_fltr_4_left.my_steer_fltr_inst^f1_reg~25_FF.clk[0] (.latch)                           0.000     0.000
sv_chip2_hierarchy_no_mem.h_fltr_4_left.my_steer_fltr_inst^f1_reg~25_FF.Q[0] (.latch) [clock-to-output]           0.124     0.124
sv_chip2_hierarchy_no_mem.h_fltr_4_left.my_steer_fltr_inst^re_p_tmp_1~24_FF.D[0] (.latch)                         0.000     0.124
data arrival time                                                                                                           0.124

clock sv_chip2_hierarchy_no_mem^tm3_clk_v0 (rise edge)                                                            0.000     0.000
clock source latency                                                                                              0.000     0.000
sv_chip2_hierarchy_no_mem^tm3_clk_v0.inpad[0] (.input)                                                            0.000     0.000
sv_chip2_hierarchy_no_mem.h_fltr_4_left.my_steer_fltr_inst^re_p_tmp_1~24_FF.clk[0] (.latch)                       0.000     0.000
clock uncertainty                                                                                                 0.000     0.000
cell hold time                                                                                                    0.066     0.066
data required time                                                                                                          0.066
---------------------------------------------------------------------------------------------------------------------------------
data required time                                                                                                         -0.066
data arrival time                                                                                                           0.124
---------------------------------------------------------------------------------------------------------------------------------
slack (MET)                                                                                                                 0.058


#Path 26
Startpoint: sv_chip2_hierarchy_no_mem.h_fltr_2_right.your_instance_name_f3^dout~23_FF.Q[0] (.latch clocked by sv_chip2_hierarchy_no_mem^tm3_clk_v0)
Endpoint  : sv_chip2_hierarchy_no_mem.h_fltr_2_right^vidin_out_reg_f3~23_FF.D[0] (.latch clocked by sv_chip2_hierarchy_no_mem^tm3_clk_v0)
Path Type : hold

Point                                                                                                            Incr      Path
-------------------------------------------------------------------------------------------------------------------------------
clock sv_chip2_hierarchy_no_mem^tm3_clk_v0 (rise edge)                                                          0.000     0.000
clock source latency                                                                                            0.000     0.000
sv_chip2_hierarchy_no_mem^tm3_clk_v0.inpad[0] (.input)                                                          0.000     0.000
sv_chip2_hierarchy_no_mem.h_fltr_2_right.your_instance_name_f3^dout~23_FF.clk[0] (.latch)                       0.000     0.000
sv_chip2_hierarchy_no_mem.h_fltr_2_right.your_instance_name_f3^dout~23_FF.Q[0] (.latch) [clock-to-output]       0.124     0.124
sv_chip2_hierarchy_no_mem.h_fltr_2_right^vidin_out_reg_f3~23_FF.D[0] (.latch)                                   0.000     0.124
data arrival time                                                                                                         0.124

clock sv_chip2_hierarchy_no_mem^tm3_clk_v0 (rise edge)                                                          0.000     0.000
clock source latency                                                                                            0.000     0.000
sv_chip2_hierarchy_no_mem^tm3_clk_v0.inpad[0] (.input)                                                          0.000     0.000
sv_chip2_hierarchy_no_mem.h_fltr_2_right^vidin_out_reg_f3~23_FF.clk[0] (.latch)                                 0.000     0.000
clock uncertainty                                                                                               0.000     0.000
cell hold time                                                                                                  0.066     0.066
data required time                                                                                                        0.066
-------------------------------------------------------------------------------------------------------------------------------
data required time                                                                                                       -0.066
data arrival time                                                                                                         0.124
-------------------------------------------------------------------------------------------------------------------------------
slack (MET)                                                                                                               0.058


#Path 27
Startpoint: sv_chip2_hierarchy_no_mem.h_fltr_2_right.your_instance_name_f3^dout~24_FF.Q[0] (.latch clocked by sv_chip2_hierarchy_no_mem^tm3_clk_v0)
Endpoint  : sv_chip2_hierarchy_no_mem.h_fltr_2_right^vidin_out_reg_f3~24_FF.D[0] (.latch clocked by sv_chip2_hierarchy_no_mem^tm3_clk_v0)
Path Type : hold

Point                                                                                                            Incr      Path
-------------------------------------------------------------------------------------------------------------------------------
clock sv_chip2_hierarchy_no_mem^tm3_clk_v0 (rise edge)                                                          0.000     0.000
clock source latency                                                                                            0.000     0.000
sv_chip2_hierarchy_no_mem^tm3_clk_v0.inpad[0] (.input)                                                          0.000     0.000
sv_chip2_hierarchy_no_mem.h_fltr_2_right.your_instance_name_f3^dout~24_FF.clk[0] (.latch)                       0.000     0.000
sv_chip2_hierarchy_no_mem.h_fltr_2_right.your_instance_name_f3^dout~24_FF.Q[0] (.latch) [clock-to-output]       0.124     0.124
sv_chip2_hierarchy_no_mem.h_fltr_2_right^vidin_out_reg_f3~24_FF.D[0] (.latch)                                   0.000     0.124
data arrival time                                                                                                         0.124

clock sv_chip2_hierarchy_no_mem^tm3_clk_v0 (rise edge)                                                          0.000     0.000
clock source latency                                                                                            0.000     0.000
sv_chip2_hierarchy_no_mem^tm3_clk_v0.inpad[0] (.input)                                                          0.000     0.000
sv_chip2_hierarchy_no_mem.h_fltr_2_right^vidin_out_reg_f3~24_FF.clk[0] (.latch)                                 0.000     0.000
clock uncertainty                                                                                               0.000     0.000
cell hold time                                                                                                  0.066     0.066
data required time                                                                                                        0.066
-------------------------------------------------------------------------------------------------------------------------------
data required time                                                                                                       -0.066
data arrival time                                                                                                         0.124
-------------------------------------------------------------------------------------------------------------------------------
slack (MET)                                                                                                               0.058


#Path 28
Startpoint: sv_chip2_hierarchy_no_mem.h_fltr_4_left.your_instance_name_f1^dout~24_FF.Q[0] (.latch clocked by sv_chip2_hierarchy_no_mem^tm3_clk_v0)
Endpoint  : sv_chip2_hierarchy_no_mem.h_fltr_4_left^vidin_out_reg_f1~24_FF.D[0] (.latch clocked by sv_chip2_hierarchy_no_mem^tm3_clk_v0)
Path Type : hold

Point                                                                                                           Incr      Path
------------------------------------------------------------------------------------------------------------------------------
clock sv_chip2_hierarchy_no_mem^tm3_clk_v0 (rise edge)                                                         0.000     0.000
clock source latency                                                                                           0.000     0.000
sv_chip2_hierarchy_no_mem^tm3_clk_v0.inpad[0] (.input)                                                         0.000     0.000
sv_chip2_hierarchy_no_mem.h_fltr_4_left.your_instance_name_f1^dout~24_FF.clk[0] (.latch)                       0.000     0.000
sv_chip2_hierarchy_no_mem.h_fltr_4_left.your_instance_name_f1^dout~24_FF.Q[0] (.latch) [clock-to-output]       0.124     0.124
sv_chip2_hierarchy_no_mem.h_fltr_4_left^vidin_out_reg_f1~24_FF.D[0] (.latch)                                   0.000     0.124
data arrival time                                                                                                        0.124

clock sv_chip2_hierarchy_no_mem^tm3_clk_v0 (rise edge)                                                         0.000     0.000
clock source latency                                                                                           0.000     0.000
sv_chip2_hierarchy_no_mem^tm3_clk_v0.inpad[0] (.input)                                                         0.000     0.000
sv_chip2_hierarchy_no_mem.h_fltr_4_left^vidin_out_reg_f1~24_FF.clk[0] (.latch)                                 0.000     0.000
clock uncertainty                                                                                              0.000     0.000
cell hold time                                                                                                 0.066     0.066
data required time                                                                                                       0.066
------------------------------------------------------------------------------------------------------------------------------
data required time                                                                                                      -0.066
data arrival time                                                                                                        0.124
------------------------------------------------------------------------------------------------------------------------------
slack (MET)                                                                                                              0.058


#Path 29
Startpoint: sv_chip2_hierarchy_no_mem.h_fltr_4_left.my_steer_fltr_inst^f1_reg~23_FF.Q[0] (.latch clocked by sv_chip2_hierarchy_no_mem^tm3_clk_v0)
Endpoint  : sv_chip2_hierarchy_no_mem.h_fltr_4_left.my_steer_fltr_inst^re_p_tmp_1~22_FF.D[0] (.latch clocked by sv_chip2_hierarchy_no_mem^tm3_clk_v0)
Path Type : hold

Point                                                                                                              Incr      Path
---------------------------------------------------------------------------------------------------------------------------------
clock sv_chip2_hierarchy_no_mem^tm3_clk_v0 (rise edge)                                                            0.000     0.000
clock source latency                                                                                              0.000     0.000
sv_chip2_hierarchy_no_mem^tm3_clk_v0.inpad[0] (.input)                                                            0.000     0.000
sv_chip2_hierarchy_no_mem.h_fltr_4_left.my_steer_fltr_inst^f1_reg~23_FF.clk[0] (.latch)                           0.000     0.000
sv_chip2_hierarchy_no_mem.h_fltr_4_left.my_steer_fltr_inst^f1_reg~23_FF.Q[0] (.latch) [clock-to-output]           0.124     0.124
sv_chip2_hierarchy_no_mem.h_fltr_4_left.my_steer_fltr_inst^re_p_tmp_1~22_FF.D[0] (.latch)                         0.000     0.124
data arrival time                                                                                                           0.124

clock sv_chip2_hierarchy_no_mem^tm3_clk_v0 (rise edge)                                                            0.000     0.000
clock source latency                                                                                              0.000     0.000
sv_chip2_hierarchy_no_mem^tm3_clk_v0.inpad[0] (.input)                                                            0.000     0.000
sv_chip2_hierarchy_no_mem.h_fltr_4_left.my_steer_fltr_inst^re_p_tmp_1~22_FF.clk[0] (.latch)                       0.000     0.000
clock uncertainty                                                                                                 0.000     0.000
cell hold time                                                                                                    0.066     0.066
data required time                                                                                                          0.066
---------------------------------------------------------------------------------------------------------------------------------
data required time                                                                                                         -0.066
data arrival time                                                                                                           0.124
---------------------------------------------------------------------------------------------------------------------------------
slack (MET)                                                                                                                 0.058


#Path 30
Startpoint: sv_chip2_hierarchy_no_mem.h_fltr_4_left.your_instance_name_f1^dout~23_FF.Q[0] (.latch clocked by sv_chip2_hierarchy_no_mem^tm3_clk_v0)
Endpoint  : sv_chip2_hierarchy_no_mem.h_fltr_4_left^vidin_out_reg_f1~23_FF.D[0] (.latch clocked by sv_chip2_hierarchy_no_mem^tm3_clk_v0)
Path Type : hold

Point                                                                                                           Incr      Path
------------------------------------------------------------------------------------------------------------------------------
clock sv_chip2_hierarchy_no_mem^tm3_clk_v0 (rise edge)                                                         0.000     0.000
clock source latency                                                                                           0.000     0.000
sv_chip2_hierarchy_no_mem^tm3_clk_v0.inpad[0] (.input)                                                         0.000     0.000
sv_chip2_hierarchy_no_mem.h_fltr_4_left.your_instance_name_f1^dout~23_FF.clk[0] (.latch)                       0.000     0.000
sv_chip2_hierarchy_no_mem.h_fltr_4_left.your_instance_name_f1^dout~23_FF.Q[0] (.latch) [clock-to-output]       0.124     0.124
sv_chip2_hierarchy_no_mem.h_fltr_4_left^vidin_out_reg_f1~23_FF.D[0] (.latch)                                   0.000     0.124
data arrival time                                                                                                        0.124

clock sv_chip2_hierarchy_no_mem^tm3_clk_v0 (rise edge)                                                         0.000     0.000
clock source latency                                                                                           0.000     0.000
sv_chip2_hierarchy_no_mem^tm3_clk_v0.inpad[0] (.input)                                                         0.000     0.000
sv_chip2_hierarchy_no_mem.h_fltr_4_left^vidin_out_reg_f1~23_FF.clk[0] (.latch)                                 0.000     0.000
clock uncertainty                                                                                              0.000     0.000
cell hold time                                                                                                 0.066     0.066
data required time                                                                                                       0.066
------------------------------------------------------------------------------------------------------------------------------
data required time                                                                                                      -0.066
data arrival time                                                                                                        0.124
------------------------------------------------------------------------------------------------------------------------------
slack (MET)                                                                                                              0.058


#Path 31
Startpoint: sv_chip2_hierarchy_no_mem.h_fltr_4_left.my_steer_fltr_inst^f1_reg~22_FF.Q[0] (.latch clocked by sv_chip2_hierarchy_no_mem^tm3_clk_v0)
Endpoint  : sv_chip2_hierarchy_no_mem.h_fltr_4_left.my_steer_fltr_inst^re_p_tmp_1~21_FF.D[0] (.latch clocked by sv_chip2_hierarchy_no_mem^tm3_clk_v0)
Path Type : hold

Point                                                                                                              Incr      Path
---------------------------------------------------------------------------------------------------------------------------------
clock sv_chip2_hierarchy_no_mem^tm3_clk_v0 (rise edge)                                                            0.000     0.000
clock source latency                                                                                              0.000     0.000
sv_chip2_hierarchy_no_mem^tm3_clk_v0.inpad[0] (.input)                                                            0.000     0.000
sv_chip2_hierarchy_no_mem.h_fltr_4_left.my_steer_fltr_inst^f1_reg~22_FF.clk[0] (.latch)                           0.000     0.000
sv_chip2_hierarchy_no_mem.h_fltr_4_left.my_steer_fltr_inst^f1_reg~22_FF.Q[0] (.latch) [clock-to-output]           0.124     0.124
sv_chip2_hierarchy_no_mem.h_fltr_4_left.my_steer_fltr_inst^re_p_tmp_1~21_FF.D[0] (.latch)                         0.000     0.124
data arrival time                                                                                                           0.124

clock sv_chip2_hierarchy_no_mem^tm3_clk_v0 (rise edge)                                                            0.000     0.000
clock source latency                                                                                              0.000     0.000
sv_chip2_hierarchy_no_mem^tm3_clk_v0.inpad[0] (.input)                                                            0.000     0.000
sv_chip2_hierarchy_no_mem.h_fltr_4_left.my_steer_fltr_inst^re_p_tmp_1~21_FF.clk[0] (.latch)                       0.000     0.000
clock uncertainty                                                                                                 0.000     0.000
cell hold time                                                                                                    0.066     0.066
data required time                                                                                                          0.066
---------------------------------------------------------------------------------------------------------------------------------
data required time                                                                                                         -0.066
data arrival time                                                                                                           0.124
---------------------------------------------------------------------------------------------------------------------------------
slack (MET)                                                                                                                 0.058


#Path 32
Startpoint: sv_chip2_hierarchy_no_mem.h_fltr_4_left.your_instance_name_f1^dout~22_FF.Q[0] (.latch clocked by sv_chip2_hierarchy_no_mem^tm3_clk_v0)
Endpoint  : sv_chip2_hierarchy_no_mem.h_fltr_4_left^vidin_out_reg_f1~22_FF.D[0] (.latch clocked by sv_chip2_hierarchy_no_mem^tm3_clk_v0)
Path Type : hold

Point                                                                                                           Incr      Path
------------------------------------------------------------------------------------------------------------------------------
clock sv_chip2_hierarchy_no_mem^tm3_clk_v0 (rise edge)                                                         0.000     0.000
clock source latency                                                                                           0.000     0.000
sv_chip2_hierarchy_no_mem^tm3_clk_v0.inpad[0] (.input)                                                         0.000     0.000
sv_chip2_hierarchy_no_mem.h_fltr_4_left.your_instance_name_f1^dout~22_FF.clk[0] (.latch)                       0.000     0.000
sv_chip2_hierarchy_no_mem.h_fltr_4_left.your_instance_name_f1^dout~22_FF.Q[0] (.latch) [clock-to-output]       0.124     0.124
sv_chip2_hierarchy_no_mem.h_fltr_4_left^vidin_out_reg_f1~22_FF.D[0] (.latch)                                   0.000     0.124
data arrival time                                                                                                        0.124

clock sv_chip2_hierarchy_no_mem^tm3_clk_v0 (rise edge)                                                         0.000     0.000
clock source latency                                                                                           0.000     0.000
sv_chip2_hierarchy_no_mem^tm3_clk_v0.inpad[0] (.input)                                                         0.000     0.000
sv_chip2_hierarchy_no_mem.h_fltr_4_left^vidin_out_reg_f1~22_FF.clk[0] (.latch)                                 0.000     0.000
clock uncertainty                                                                                              0.000     0.000
cell hold time                                                                                                 0.066     0.066
data required time                                                                                                       0.066
------------------------------------------------------------------------------------------------------------------------------
data required time                                                                                                      -0.066
data arrival time                                                                                                        0.124
------------------------------------------------------------------------------------------------------------------------------
slack (MET)                                                                                                              0.058


#Path 33
Startpoint: sv_chip2_hierarchy_no_mem.h_fltr_4_left.my_steer_fltr_inst^f1_reg~21_FF.Q[0] (.latch clocked by sv_chip2_hierarchy_no_mem^tm3_clk_v0)
Endpoint  : sv_chip2_hierarchy_no_mem.h_fltr_4_left.my_steer_fltr_inst^re_p_tmp_1~20_FF.D[0] (.latch clocked by sv_chip2_hierarchy_no_mem^tm3_clk_v0)
Path Type : hold

Point                                                                                                              Incr      Path
---------------------------------------------------------------------------------------------------------------------------------
clock sv_chip2_hierarchy_no_mem^tm3_clk_v0 (rise edge)                                                            0.000     0.000
clock source latency                                                                                              0.000     0.000
sv_chip2_hierarchy_no_mem^tm3_clk_v0.inpad[0] (.input)                                                            0.000     0.000
sv_chip2_hierarchy_no_mem.h_fltr_4_left.my_steer_fltr_inst^f1_reg~21_FF.clk[0] (.latch)                           0.000     0.000
sv_chip2_hierarchy_no_mem.h_fltr_4_left.my_steer_fltr_inst^f1_reg~21_FF.Q[0] (.latch) [clock-to-output]           0.124     0.124
sv_chip2_hierarchy_no_mem.h_fltr_4_left.my_steer_fltr_inst^re_p_tmp_1~20_FF.D[0] (.latch)                         0.000     0.124
data arrival time                                                                                                           0.124

clock sv_chip2_hierarchy_no_mem^tm3_clk_v0 (rise edge)                                                            0.000     0.000
clock source latency                                                                                              0.000     0.000
sv_chip2_hierarchy_no_mem^tm3_clk_v0.inpad[0] (.input)                                                            0.000     0.000
sv_chip2_hierarchy_no_mem.h_fltr_4_left.my_steer_fltr_inst^re_p_tmp_1~20_FF.clk[0] (.latch)                       0.000     0.000
clock uncertainty                                                                                                 0.000     0.000
cell hold time                                                                                                    0.066     0.066
data required time                                                                                                          0.066
---------------------------------------------------------------------------------------------------------------------------------
data required time                                                                                                         -0.066
data arrival time                                                                                                           0.124
---------------------------------------------------------------------------------------------------------------------------------
slack (MET)                                                                                                                 0.058


#Path 34
Startpoint: sv_chip2_hierarchy_no_mem.h_fltr_4_left.your_instance_name_f3^dout~11_FF.Q[0] (.latch clocked by sv_chip2_hierarchy_no_mem^tm3_clk_v0)
Endpoint  : sv_chip2_hierarchy_no_mem.h_fltr_4_left^vidin_out_reg_f3~11_FF.D[0] (.latch clocked by sv_chip2_hierarchy_no_mem^tm3_clk_v0)
Path Type : hold

Point                                                                                                           Incr      Path
------------------------------------------------------------------------------------------------------------------------------
clock sv_chip2_hierarchy_no_mem^tm3_clk_v0 (rise edge)                                                         0.000     0.000
clock source latency                                                                                           0.000     0.000
sv_chip2_hierarchy_no_mem^tm3_clk_v0.inpad[0] (.input)                                                         0.000     0.000
sv_chip2_hierarchy_no_mem.h_fltr_4_left.your_instance_name_f3^dout~11_FF.clk[0] (.latch)                       0.000     0.000
sv_chip2_hierarchy_no_mem.h_fltr_4_left.your_instance_name_f3^dout~11_FF.Q[0] (.latch) [clock-to-output]       0.124     0.124
sv_chip2_hierarchy_no_mem.h_fltr_4_left^vidin_out_reg_f3~11_FF.D[0] (.latch)                                   0.000     0.124
data arrival time                                                                                                        0.124

clock sv_chip2_hierarchy_no_mem^tm3_clk_v0 (rise edge)                                                         0.000     0.000
clock source latency                                                                                           0.000     0.000
sv_chip2_hierarchy_no_mem^tm3_clk_v0.inpad[0] (.input)                                                         0.000     0.000
sv_chip2_hierarchy_no_mem.h_fltr_4_left^vidin_out_reg_f3~11_FF.clk[0] (.latch)                                 0.000     0.000
clock uncertainty                                                                                              0.000     0.000
cell hold time                                                                                                 0.066     0.066
data required time                                                                                                       0.066
------------------------------------------------------------------------------------------------------------------------------
data required time                                                                                                      -0.066
data arrival time                                                                                                        0.124
------------------------------------------------------------------------------------------------------------------------------
slack (MET)                                                                                                              0.058


#Path 35
Startpoint: sv_chip2_hierarchy_no_mem.h_fltr_4_left.my_steer_fltr_inst^f3_reg~18_FF.Q[0] (.latch clocked by sv_chip2_hierarchy_no_mem^tm3_clk_v0)
Endpoint  : sv_chip2_hierarchy_no_mem.h_fltr_4_left.my_steer_fltr_inst^re_p_tmp_2~18_FF.D[0] (.latch clocked by sv_chip2_hierarchy_no_mem^tm3_clk_v0)
Path Type : hold

Point                                                                                                              Incr      Path
---------------------------------------------------------------------------------------------------------------------------------
clock sv_chip2_hierarchy_no_mem^tm3_clk_v0 (rise edge)                                                            0.000     0.000
clock source latency                                                                                              0.000     0.000
sv_chip2_hierarchy_no_mem^tm3_clk_v0.inpad[0] (.input)                                                            0.000     0.000
sv_chip2_hierarchy_no_mem.h_fltr_4_left.my_steer_fltr_inst^f3_reg~18_FF.clk[0] (.latch)                           0.000     0.000
sv_chip2_hierarchy_no_mem.h_fltr_4_left.my_steer_fltr_inst^f3_reg~18_FF.Q[0] (.latch) [clock-to-output]           0.124     0.124
sv_chip2_hierarchy_no_mem.h_fltr_4_left.my_steer_fltr_inst^re_p_tmp_2~18_FF.D[0] (.latch)                         0.000     0.124
data arrival time                                                                                                           0.124

clock sv_chip2_hierarchy_no_mem^tm3_clk_v0 (rise edge)                                                            0.000     0.000
clock source latency                                                                                              0.000     0.000
sv_chip2_hierarchy_no_mem^tm3_clk_v0.inpad[0] (.input)                                                            0.000     0.000
sv_chip2_hierarchy_no_mem.h_fltr_4_left.my_steer_fltr_inst^re_p_tmp_2~18_FF.clk[0] (.latch)                       0.000     0.000
clock uncertainty                                                                                                 0.000     0.000
cell hold time                                                                                                    0.066     0.066
data required time                                                                                                          0.066
---------------------------------------------------------------------------------------------------------------------------------
data required time                                                                                                         -0.066
data arrival time                                                                                                           0.124
---------------------------------------------------------------------------------------------------------------------------------
slack (MET)                                                                                                                 0.058


#Path 36
Startpoint: sv_chip2_hierarchy_no_mem.h_fltr_4_left.your_instance_name_f3^dout~18_FF.Q[0] (.latch clocked by sv_chip2_hierarchy_no_mem^tm3_clk_v0)
Endpoint  : sv_chip2_hierarchy_no_mem.h_fltr_4_left^vidin_out_reg_f3~18_FF.D[0] (.latch clocked by sv_chip2_hierarchy_no_mem^tm3_clk_v0)
Path Type : hold

Point                                                                                                           Incr      Path
------------------------------------------------------------------------------------------------------------------------------
clock sv_chip2_hierarchy_no_mem^tm3_clk_v0 (rise edge)                                                         0.000     0.000
clock source latency                                                                                           0.000     0.000
sv_chip2_hierarchy_no_mem^tm3_clk_v0.inpad[0] (.input)                                                         0.000     0.000
sv_chip2_hierarchy_no_mem.h_fltr_4_left.your_instance_name_f3^dout~18_FF.clk[0] (.latch)                       0.000     0.000
sv_chip2_hierarchy_no_mem.h_fltr_4_left.your_instance_name_f3^dout~18_FF.Q[0] (.latch) [clock-to-output]       0.124     0.124
sv_chip2_hierarchy_no_mem.h_fltr_4_left^vidin_out_reg_f3~18_FF.D[0] (.latch)                                   0.000     0.124
data arrival time                                                                                                        0.124

clock sv_chip2_hierarchy_no_mem^tm3_clk_v0 (rise edge)                                                         0.000     0.000
clock source latency                                                                                           0.000     0.000
sv_chip2_hierarchy_no_mem^tm3_clk_v0.inpad[0] (.input)                                                         0.000     0.000
sv_chip2_hierarchy_no_mem.h_fltr_4_left^vidin_out_reg_f3~18_FF.clk[0] (.latch)                                 0.000     0.000
clock uncertainty                                                                                              0.000     0.000
cell hold time                                                                                                 0.066     0.066
data required time                                                                                                       0.066
------------------------------------------------------------------------------------------------------------------------------
data required time                                                                                                      -0.066
data arrival time                                                                                                        0.124
------------------------------------------------------------------------------------------------------------------------------
slack (MET)                                                                                                              0.058


#Path 37
Startpoint: sv_chip2_hierarchy_no_mem.h_fltr_4_left.my_steer_fltr_inst^f3_reg~17_FF.Q[0] (.latch clocked by sv_chip2_hierarchy_no_mem^tm3_clk_v0)
Endpoint  : sv_chip2_hierarchy_no_mem.h_fltr_4_left.my_steer_fltr_inst^re_p_tmp_2~17_FF.D[0] (.latch clocked by sv_chip2_hierarchy_no_mem^tm3_clk_v0)
Path Type : hold

Point                                                                                                              Incr      Path
---------------------------------------------------------------------------------------------------------------------------------
clock sv_chip2_hierarchy_no_mem^tm3_clk_v0 (rise edge)                                                            0.000     0.000
clock source latency                                                                                              0.000     0.000
sv_chip2_hierarchy_no_mem^tm3_clk_v0.inpad[0] (.input)                                                            0.000     0.000
sv_chip2_hierarchy_no_mem.h_fltr_4_left.my_steer_fltr_inst^f3_reg~17_FF.clk[0] (.latch)                           0.000     0.000
sv_chip2_hierarchy_no_mem.h_fltr_4_left.my_steer_fltr_inst^f3_reg~17_FF.Q[0] (.latch) [clock-to-output]           0.124     0.124
sv_chip2_hierarchy_no_mem.h_fltr_4_left.my_steer_fltr_inst^re_p_tmp_2~17_FF.D[0] (.latch)                         0.000     0.124
data arrival time                                                                                                           0.124

clock sv_chip2_hierarchy_no_mem^tm3_clk_v0 (rise edge)                                                            0.000     0.000
clock source latency                                                                                              0.000     0.000
sv_chip2_hierarchy_no_mem^tm3_clk_v0.inpad[0] (.input)                                                            0.000     0.000
sv_chip2_hierarchy_no_mem.h_fltr_4_left.my_steer_fltr_inst^re_p_tmp_2~17_FF.clk[0] (.latch)                       0.000     0.000
clock uncertainty                                                                                                 0.000     0.000
cell hold time                                                                                                    0.066     0.066
data required time                                                                                                          0.066
---------------------------------------------------------------------------------------------------------------------------------
data required time                                                                                                         -0.066
data arrival time                                                                                                           0.124
---------------------------------------------------------------------------------------------------------------------------------
slack (MET)                                                                                                                 0.058


#Path 38
Startpoint: sv_chip2_hierarchy_no_mem.h_fltr_4_left.your_instance_name_f3^dout~17_FF.Q[0] (.latch clocked by sv_chip2_hierarchy_no_mem^tm3_clk_v0)
Endpoint  : sv_chip2_hierarchy_no_mem.h_fltr_4_left^vidin_out_reg_f3~17_FF.D[0] (.latch clocked by sv_chip2_hierarchy_no_mem^tm3_clk_v0)
Path Type : hold

Point                                                                                                           Incr      Path
------------------------------------------------------------------------------------------------------------------------------
clock sv_chip2_hierarchy_no_mem^tm3_clk_v0 (rise edge)                                                         0.000     0.000
clock source latency                                                                                           0.000     0.000
sv_chip2_hierarchy_no_mem^tm3_clk_v0.inpad[0] (.input)                                                         0.000     0.000
sv_chip2_hierarchy_no_mem.h_fltr_4_left.your_instance_name_f3^dout~17_FF.clk[0] (.latch)                       0.000     0.000
sv_chip2_hierarchy_no_mem.h_fltr_4_left.your_instance_name_f3^dout~17_FF.Q[0] (.latch) [clock-to-output]       0.124     0.124
sv_chip2_hierarchy_no_mem.h_fltr_4_left^vidin_out_reg_f3~17_FF.D[0] (.latch)                                   0.000     0.124
data arrival time                                                                                                        0.124

clock sv_chip2_hierarchy_no_mem^tm3_clk_v0 (rise edge)                                                         0.000     0.000
clock source latency                                                                                           0.000     0.000
sv_chip2_hierarchy_no_mem^tm3_clk_v0.inpad[0] (.input)                                                         0.000     0.000
sv_chip2_hierarchy_no_mem.h_fltr_4_left^vidin_out_reg_f3~17_FF.clk[0] (.latch)                                 0.000     0.000
clock uncertainty                                                                                              0.000     0.000
cell hold time                                                                                                 0.066     0.066
data required time                                                                                                       0.066
------------------------------------------------------------------------------------------------------------------------------
data required time                                                                                                      -0.066
data arrival time                                                                                                        0.124
------------------------------------------------------------------------------------------------------------------------------
slack (MET)                                                                                                              0.058


#Path 39
Startpoint: sv_chip2_hierarchy_no_mem.h_fltr_4_left.my_steer_fltr_inst^f3_reg~16_FF.Q[0] (.latch clocked by sv_chip2_hierarchy_no_mem^tm3_clk_v0)
Endpoint  : sv_chip2_hierarchy_no_mem.h_fltr_4_left.my_steer_fltr_inst^re_p_tmp_2~16_FF.D[0] (.latch clocked by sv_chip2_hierarchy_no_mem^tm3_clk_v0)
Path Type : hold

Point                                                                                                              Incr      Path
---------------------------------------------------------------------------------------------------------------------------------
clock sv_chip2_hierarchy_no_mem^tm3_clk_v0 (rise edge)                                                            0.000     0.000
clock source latency                                                                                              0.000     0.000
sv_chip2_hierarchy_no_mem^tm3_clk_v0.inpad[0] (.input)                                                            0.000     0.000
sv_chip2_hierarchy_no_mem.h_fltr_4_left.my_steer_fltr_inst^f3_reg~16_FF.clk[0] (.latch)                           0.000     0.000
sv_chip2_hierarchy_no_mem.h_fltr_4_left.my_steer_fltr_inst^f3_reg~16_FF.Q[0] (.latch) [clock-to-output]           0.124     0.124
sv_chip2_hierarchy_no_mem.h_fltr_4_left.my_steer_fltr_inst^re_p_tmp_2~16_FF.D[0] (.latch)                         0.000     0.124
data arrival time                                                                                                           0.124

clock sv_chip2_hierarchy_no_mem^tm3_clk_v0 (rise edge)                                                            0.000     0.000
clock source latency                                                                                              0.000     0.000
sv_chip2_hierarchy_no_mem^tm3_clk_v0.inpad[0] (.input)                                                            0.000     0.000
sv_chip2_hierarchy_no_mem.h_fltr_4_left.my_steer_fltr_inst^re_p_tmp_2~16_FF.clk[0] (.latch)                       0.000     0.000
clock uncertainty                                                                                                 0.000     0.000
cell hold time                                                                                                    0.066     0.066
data required time                                                                                                          0.066
---------------------------------------------------------------------------------------------------------------------------------
data required time                                                                                                         -0.066
data arrival time                                                                                                           0.124
---------------------------------------------------------------------------------------------------------------------------------
slack (MET)                                                                                                                 0.058


#Path 40
Startpoint: sv_chip2_hierarchy_no_mem.h_fltr_4_left.your_instance_name_f3^dout~16_FF.Q[0] (.latch clocked by sv_chip2_hierarchy_no_mem^tm3_clk_v0)
Endpoint  : sv_chip2_hierarchy_no_mem.h_fltr_4_left^vidin_out_reg_f3~16_FF.D[0] (.latch clocked by sv_chip2_hierarchy_no_mem^tm3_clk_v0)
Path Type : hold

Point                                                                                                           Incr      Path
------------------------------------------------------------------------------------------------------------------------------
clock sv_chip2_hierarchy_no_mem^tm3_clk_v0 (rise edge)                                                         0.000     0.000
clock source latency                                                                                           0.000     0.000
sv_chip2_hierarchy_no_mem^tm3_clk_v0.inpad[0] (.input)                                                         0.000     0.000
sv_chip2_hierarchy_no_mem.h_fltr_4_left.your_instance_name_f3^dout~16_FF.clk[0] (.latch)                       0.000     0.000
sv_chip2_hierarchy_no_mem.h_fltr_4_left.your_instance_name_f3^dout~16_FF.Q[0] (.latch) [clock-to-output]       0.124     0.124
sv_chip2_hierarchy_no_mem.h_fltr_4_left^vidin_out_reg_f3~16_FF.D[0] (.latch)                                   0.000     0.124
data arrival time                                                                                                        0.124

clock sv_chip2_hierarchy_no_mem^tm3_clk_v0 (rise edge)                                                         0.000     0.000
clock source latency                                                                                           0.000     0.000
sv_chip2_hierarchy_no_mem^tm3_clk_v0.inpad[0] (.input)                                                         0.000     0.000
sv_chip2_hierarchy_no_mem.h_fltr_4_left^vidin_out_reg_f3~16_FF.clk[0] (.latch)                                 0.000     0.000
clock uncertainty                                                                                              0.000     0.000
cell hold time                                                                                                 0.066     0.066
data required time                                                                                                       0.066
------------------------------------------------------------------------------------------------------------------------------
data required time                                                                                                      -0.066
data arrival time                                                                                                        0.124
------------------------------------------------------------------------------------------------------------------------------
slack (MET)                                                                                                              0.058


#Path 41
Startpoint: sv_chip2_hierarchy_no_mem.h_fltr_4_left.my_steer_fltr_inst^f3_reg~15_FF.Q[0] (.latch clocked by sv_chip2_hierarchy_no_mem^tm3_clk_v0)
Endpoint  : sv_chip2_hierarchy_no_mem.h_fltr_4_left.my_steer_fltr_inst^re_p_tmp_2~15_FF.D[0] (.latch clocked by sv_chip2_hierarchy_no_mem^tm3_clk_v0)
Path Type : hold

Point                                                                                                              Incr      Path
---------------------------------------------------------------------------------------------------------------------------------
clock sv_chip2_hierarchy_no_mem^tm3_clk_v0 (rise edge)                                                            0.000     0.000
clock source latency                                                                                              0.000     0.000
sv_chip2_hierarchy_no_mem^tm3_clk_v0.inpad[0] (.input)                                                            0.000     0.000
sv_chip2_hierarchy_no_mem.h_fltr_4_left.my_steer_fltr_inst^f3_reg~15_FF.clk[0] (.latch)                           0.000     0.000
sv_chip2_hierarchy_no_mem.h_fltr_4_left.my_steer_fltr_inst^f3_reg~15_FF.Q[0] (.latch) [clock-to-output]           0.124     0.124
sv_chip2_hierarchy_no_mem.h_fltr_4_left.my_steer_fltr_inst^re_p_tmp_2~15_FF.D[0] (.latch)                         0.000     0.124
data arrival time                                                                                                           0.124

clock sv_chip2_hierarchy_no_mem^tm3_clk_v0 (rise edge)                                                            0.000     0.000
clock source latency                                                                                              0.000     0.000
sv_chip2_hierarchy_no_mem^tm3_clk_v0.inpad[0] (.input)                                                            0.000     0.000
sv_chip2_hierarchy_no_mem.h_fltr_4_left.my_steer_fltr_inst^re_p_tmp_2~15_FF.clk[0] (.latch)                       0.000     0.000
clock uncertainty                                                                                                 0.000     0.000
cell hold time                                                                                                    0.066     0.066
data required time                                                                                                          0.066
---------------------------------------------------------------------------------------------------------------------------------
data required time                                                                                                         -0.066
data arrival time                                                                                                           0.124
---------------------------------------------------------------------------------------------------------------------------------
slack (MET)                                                                                                                 0.058


#Path 42
Startpoint: sv_chip2_hierarchy_no_mem.h_fltr_4_left.your_instance_name_f3^dout~15_FF.Q[0] (.latch clocked by sv_chip2_hierarchy_no_mem^tm3_clk_v0)
Endpoint  : sv_chip2_hierarchy_no_mem.h_fltr_4_left^vidin_out_reg_f3~15_FF.D[0] (.latch clocked by sv_chip2_hierarchy_no_mem^tm3_clk_v0)
Path Type : hold

Point                                                                                                           Incr      Path
------------------------------------------------------------------------------------------------------------------------------
clock sv_chip2_hierarchy_no_mem^tm3_clk_v0 (rise edge)                                                         0.000     0.000
clock source latency                                                                                           0.000     0.000
sv_chip2_hierarchy_no_mem^tm3_clk_v0.inpad[0] (.input)                                                         0.000     0.000
sv_chip2_hierarchy_no_mem.h_fltr_4_left.your_instance_name_f3^dout~15_FF.clk[0] (.latch)                       0.000     0.000
sv_chip2_hierarchy_no_mem.h_fltr_4_left.your_instance_name_f3^dout~15_FF.Q[0] (.latch) [clock-to-output]       0.124     0.124
sv_chip2_hierarchy_no_mem.h_fltr_4_left^vidin_out_reg_f3~15_FF.D[0] (.latch)                                   0.000     0.124
data arrival time                                                                                                        0.124

clock sv_chip2_hierarchy_no_mem^tm3_clk_v0 (rise edge)                                                         0.000     0.000
clock source latency                                                                                           0.000     0.000
sv_chip2_hierarchy_no_mem^tm3_clk_v0.inpad[0] (.input)                                                         0.000     0.000
sv_chip2_hierarchy_no_mem.h_fltr_4_left^vidin_out_reg_f3~15_FF.clk[0] (.latch)                                 0.000     0.000
clock uncertainty                                                                                              0.000     0.000
cell hold time                                                                                                 0.066     0.066
data required time                                                                                                       0.066
------------------------------------------------------------------------------------------------------------------------------
data required time                                                                                                      -0.066
data arrival time                                                                                                        0.124
------------------------------------------------------------------------------------------------------------------------------
slack (MET)                                                                                                              0.058


#Path 43
Startpoint: sv_chip2_hierarchy_no_mem.h_fltr_2_right.your_instance_name_f3^dout~14_FF.Q[0] (.latch clocked by sv_chip2_hierarchy_no_mem^tm3_clk_v0)
Endpoint  : sv_chip2_hierarchy_no_mem.h_fltr_2_right^vidin_out_reg_f3~14_FF.D[0] (.latch clocked by sv_chip2_hierarchy_no_mem^tm3_clk_v0)
Path Type : hold

Point                                                                                                            Incr      Path
-------------------------------------------------------------------------------------------------------------------------------
clock sv_chip2_hierarchy_no_mem^tm3_clk_v0 (rise edge)                                                          0.000     0.000
clock source latency                                                                                            0.000     0.000
sv_chip2_hierarchy_no_mem^tm3_clk_v0.inpad[0] (.input)                                                          0.000     0.000
sv_chip2_hierarchy_no_mem.h_fltr_2_right.your_instance_name_f3^dout~14_FF.clk[0] (.latch)                       0.000     0.000
sv_chip2_hierarchy_no_mem.h_fltr_2_right.your_instance_name_f3^dout~14_FF.Q[0] (.latch) [clock-to-output]       0.124     0.124
sv_chip2_hierarchy_no_mem.h_fltr_2_right^vidin_out_reg_f3~14_FF.D[0] (.latch)                                   0.000     0.124
data arrival time                                                                                                         0.124

clock sv_chip2_hierarchy_no_mem^tm3_clk_v0 (rise edge)                                                          0.000     0.000
clock source latency                                                                                            0.000     0.000
sv_chip2_hierarchy_no_mem^tm3_clk_v0.inpad[0] (.input)                                                          0.000     0.000
sv_chip2_hierarchy_no_mem.h_fltr_2_right^vidin_out_reg_f3~14_FF.clk[0] (.latch)                                 0.000     0.000
clock uncertainty                                                                                               0.000     0.000
cell hold time                                                                                                  0.066     0.066
data required time                                                                                                        0.066
-------------------------------------------------------------------------------------------------------------------------------
data required time                                                                                                       -0.066
data arrival time                                                                                                         0.124
-------------------------------------------------------------------------------------------------------------------------------
slack (MET)                                                                                                               0.058


#Path 44
Startpoint: sv_chip2_hierarchy_no_mem.h_fltr_4_left.your_instance_name_f3^dout~14_FF.Q[0] (.latch clocked by sv_chip2_hierarchy_no_mem^tm3_clk_v0)
Endpoint  : sv_chip2_hierarchy_no_mem.h_fltr_4_left^vidin_out_reg_f3~14_FF.D[0] (.latch clocked by sv_chip2_hierarchy_no_mem^tm3_clk_v0)
Path Type : hold

Point                                                                                                           Incr      Path
------------------------------------------------------------------------------------------------------------------------------
clock sv_chip2_hierarchy_no_mem^tm3_clk_v0 (rise edge)                                                         0.000     0.000
clock source latency                                                                                           0.000     0.000
sv_chip2_hierarchy_no_mem^tm3_clk_v0.inpad[0] (.input)                                                         0.000     0.000
sv_chip2_hierarchy_no_mem.h_fltr_4_left.your_instance_name_f3^dout~14_FF.clk[0] (.latch)                       0.000     0.000
sv_chip2_hierarchy_no_mem.h_fltr_4_left.your_instance_name_f3^dout~14_FF.Q[0] (.latch) [clock-to-output]       0.124     0.124
sv_chip2_hierarchy_no_mem.h_fltr_4_left^vidin_out_reg_f3~14_FF.D[0] (.latch)                                   0.000     0.124
data arrival time                                                                                                        0.124

clock sv_chip2_hierarchy_no_mem^tm3_clk_v0 (rise edge)                                                         0.000     0.000
clock source latency                                                                                           0.000     0.000
sv_chip2_hierarchy_no_mem^tm3_clk_v0.inpad[0] (.input)                                                         0.000     0.000
sv_chip2_hierarchy_no_mem.h_fltr_4_left^vidin_out_reg_f3~14_FF.clk[0] (.latch)                                 0.000     0.000
clock uncertainty                                                                                              0.000     0.000
cell hold time                                                                                                 0.066     0.066
data required time                                                                                                       0.066
------------------------------------------------------------------------------------------------------------------------------
data required time                                                                                                      -0.066
data arrival time                                                                                                        0.124
------------------------------------------------------------------------------------------------------------------------------
slack (MET)                                                                                                              0.058


#Path 45
Startpoint: sv_chip2_hierarchy_no_mem.h_fltr_4_left.my_steer_fltr_inst^f3_reg~13_FF.Q[0] (.latch clocked by sv_chip2_hierarchy_no_mem^tm3_clk_v0)
Endpoint  : sv_chip2_hierarchy_no_mem.h_fltr_4_left.my_steer_fltr_inst^re_p_tmp_2~13_FF.D[0] (.latch clocked by sv_chip2_hierarchy_no_mem^tm3_clk_v0)
Path Type : hold

Point                                                                                                              Incr      Path
---------------------------------------------------------------------------------------------------------------------------------
clock sv_chip2_hierarchy_no_mem^tm3_clk_v0 (rise edge)                                                            0.000     0.000
clock source latency                                                                                              0.000     0.000
sv_chip2_hierarchy_no_mem^tm3_clk_v0.inpad[0] (.input)                                                            0.000     0.000
sv_chip2_hierarchy_no_mem.h_fltr_4_left.my_steer_fltr_inst^f3_reg~13_FF.clk[0] (.latch)                           0.000     0.000
sv_chip2_hierarchy_no_mem.h_fltr_4_left.my_steer_fltr_inst^f3_reg~13_FF.Q[0] (.latch) [clock-to-output]           0.124     0.124
sv_chip2_hierarchy_no_mem.h_fltr_4_left.my_steer_fltr_inst^re_p_tmp_2~13_FF.D[0] (.latch)                         0.000     0.124
data arrival time                                                                                                           0.124

clock sv_chip2_hierarchy_no_mem^tm3_clk_v0 (rise edge)                                                            0.000     0.000
clock source latency                                                                                              0.000     0.000
sv_chip2_hierarchy_no_mem^tm3_clk_v0.inpad[0] (.input)                                                            0.000     0.000
sv_chip2_hierarchy_no_mem.h_fltr_4_left.my_steer_fltr_inst^re_p_tmp_2~13_FF.clk[0] (.latch)                       0.000     0.000
clock uncertainty                                                                                                 0.000     0.000
cell hold time                                                                                                    0.066     0.066
data required time                                                                                                          0.066
---------------------------------------------------------------------------------------------------------------------------------
data required time                                                                                                         -0.066
data arrival time                                                                                                           0.124
---------------------------------------------------------------------------------------------------------------------------------
slack (MET)                                                                                                                 0.058


#Path 46
Startpoint: sv_chip2_hierarchy_no_mem.h_fltr_4_left.your_instance_name_f3^dout~13_FF.Q[0] (.latch clocked by sv_chip2_hierarchy_no_mem^tm3_clk_v0)
Endpoint  : sv_chip2_hierarchy_no_mem.h_fltr_4_left^vidin_out_reg_f3~13_FF.D[0] (.latch clocked by sv_chip2_hierarchy_no_mem^tm3_clk_v0)
Path Type : hold

Point                                                                                                           Incr      Path
------------------------------------------------------------------------------------------------------------------------------
clock sv_chip2_hierarchy_no_mem^tm3_clk_v0 (rise edge)                                                         0.000     0.000
clock source latency                                                                                           0.000     0.000
sv_chip2_hierarchy_no_mem^tm3_clk_v0.inpad[0] (.input)                                                         0.000     0.000
sv_chip2_hierarchy_no_mem.h_fltr_4_left.your_instance_name_f3^dout~13_FF.clk[0] (.latch)                       0.000     0.000
sv_chip2_hierarchy_no_mem.h_fltr_4_left.your_instance_name_f3^dout~13_FF.Q[0] (.latch) [clock-to-output]       0.124     0.124
sv_chip2_hierarchy_no_mem.h_fltr_4_left^vidin_out_reg_f3~13_FF.D[0] (.latch)                                   0.000     0.124
data arrival time                                                                                                        0.124

clock sv_chip2_hierarchy_no_mem^tm3_clk_v0 (rise edge)                                                         0.000     0.000
clock source latency                                                                                           0.000     0.000
sv_chip2_hierarchy_no_mem^tm3_clk_v0.inpad[0] (.input)                                                         0.000     0.000
sv_chip2_hierarchy_no_mem.h_fltr_4_left^vidin_out_reg_f3~13_FF.clk[0] (.latch)                                 0.000     0.000
clock uncertainty                                                                                              0.000     0.000
cell hold time                                                                                                 0.066     0.066
data required time                                                                                                       0.066
------------------------------------------------------------------------------------------------------------------------------
data required time                                                                                                      -0.066
data arrival time                                                                                                        0.124
------------------------------------------------------------------------------------------------------------------------------
slack (MET)                                                                                                              0.058


#Path 47
Startpoint: sv_chip2_hierarchy_no_mem.h_fltr_4_left.my_steer_fltr_inst^f3_reg~12_FF.Q[0] (.latch clocked by sv_chip2_hierarchy_no_mem^tm3_clk_v0)
Endpoint  : sv_chip2_hierarchy_no_mem.h_fltr_4_left.my_steer_fltr_inst^re_p_tmp_2~12_FF.D[0] (.latch clocked by sv_chip2_hierarchy_no_mem^tm3_clk_v0)
Path Type : hold

Point                                                                                                              Incr      Path
---------------------------------------------------------------------------------------------------------------------------------
clock sv_chip2_hierarchy_no_mem^tm3_clk_v0 (rise edge)                                                            0.000     0.000
clock source latency                                                                                              0.000     0.000
sv_chip2_hierarchy_no_mem^tm3_clk_v0.inpad[0] (.input)                                                            0.000     0.000
sv_chip2_hierarchy_no_mem.h_fltr_4_left.my_steer_fltr_inst^f3_reg~12_FF.clk[0] (.latch)                           0.000     0.000
sv_chip2_hierarchy_no_mem.h_fltr_4_left.my_steer_fltr_inst^f3_reg~12_FF.Q[0] (.latch) [clock-to-output]           0.124     0.124
sv_chip2_hierarchy_no_mem.h_fltr_4_left.my_steer_fltr_inst^re_p_tmp_2~12_FF.D[0] (.latch)                         0.000     0.124
data arrival time                                                                                                           0.124

clock sv_chip2_hierarchy_no_mem^tm3_clk_v0 (rise edge)                                                            0.000     0.000
clock source latency                                                                                              0.000     0.000
sv_chip2_hierarchy_no_mem^tm3_clk_v0.inpad[0] (.input)                                                            0.000     0.000
sv_chip2_hierarchy_no_mem.h_fltr_4_left.my_steer_fltr_inst^re_p_tmp_2~12_FF.clk[0] (.latch)                       0.000     0.000
clock uncertainty                                                                                                 0.000     0.000
cell hold time                                                                                                    0.066     0.066
data required time                                                                                                          0.066
---------------------------------------------------------------------------------------------------------------------------------
data required time                                                                                                         -0.066
data arrival time                                                                                                           0.124
---------------------------------------------------------------------------------------------------------------------------------
slack (MET)                                                                                                                 0.058


#Path 48
Startpoint: sv_chip2_hierarchy_no_mem.h_fltr_4_left.your_instance_name_f3^dout~12_FF.Q[0] (.latch clocked by sv_chip2_hierarchy_no_mem^tm3_clk_v0)
Endpoint  : sv_chip2_hierarchy_no_mem.h_fltr_4_left^vidin_out_reg_f3~12_FF.D[0] (.latch clocked by sv_chip2_hierarchy_no_mem^tm3_clk_v0)
Path Type : hold

Point                                                                                                           Incr      Path
------------------------------------------------------------------------------------------------------------------------------
clock sv_chip2_hierarchy_no_mem^tm3_clk_v0 (rise edge)                                                         0.000     0.000
clock source latency                                                                                           0.000     0.000
sv_chip2_hierarchy_no_mem^tm3_clk_v0.inpad[0] (.input)                                                         0.000     0.000
sv_chip2_hierarchy_no_mem.h_fltr_4_left.your_instance_name_f3^dout~12_FF.clk[0] (.latch)                       0.000     0.000
sv_chip2_hierarchy_no_mem.h_fltr_4_left.your_instance_name_f3^dout~12_FF.Q[0] (.latch) [clock-to-output]       0.124     0.124
sv_chip2_hierarchy_no_mem.h_fltr_4_left^vidin_out_reg_f3~12_FF.D[0] (.latch)                                   0.000     0.124
data arrival time                                                                                                        0.124

clock sv_chip2_hierarchy_no_mem^tm3_clk_v0 (rise edge)                                                         0.000     0.000
clock source latency                                                                                           0.000     0.000
sv_chip2_hierarchy_no_mem^tm3_clk_v0.inpad[0] (.input)                                                         0.000     0.000
sv_chip2_hierarchy_no_mem.h_fltr_4_left^vidin_out_reg_f3~12_FF.clk[0] (.latch)                                 0.000     0.000
clock uncertainty                                                                                              0.000     0.000
cell hold time                                                                                                 0.066     0.066
data required time                                                                                                       0.066
------------------------------------------------------------------------------------------------------------------------------
data required time                                                                                                      -0.066
data arrival time                                                                                                        0.124
------------------------------------------------------------------------------------------------------------------------------
slack (MET)                                                                                                              0.058


#Path 49
Startpoint: sv_chip2_hierarchy_no_mem.h_fltr_2_right.my_steer_fltr_inst^f3_reg~14_FF.Q[0] (.latch clocked by sv_chip2_hierarchy_no_mem^tm3_clk_v0)
Endpoint  : sv_chip2_hierarchy_no_mem.h_fltr_2_right.my_steer_fltr_inst^re_p_tmp_2~14_FF.D[0] (.latch clocked by sv_chip2_hierarchy_no_mem^tm3_clk_v0)
Path Type : hold

Point                                                                                                               Incr      Path
----------------------------------------------------------------------------------------------------------------------------------
clock sv_chip2_hierarchy_no_mem^tm3_clk_v0 (rise edge)                                                             0.000     0.000
clock source latency                                                                                               0.000     0.000
sv_chip2_hierarchy_no_mem^tm3_clk_v0.inpad[0] (.input)                                                             0.000     0.000
sv_chip2_hierarchy_no_mem.h_fltr_2_right.my_steer_fltr_inst^f3_reg~14_FF.clk[0] (.latch)                           0.000     0.000
sv_chip2_hierarchy_no_mem.h_fltr_2_right.my_steer_fltr_inst^f3_reg~14_FF.Q[0] (.latch) [clock-to-output]           0.124     0.124
sv_chip2_hierarchy_no_mem.h_fltr_2_right.my_steer_fltr_inst^re_p_tmp_2~14_FF.D[0] (.latch)                         0.000     0.124
data arrival time                                                                                                            0.124

clock sv_chip2_hierarchy_no_mem^tm3_clk_v0 (rise edge)                                                             0.000     0.000
clock source latency                                                                                               0.000     0.000
sv_chip2_hierarchy_no_mem^tm3_clk_v0.inpad[0] (.input)                                                             0.000     0.000
sv_chip2_hierarchy_no_mem.h_fltr_2_right.my_steer_fltr_inst^re_p_tmp_2~14_FF.clk[0] (.latch)                       0.000     0.000
clock uncertainty                                                                                                  0.000     0.000
cell hold time                                                                                                     0.066     0.066
data required time                                                                                                           0.066
----------------------------------------------------------------------------------------------------------------------------------
data required time                                                                                                          -0.066
data arrival time                                                                                                            0.124
----------------------------------------------------------------------------------------------------------------------------------
slack (MET)                                                                                                                  0.058


#Path 50
Startpoint: sv_chip2_hierarchy_no_mem.h_fltr_4_left.your_instance_name_f1^dout~21_FF.Q[0] (.latch clocked by sv_chip2_hierarchy_no_mem^tm3_clk_v0)
Endpoint  : sv_chip2_hierarchy_no_mem.h_fltr_4_left^vidin_out_reg_f1~21_FF.D[0] (.latch clocked by sv_chip2_hierarchy_no_mem^tm3_clk_v0)
Path Type : hold

Point                                                                                                           Incr      Path
------------------------------------------------------------------------------------------------------------------------------
clock sv_chip2_hierarchy_no_mem^tm3_clk_v0 (rise edge)                                                         0.000     0.000
clock source latency                                                                                           0.000     0.000
sv_chip2_hierarchy_no_mem^tm3_clk_v0.inpad[0] (.input)                                                         0.000     0.000
sv_chip2_hierarchy_no_mem.h_fltr_4_left.your_instance_name_f1^dout~21_FF.clk[0] (.latch)                       0.000     0.000
sv_chip2_hierarchy_no_mem.h_fltr_4_left.your_instance_name_f1^dout~21_FF.Q[0] (.latch) [clock-to-output]       0.124     0.124
sv_chip2_hierarchy_no_mem.h_fltr_4_left^vidin_out_reg_f1~21_FF.D[0] (.latch)                                   0.000     0.124
data arrival time                                                                                                        0.124

clock sv_chip2_hierarchy_no_mem^tm3_clk_v0 (rise edge)                                                         0.000     0.000
clock source latency                                                                                           0.000     0.000
sv_chip2_hierarchy_no_mem^tm3_clk_v0.inpad[0] (.input)                                                         0.000     0.000
sv_chip2_hierarchy_no_mem.h_fltr_4_left^vidin_out_reg_f1~21_FF.clk[0] (.latch)                                 0.000     0.000
clock uncertainty                                                                                              0.000     0.000
cell hold time                                                                                                 0.066     0.066
data required time                                                                                                       0.066
------------------------------------------------------------------------------------------------------------------------------
data required time                                                                                                      -0.066
data arrival time                                                                                                        0.124
------------------------------------------------------------------------------------------------------------------------------
slack (MET)                                                                                                              0.058


#Path 51
Startpoint: sv_chip2_hierarchy_no_mem.h_fltr_2_right.your_instance_name_f3^dout~15_FF.Q[0] (.latch clocked by sv_chip2_hierarchy_no_mem^tm3_clk_v0)
Endpoint  : sv_chip2_hierarchy_no_mem.h_fltr_2_right^vidin_out_reg_f3~15_FF.D[0] (.latch clocked by sv_chip2_hierarchy_no_mem^tm3_clk_v0)
Path Type : hold

Point                                                                                                            Incr      Path
-------------------------------------------------------------------------------------------------------------------------------
clock sv_chip2_hierarchy_no_mem^tm3_clk_v0 (rise edge)                                                          0.000     0.000
clock source latency                                                                                            0.000     0.000
sv_chip2_hierarchy_no_mem^tm3_clk_v0.inpad[0] (.input)                                                          0.000     0.000
sv_chip2_hierarchy_no_mem.h_fltr_2_right.your_instance_name_f3^dout~15_FF.clk[0] (.latch)                       0.000     0.000
sv_chip2_hierarchy_no_mem.h_fltr_2_right.your_instance_name_f3^dout~15_FF.Q[0] (.latch) [clock-to-output]       0.124     0.124
sv_chip2_hierarchy_no_mem.h_fltr_2_right^vidin_out_reg_f3~15_FF.D[0] (.latch)                                   0.000     0.124
data arrival time                                                                                                         0.124

clock sv_chip2_hierarchy_no_mem^tm3_clk_v0 (rise edge)                                                          0.000     0.000
clock source latency                                                                                            0.000     0.000
sv_chip2_hierarchy_no_mem^tm3_clk_v0.inpad[0] (.input)                                                          0.000     0.000
sv_chip2_hierarchy_no_mem.h_fltr_2_right^vidin_out_reg_f3~15_FF.clk[0] (.latch)                                 0.000     0.000
clock uncertainty                                                                                               0.000     0.000
cell hold time                                                                                                  0.066     0.066
data required time                                                                                                        0.066
-------------------------------------------------------------------------------------------------------------------------------
data required time                                                                                                       -0.066
data arrival time                                                                                                         0.124
-------------------------------------------------------------------------------------------------------------------------------
slack (MET)                                                                                                               0.058


#Path 52
Startpoint: sv_chip2_hierarchy_no_mem.h_fltr_4_left.your_instance_name_f3^dout~10_FF.Q[0] (.latch clocked by sv_chip2_hierarchy_no_mem^tm3_clk_v0)
Endpoint  : sv_chip2_hierarchy_no_mem.h_fltr_4_left^vidin_out_reg_f3~10_FF.D[0] (.latch clocked by sv_chip2_hierarchy_no_mem^tm3_clk_v0)
Path Type : hold

Point                                                                                                           Incr      Path
------------------------------------------------------------------------------------------------------------------------------
clock sv_chip2_hierarchy_no_mem^tm3_clk_v0 (rise edge)                                                         0.000     0.000
clock source latency                                                                                           0.000     0.000
sv_chip2_hierarchy_no_mem^tm3_clk_v0.inpad[0] (.input)                                                         0.000     0.000
sv_chip2_hierarchy_no_mem.h_fltr_4_left.your_instance_name_f3^dout~10_FF.clk[0] (.latch)                       0.000     0.000
sv_chip2_hierarchy_no_mem.h_fltr_4_left.your_instance_name_f3^dout~10_FF.Q[0] (.latch) [clock-to-output]       0.124     0.124
sv_chip2_hierarchy_no_mem.h_fltr_4_left^vidin_out_reg_f3~10_FF.D[0] (.latch)                                   0.000     0.124
data arrival time                                                                                                        0.124

clock sv_chip2_hierarchy_no_mem^tm3_clk_v0 (rise edge)                                                         0.000     0.000
clock source latency                                                                                           0.000     0.000
sv_chip2_hierarchy_no_mem^tm3_clk_v0.inpad[0] (.input)                                                         0.000     0.000
sv_chip2_hierarchy_no_mem.h_fltr_4_left^vidin_out_reg_f3~10_FF.clk[0] (.latch)                                 0.000     0.000
clock uncertainty                                                                                              0.000     0.000
cell hold time                                                                                                 0.066     0.066
data required time                                                                                                       0.066
------------------------------------------------------------------------------------------------------------------------------
data required time                                                                                                      -0.066
data arrival time                                                                                                        0.124
------------------------------------------------------------------------------------------------------------------------------
slack (MET)                                                                                                              0.058


#Path 53
Startpoint: sv_chip2_hierarchy_no_mem.h_fltr_4_left.my_steer_fltr_inst^f3_reg~9_FF.Q[0] (.latch clocked by sv_chip2_hierarchy_no_mem^tm3_clk_v0)
Endpoint  : sv_chip2_hierarchy_no_mem.h_fltr_4_left.my_steer_fltr_inst^re_p_tmp_2~9_FF.D[0] (.latch clocked by sv_chip2_hierarchy_no_mem^tm3_clk_v0)
Path Type : hold

Point                                                                                                             Incr      Path
--------------------------------------------------------------------------------------------------------------------------------
clock sv_chip2_hierarchy_no_mem^tm3_clk_v0 (rise edge)                                                           0.000     0.000
clock source latency                                                                                             0.000     0.000
sv_chip2_hierarchy_no_mem^tm3_clk_v0.inpad[0] (.input)                                                           0.000     0.000
sv_chip2_hierarchy_no_mem.h_fltr_4_left.my_steer_fltr_inst^f3_reg~9_FF.clk[0] (.latch)                           0.000     0.000
sv_chip2_hierarchy_no_mem.h_fltr_4_left.my_steer_fltr_inst^f3_reg~9_FF.Q[0] (.latch) [clock-to-output]           0.124     0.124
sv_chip2_hierarchy_no_mem.h_fltr_4_left.my_steer_fltr_inst^re_p_tmp_2~9_FF.D[0] (.latch)                         0.000     0.124
data arrival time                                                                                                          0.124

clock sv_chip2_hierarchy_no_mem^tm3_clk_v0 (rise edge)                                                           0.000     0.000
clock source latency                                                                                             0.000     0.000
sv_chip2_hierarchy_no_mem^tm3_clk_v0.inpad[0] (.input)                                                           0.000     0.000
sv_chip2_hierarchy_no_mem.h_fltr_4_left.my_steer_fltr_inst^re_p_tmp_2~9_FF.clk[0] (.latch)                       0.000     0.000
clock uncertainty                                                                                                0.000     0.000
cell hold time                                                                                                   0.066     0.066
data required time                                                                                                         0.066
--------------------------------------------------------------------------------------------------------------------------------
data required time                                                                                                        -0.066
data arrival time                                                                                                          0.124
--------------------------------------------------------------------------------------------------------------------------------
slack (MET)                                                                                                                0.058


#Path 54
Startpoint: sv_chip2_hierarchy_no_mem.h_fltr_4_left.your_instance_name_f3^dout~9_FF.Q[0] (.latch clocked by sv_chip2_hierarchy_no_mem^tm3_clk_v0)
Endpoint  : sv_chip2_hierarchy_no_mem.h_fltr_4_left^vidin_out_reg_f3~9_FF.D[0] (.latch clocked by sv_chip2_hierarchy_no_mem^tm3_clk_v0)
Path Type : hold

Point                                                                                                          Incr      Path
-----------------------------------------------------------------------------------------------------------------------------
clock sv_chip2_hierarchy_no_mem^tm3_clk_v0 (rise edge)                                                        0.000     0.000
clock source latency                                                                                          0.000     0.000
sv_chip2_hierarchy_no_mem^tm3_clk_v0.inpad[0] (.input)                                                        0.000     0.000
sv_chip2_hierarchy_no_mem.h_fltr_4_left.your_instance_name_f3^dout~9_FF.clk[0] (.latch)                       0.000     0.000
sv_chip2_hierarchy_no_mem.h_fltr_4_left.your_instance_name_f3^dout~9_FF.Q[0] (.latch) [clock-to-output]       0.124     0.124
sv_chip2_hierarchy_no_mem.h_fltr_4_left^vidin_out_reg_f3~9_FF.D[0] (.latch)                                   0.000     0.124
data arrival time                                                                                                       0.124

clock sv_chip2_hierarchy_no_mem^tm3_clk_v0 (rise edge)                                                        0.000     0.000
clock source latency                                                                                          0.000     0.000
sv_chip2_hierarchy_no_mem^tm3_clk_v0.inpad[0] (.input)                                                        0.000     0.000
sv_chip2_hierarchy_no_mem.h_fltr_4_left^vidin_out_reg_f3~9_FF.clk[0] (.latch)                                 0.000     0.000
clock uncertainty                                                                                             0.000     0.000
cell hold time                                                                                                0.066     0.066
data required time                                                                                                      0.066
-----------------------------------------------------------------------------------------------------------------------------
data required time                                                                                                     -0.066
data arrival time                                                                                                       0.124
-----------------------------------------------------------------------------------------------------------------------------
slack (MET)                                                                                                             0.058


#Path 55
Startpoint: sv_chip2_hierarchy_no_mem.h_fltr_4_left.my_steer_fltr_inst^f3_reg~8_FF.Q[0] (.latch clocked by sv_chip2_hierarchy_no_mem^tm3_clk_v0)
Endpoint  : sv_chip2_hierarchy_no_mem.h_fltr_4_left.my_steer_fltr_inst^re_p_tmp_2~8_FF.D[0] (.latch clocked by sv_chip2_hierarchy_no_mem^tm3_clk_v0)
Path Type : hold

Point                                                                                                             Incr      Path
--------------------------------------------------------------------------------------------------------------------------------
clock sv_chip2_hierarchy_no_mem^tm3_clk_v0 (rise edge)                                                           0.000     0.000
clock source latency                                                                                             0.000     0.000
sv_chip2_hierarchy_no_mem^tm3_clk_v0.inpad[0] (.input)                                                           0.000     0.000
sv_chip2_hierarchy_no_mem.h_fltr_4_left.my_steer_fltr_inst^f3_reg~8_FF.clk[0] (.latch)                           0.000     0.000
sv_chip2_hierarchy_no_mem.h_fltr_4_left.my_steer_fltr_inst^f3_reg~8_FF.Q[0] (.latch) [clock-to-output]           0.124     0.124
sv_chip2_hierarchy_no_mem.h_fltr_4_left.my_steer_fltr_inst^re_p_tmp_2~8_FF.D[0] (.latch)                         0.000     0.124
data arrival time                                                                                                          0.124

clock sv_chip2_hierarchy_no_mem^tm3_clk_v0 (rise edge)                                                           0.000     0.000
clock source latency                                                                                             0.000     0.000
sv_chip2_hierarchy_no_mem^tm3_clk_v0.inpad[0] (.input)                                                           0.000     0.000
sv_chip2_hierarchy_no_mem.h_fltr_4_left.my_steer_fltr_inst^re_p_tmp_2~8_FF.clk[0] (.latch)                       0.000     0.000
clock uncertainty                                                                                                0.000     0.000
cell hold time                                                                                                   0.066     0.066
data required time                                                                                                         0.066
--------------------------------------------------------------------------------------------------------------------------------
data required time                                                                                                        -0.066
data arrival time                                                                                                          0.124
--------------------------------------------------------------------------------------------------------------------------------
slack (MET)                                                                                                                0.058


#Path 56
Startpoint: sv_chip2_hierarchy_no_mem.h_fltr_4_left.your_instance_name_f3^dout~8_FF.Q[0] (.latch clocked by sv_chip2_hierarchy_no_mem^tm3_clk_v0)
Endpoint  : sv_chip2_hierarchy_no_mem.h_fltr_4_left^vidin_out_reg_f3~8_FF.D[0] (.latch clocked by sv_chip2_hierarchy_no_mem^tm3_clk_v0)
Path Type : hold

Point                                                                                                          Incr      Path
-----------------------------------------------------------------------------------------------------------------------------
clock sv_chip2_hierarchy_no_mem^tm3_clk_v0 (rise edge)                                                        0.000     0.000
clock source latency                                                                                          0.000     0.000
sv_chip2_hierarchy_no_mem^tm3_clk_v0.inpad[0] (.input)                                                        0.000     0.000
sv_chip2_hierarchy_no_mem.h_fltr_4_left.your_instance_name_f3^dout~8_FF.clk[0] (.latch)                       0.000     0.000
sv_chip2_hierarchy_no_mem.h_fltr_4_left.your_instance_name_f3^dout~8_FF.Q[0] (.latch) [clock-to-output]       0.124     0.124
sv_chip2_hierarchy_no_mem.h_fltr_4_left^vidin_out_reg_f3~8_FF.D[0] (.latch)                                   0.000     0.124
data arrival time                                                                                                       0.124

clock sv_chip2_hierarchy_no_mem^tm3_clk_v0 (rise edge)                                                        0.000     0.000
clock source latency                                                                                          0.000     0.000
sv_chip2_hierarchy_no_mem^tm3_clk_v0.inpad[0] (.input)                                                        0.000     0.000
sv_chip2_hierarchy_no_mem.h_fltr_4_left^vidin_out_reg_f3~8_FF.clk[0] (.latch)                                 0.000     0.000
clock uncertainty                                                                                             0.000     0.000
cell hold time                                                                                                0.066     0.066
data required time                                                                                                      0.066
-----------------------------------------------------------------------------------------------------------------------------
data required time                                                                                                     -0.066
data arrival time                                                                                                       0.124
-----------------------------------------------------------------------------------------------------------------------------
slack (MET)                                                                                                             0.058


#Path 57
Startpoint: sv_chip2_hierarchy_no_mem.h_fltr_2_right.my_steer_fltr_inst^f3_reg~15_FF.Q[0] (.latch clocked by sv_chip2_hierarchy_no_mem^tm3_clk_v0)
Endpoint  : sv_chip2_hierarchy_no_mem.h_fltr_2_right.my_steer_fltr_inst^re_p_tmp_2~15_FF.D[0] (.latch clocked by sv_chip2_hierarchy_no_mem^tm3_clk_v0)
Path Type : hold

Point                                                                                                               Incr      Path
----------------------------------------------------------------------------------------------------------------------------------
clock sv_chip2_hierarchy_no_mem^tm3_clk_v0 (rise edge)                                                             0.000     0.000
clock source latency                                                                                               0.000     0.000
sv_chip2_hierarchy_no_mem^tm3_clk_v0.inpad[0] (.input)                                                             0.000     0.000
sv_chip2_hierarchy_no_mem.h_fltr_2_right.my_steer_fltr_inst^f3_reg~15_FF.clk[0] (.latch)                           0.000     0.000
sv_chip2_hierarchy_no_mem.h_fltr_2_right.my_steer_fltr_inst^f3_reg~15_FF.Q[0] (.latch) [clock-to-output]           0.124     0.124
sv_chip2_hierarchy_no_mem.h_fltr_2_right.my_steer_fltr_inst^re_p_tmp_2~15_FF.D[0] (.latch)                         0.000     0.124
data arrival time                                                                                                            0.124

clock sv_chip2_hierarchy_no_mem^tm3_clk_v0 (rise edge)                                                             0.000     0.000
clock source latency                                                                                               0.000     0.000
sv_chip2_hierarchy_no_mem^tm3_clk_v0.inpad[0] (.input)                                                             0.000     0.000
sv_chip2_hierarchy_no_mem.h_fltr_2_right.my_steer_fltr_inst^re_p_tmp_2~15_FF.clk[0] (.latch)                       0.000     0.000
clock uncertainty                                                                                                  0.000     0.000
cell hold time                                                                                                     0.066     0.066
data required time                                                                                                           0.066
----------------------------------------------------------------------------------------------------------------------------------
data required time                                                                                                          -0.066
data arrival time                                                                                                            0.124
----------------------------------------------------------------------------------------------------------------------------------
slack (MET)                                                                                                                  0.058


#Path 58
Startpoint: sv_chip2_hierarchy_no_mem.h_fltr_4_left.your_instance_name_f3^dout~7_FF.Q[0] (.latch clocked by sv_chip2_hierarchy_no_mem^tm3_clk_v0)
Endpoint  : sv_chip2_hierarchy_no_mem.h_fltr_4_left^vidin_out_reg_f3~7_FF.D[0] (.latch clocked by sv_chip2_hierarchy_no_mem^tm3_clk_v0)
Path Type : hold

Point                                                                                                          Incr      Path
-----------------------------------------------------------------------------------------------------------------------------
clock sv_chip2_hierarchy_no_mem^tm3_clk_v0 (rise edge)                                                        0.000     0.000
clock source latency                                                                                          0.000     0.000
sv_chip2_hierarchy_no_mem^tm3_clk_v0.inpad[0] (.input)                                                        0.000     0.000
sv_chip2_hierarchy_no_mem.h_fltr_4_left.your_instance_name_f3^dout~7_FF.clk[0] (.latch)                       0.000     0.000
sv_chip2_hierarchy_no_mem.h_fltr_4_left.your_instance_name_f3^dout~7_FF.Q[0] (.latch) [clock-to-output]       0.124     0.124
sv_chip2_hierarchy_no_mem.h_fltr_4_left^vidin_out_reg_f3~7_FF.D[0] (.latch)                                   0.000     0.124
data arrival time                                                                                                       0.124

clock sv_chip2_hierarchy_no_mem^tm3_clk_v0 (rise edge)                                                        0.000     0.000
clock source latency                                                                                          0.000     0.000
sv_chip2_hierarchy_no_mem^tm3_clk_v0.inpad[0] (.input)                                                        0.000     0.000
sv_chip2_hierarchy_no_mem.h_fltr_4_left^vidin_out_reg_f3~7_FF.clk[0] (.latch)                                 0.000     0.000
clock uncertainty                                                                                             0.000     0.000
cell hold time                                                                                                0.066     0.066
data required time                                                                                                      0.066
-----------------------------------------------------------------------------------------------------------------------------
data required time                                                                                                     -0.066
data arrival time                                                                                                       0.124
-----------------------------------------------------------------------------------------------------------------------------
slack (MET)                                                                                                             0.058


#Path 59
Startpoint: sv_chip2_hierarchy_no_mem.h_fltr_4_left.my_steer_fltr_inst^f3_reg~6_FF.Q[0] (.latch clocked by sv_chip2_hierarchy_no_mem^tm3_clk_v0)
Endpoint  : sv_chip2_hierarchy_no_mem.h_fltr_4_left.my_steer_fltr_inst^re_p_tmp_2~6_FF.D[0] (.latch clocked by sv_chip2_hierarchy_no_mem^tm3_clk_v0)
Path Type : hold

Point                                                                                                             Incr      Path
--------------------------------------------------------------------------------------------------------------------------------
clock sv_chip2_hierarchy_no_mem^tm3_clk_v0 (rise edge)                                                           0.000     0.000
clock source latency                                                                                             0.000     0.000
sv_chip2_hierarchy_no_mem^tm3_clk_v0.inpad[0] (.input)                                                           0.000     0.000
sv_chip2_hierarchy_no_mem.h_fltr_4_left.my_steer_fltr_inst^f3_reg~6_FF.clk[0] (.latch)                           0.000     0.000
sv_chip2_hierarchy_no_mem.h_fltr_4_left.my_steer_fltr_inst^f3_reg~6_FF.Q[0] (.latch) [clock-to-output]           0.124     0.124
sv_chip2_hierarchy_no_mem.h_fltr_4_left.my_steer_fltr_inst^re_p_tmp_2~6_FF.D[0] (.latch)                         0.000     0.124
data arrival time                                                                                                          0.124

clock sv_chip2_hierarchy_no_mem^tm3_clk_v0 (rise edge)                                                           0.000     0.000
clock source latency                                                                                             0.000     0.000
sv_chip2_hierarchy_no_mem^tm3_clk_v0.inpad[0] (.input)                                                           0.000     0.000
sv_chip2_hierarchy_no_mem.h_fltr_4_left.my_steer_fltr_inst^re_p_tmp_2~6_FF.clk[0] (.latch)                       0.000     0.000
clock uncertainty                                                                                                0.000     0.000
cell hold time                                                                                                   0.066     0.066
data required time                                                                                                         0.066
--------------------------------------------------------------------------------------------------------------------------------
data required time                                                                                                        -0.066
data arrival time                                                                                                          0.124
--------------------------------------------------------------------------------------------------------------------------------
slack (MET)                                                                                                                0.058


#Path 60
Startpoint: sv_chip2_hierarchy_no_mem.h_fltr_4_left.your_instance_name_f3^dout~6_FF.Q[0] (.latch clocked by sv_chip2_hierarchy_no_mem^tm3_clk_v0)
Endpoint  : sv_chip2_hierarchy_no_mem.h_fltr_4_left^vidin_out_reg_f3~6_FF.D[0] (.latch clocked by sv_chip2_hierarchy_no_mem^tm3_clk_v0)
Path Type : hold

Point                                                                                                          Incr      Path
-----------------------------------------------------------------------------------------------------------------------------
clock sv_chip2_hierarchy_no_mem^tm3_clk_v0 (rise edge)                                                        0.000     0.000
clock source latency                                                                                          0.000     0.000
sv_chip2_hierarchy_no_mem^tm3_clk_v0.inpad[0] (.input)                                                        0.000     0.000
sv_chip2_hierarchy_no_mem.h_fltr_4_left.your_instance_name_f3^dout~6_FF.clk[0] (.latch)                       0.000     0.000
sv_chip2_hierarchy_no_mem.h_fltr_4_left.your_instance_name_f3^dout~6_FF.Q[0] (.latch) [clock-to-output]       0.124     0.124
sv_chip2_hierarchy_no_mem.h_fltr_4_left^vidin_out_reg_f3~6_FF.D[0] (.latch)                                   0.000     0.124
data arrival time                                                                                                       0.124

clock sv_chip2_hierarchy_no_mem^tm3_clk_v0 (rise edge)                                                        0.000     0.000
clock source latency                                                                                          0.000     0.000
sv_chip2_hierarchy_no_mem^tm3_clk_v0.inpad[0] (.input)                                                        0.000     0.000
sv_chip2_hierarchy_no_mem.h_fltr_4_left^vidin_out_reg_f3~6_FF.clk[0] (.latch)                                 0.000     0.000
clock uncertainty                                                                                             0.000     0.000
cell hold time                                                                                                0.066     0.066
data required time                                                                                                      0.066
-----------------------------------------------------------------------------------------------------------------------------
data required time                                                                                                     -0.066
data arrival time                                                                                                       0.124
-----------------------------------------------------------------------------------------------------------------------------
slack (MET)                                                                                                             0.058


#Path 61
Startpoint: sv_chip2_hierarchy_no_mem.h_fltr_4_left.my_steer_fltr_inst^f3_reg~5_FF.Q[0] (.latch clocked by sv_chip2_hierarchy_no_mem^tm3_clk_v0)
Endpoint  : sv_chip2_hierarchy_no_mem.h_fltr_4_left.my_steer_fltr_inst^re_p_tmp_2~5_FF.D[0] (.latch clocked by sv_chip2_hierarchy_no_mem^tm3_clk_v0)
Path Type : hold

Point                                                                                                             Incr      Path
--------------------------------------------------------------------------------------------------------------------------------
clock sv_chip2_hierarchy_no_mem^tm3_clk_v0 (rise edge)                                                           0.000     0.000
clock source latency                                                                                             0.000     0.000
sv_chip2_hierarchy_no_mem^tm3_clk_v0.inpad[0] (.input)                                                           0.000     0.000
sv_chip2_hierarchy_no_mem.h_fltr_4_left.my_steer_fltr_inst^f3_reg~5_FF.clk[0] (.latch)                           0.000     0.000
sv_chip2_hierarchy_no_mem.h_fltr_4_left.my_steer_fltr_inst^f3_reg~5_FF.Q[0] (.latch) [clock-to-output]           0.124     0.124
sv_chip2_hierarchy_no_mem.h_fltr_4_left.my_steer_fltr_inst^re_p_tmp_2~5_FF.D[0] (.latch)                         0.000     0.124
data arrival time                                                                                                          0.124

clock sv_chip2_hierarchy_no_mem^tm3_clk_v0 (rise edge)                                                           0.000     0.000
clock source latency                                                                                             0.000     0.000
sv_chip2_hierarchy_no_mem^tm3_clk_v0.inpad[0] (.input)                                                           0.000     0.000
sv_chip2_hierarchy_no_mem.h_fltr_4_left.my_steer_fltr_inst^re_p_tmp_2~5_FF.clk[0] (.latch)                       0.000     0.000
clock uncertainty                                                                                                0.000     0.000
cell hold time                                                                                                   0.066     0.066
data required time                                                                                                         0.066
--------------------------------------------------------------------------------------------------------------------------------
data required time                                                                                                        -0.066
data arrival time                                                                                                          0.124
--------------------------------------------------------------------------------------------------------------------------------
slack (MET)                                                                                                                0.058


#Path 62
Startpoint: sv_chip2_hierarchy_no_mem.h_fltr_4_left.your_instance_name_f3^dout~5_FF.Q[0] (.latch clocked by sv_chip2_hierarchy_no_mem^tm3_clk_v0)
Endpoint  : sv_chip2_hierarchy_no_mem.h_fltr_4_left^vidin_out_reg_f3~5_FF.D[0] (.latch clocked by sv_chip2_hierarchy_no_mem^tm3_clk_v0)
Path Type : hold

Point                                                                                                          Incr      Path
-----------------------------------------------------------------------------------------------------------------------------
clock sv_chip2_hierarchy_no_mem^tm3_clk_v0 (rise edge)                                                        0.000     0.000
clock source latency                                                                                          0.000     0.000
sv_chip2_hierarchy_no_mem^tm3_clk_v0.inpad[0] (.input)                                                        0.000     0.000
sv_chip2_hierarchy_no_mem.h_fltr_4_left.your_instance_name_f3^dout~5_FF.clk[0] (.latch)                       0.000     0.000
sv_chip2_hierarchy_no_mem.h_fltr_4_left.your_instance_name_f3^dout~5_FF.Q[0] (.latch) [clock-to-output]       0.124     0.124
sv_chip2_hierarchy_no_mem.h_fltr_4_left^vidin_out_reg_f3~5_FF.D[0] (.latch)                                   0.000     0.124
data arrival time                                                                                                       0.124

clock sv_chip2_hierarchy_no_mem^tm3_clk_v0 (rise edge)                                                        0.000     0.000
clock source latency                                                                                          0.000     0.000
sv_chip2_hierarchy_no_mem^tm3_clk_v0.inpad[0] (.input)                                                        0.000     0.000
sv_chip2_hierarchy_no_mem.h_fltr_4_left^vidin_out_reg_f3~5_FF.clk[0] (.latch)                                 0.000     0.000
clock uncertainty                                                                                             0.000     0.000
cell hold time                                                                                                0.066     0.066
data required time                                                                                                      0.066
-----------------------------------------------------------------------------------------------------------------------------
data required time                                                                                                     -0.066
data arrival time                                                                                                       0.124
-----------------------------------------------------------------------------------------------------------------------------
slack (MET)                                                                                                             0.058


#Path 63
Startpoint: sv_chip2_hierarchy_no_mem.h_fltr_4_left.my_steer_fltr_inst^f3_reg~4_FF.Q[0] (.latch clocked by sv_chip2_hierarchy_no_mem^tm3_clk_v0)
Endpoint  : sv_chip2_hierarchy_no_mem.h_fltr_4_left.my_steer_fltr_inst^re_p_tmp_2~4_FF.D[0] (.latch clocked by sv_chip2_hierarchy_no_mem^tm3_clk_v0)
Path Type : hold

Point                                                                                                             Incr      Path
--------------------------------------------------------------------------------------------------------------------------------
clock sv_chip2_hierarchy_no_mem^tm3_clk_v0 (rise edge)                                                           0.000     0.000
clock source latency                                                                                             0.000     0.000
sv_chip2_hierarchy_no_mem^tm3_clk_v0.inpad[0] (.input)                                                           0.000     0.000
sv_chip2_hierarchy_no_mem.h_fltr_4_left.my_steer_fltr_inst^f3_reg~4_FF.clk[0] (.latch)                           0.000     0.000
sv_chip2_hierarchy_no_mem.h_fltr_4_left.my_steer_fltr_inst^f3_reg~4_FF.Q[0] (.latch) [clock-to-output]           0.124     0.124
sv_chip2_hierarchy_no_mem.h_fltr_4_left.my_steer_fltr_inst^re_p_tmp_2~4_FF.D[0] (.latch)                         0.000     0.124
data arrival time                                                                                                          0.124

clock sv_chip2_hierarchy_no_mem^tm3_clk_v0 (rise edge)                                                           0.000     0.000
clock source latency                                                                                             0.000     0.000
sv_chip2_hierarchy_no_mem^tm3_clk_v0.inpad[0] (.input)                                                           0.000     0.000
sv_chip2_hierarchy_no_mem.h_fltr_4_left.my_steer_fltr_inst^re_p_tmp_2~4_FF.clk[0] (.latch)                       0.000     0.000
clock uncertainty                                                                                                0.000     0.000
cell hold time                                                                                                   0.066     0.066
data required time                                                                                                         0.066
--------------------------------------------------------------------------------------------------------------------------------
data required time                                                                                                        -0.066
data arrival time                                                                                                          0.124
--------------------------------------------------------------------------------------------------------------------------------
slack (MET)                                                                                                                0.058


#Path 64
Startpoint: sv_chip2_hierarchy_no_mem.h_fltr_4_left.your_instance_name_f3^dout~4_FF.Q[0] (.latch clocked by sv_chip2_hierarchy_no_mem^tm3_clk_v0)
Endpoint  : sv_chip2_hierarchy_no_mem.h_fltr_4_left^vidin_out_reg_f3~4_FF.D[0] (.latch clocked by sv_chip2_hierarchy_no_mem^tm3_clk_v0)
Path Type : hold

Point                                                                                                          Incr      Path
-----------------------------------------------------------------------------------------------------------------------------
clock sv_chip2_hierarchy_no_mem^tm3_clk_v0 (rise edge)                                                        0.000     0.000
clock source latency                                                                                          0.000     0.000
sv_chip2_hierarchy_no_mem^tm3_clk_v0.inpad[0] (.input)                                                        0.000     0.000
sv_chip2_hierarchy_no_mem.h_fltr_4_left.your_instance_name_f3^dout~4_FF.clk[0] (.latch)                       0.000     0.000
sv_chip2_hierarchy_no_mem.h_fltr_4_left.your_instance_name_f3^dout~4_FF.Q[0] (.latch) [clock-to-output]       0.124     0.124
sv_chip2_hierarchy_no_mem.h_fltr_4_left^vidin_out_reg_f3~4_FF.D[0] (.latch)                                   0.000     0.124
data arrival time                                                                                                       0.124

clock sv_chip2_hierarchy_no_mem^tm3_clk_v0 (rise edge)                                                        0.000     0.000
clock source latency                                                                                          0.000     0.000
sv_chip2_hierarchy_no_mem^tm3_clk_v0.inpad[0] (.input)                                                        0.000     0.000
sv_chip2_hierarchy_no_mem.h_fltr_4_left^vidin_out_reg_f3~4_FF.clk[0] (.latch)                                 0.000     0.000
clock uncertainty                                                                                             0.000     0.000
cell hold time                                                                                                0.066     0.066
data required time                                                                                                      0.066
-----------------------------------------------------------------------------------------------------------------------------
data required time                                                                                                     -0.066
data arrival time                                                                                                       0.124
-----------------------------------------------------------------------------------------------------------------------------
slack (MET)                                                                                                             0.058


#Path 65
Startpoint: sv_chip2_hierarchy_no_mem.h_fltr_2_right.your_instance_name_f3^dout~16_FF.Q[0] (.latch clocked by sv_chip2_hierarchy_no_mem^tm3_clk_v0)
Endpoint  : sv_chip2_hierarchy_no_mem.h_fltr_2_right^vidin_out_reg_f3~16_FF.D[0] (.latch clocked by sv_chip2_hierarchy_no_mem^tm3_clk_v0)
Path Type : hold

Point                                                                                                            Incr      Path
-------------------------------------------------------------------------------------------------------------------------------
clock sv_chip2_hierarchy_no_mem^tm3_clk_v0 (rise edge)                                                          0.000     0.000
clock source latency                                                                                            0.000     0.000
sv_chip2_hierarchy_no_mem^tm3_clk_v0.inpad[0] (.input)                                                          0.000     0.000
sv_chip2_hierarchy_no_mem.h_fltr_2_right.your_instance_name_f3^dout~16_FF.clk[0] (.latch)                       0.000     0.000
sv_chip2_hierarchy_no_mem.h_fltr_2_right.your_instance_name_f3^dout~16_FF.Q[0] (.latch) [clock-to-output]       0.124     0.124
sv_chip2_hierarchy_no_mem.h_fltr_2_right^vidin_out_reg_f3~16_FF.D[0] (.latch)                                   0.000     0.124
data arrival time                                                                                                         0.124

clock sv_chip2_hierarchy_no_mem^tm3_clk_v0 (rise edge)                                                          0.000     0.000
clock source latency                                                                                            0.000     0.000
sv_chip2_hierarchy_no_mem^tm3_clk_v0.inpad[0] (.input)                                                          0.000     0.000
sv_chip2_hierarchy_no_mem.h_fltr_2_right^vidin_out_reg_f3~16_FF.clk[0] (.latch)                                 0.000     0.000
clock uncertainty                                                                                               0.000     0.000
cell hold time                                                                                                  0.066     0.066
data required time                                                                                                        0.066
-------------------------------------------------------------------------------------------------------------------------------
data required time                                                                                                       -0.066
data arrival time                                                                                                         0.124
-------------------------------------------------------------------------------------------------------------------------------
slack (MET)                                                                                                               0.058


#Path 66
Startpoint: sv_chip2_hierarchy_no_mem.h_fltr_4_left.your_instance_name_f1^dout~1_FF.Q[0] (.latch clocked by sv_chip2_hierarchy_no_mem^tm3_clk_v0)
Endpoint  : sv_chip2_hierarchy_no_mem.h_fltr_4_left^vidin_out_reg_f1~1_FF.D[0] (.latch clocked by sv_chip2_hierarchy_no_mem^tm3_clk_v0)
Path Type : hold

Point                                                                                                          Incr      Path
-----------------------------------------------------------------------------------------------------------------------------
clock sv_chip2_hierarchy_no_mem^tm3_clk_v0 (rise edge)                                                        0.000     0.000
clock source latency                                                                                          0.000     0.000
sv_chip2_hierarchy_no_mem^tm3_clk_v0.inpad[0] (.input)                                                        0.000     0.000
sv_chip2_hierarchy_no_mem.h_fltr_4_left.your_instance_name_f1^dout~1_FF.clk[0] (.latch)                       0.000     0.000
sv_chip2_hierarchy_no_mem.h_fltr_4_left.your_instance_name_f1^dout~1_FF.Q[0] (.latch) [clock-to-output]       0.124     0.124
sv_chip2_hierarchy_no_mem.h_fltr_4_left^vidin_out_reg_f1~1_FF.D[0] (.latch)                                   0.000     0.124
data arrival time                                                                                                       0.124

clock sv_chip2_hierarchy_no_mem^tm3_clk_v0 (rise edge)                                                        0.000     0.000
clock source latency                                                                                          0.000     0.000
sv_chip2_hierarchy_no_mem^tm3_clk_v0.inpad[0] (.input)                                                        0.000     0.000
sv_chip2_hierarchy_no_mem.h_fltr_4_left^vidin_out_reg_f1~1_FF.clk[0] (.latch)                                 0.000     0.000
clock uncertainty                                                                                             0.000     0.000
cell hold time                                                                                                0.066     0.066
data required time                                                                                                      0.066
-----------------------------------------------------------------------------------------------------------------------------
data required time                                                                                                     -0.066
data arrival time                                                                                                       0.124
-----------------------------------------------------------------------------------------------------------------------------
slack (MET)                                                                                                             0.058


#Path 67
Startpoint: sv_chip2_hierarchy_no_mem.h_fltr_2_right.my_steer_fltr_inst^im_p~1_FF.Q[0] (.latch clocked by sv_chip2_hierarchy_no_mem^tm3_clk_v0)
Endpoint  : sv_chip2_hierarchy_no_mem.h_fltr_2_right^imag_p_reg~1_FF.D[0] (.latch clocked by sv_chip2_hierarchy_no_mem^tm3_clk_v0)
Path Type : hold

Point                                                                                                        Incr      Path
---------------------------------------------------------------------------------------------------------------------------
clock sv_chip2_hierarchy_no_mem^tm3_clk_v0 (rise edge)                                                      0.000     0.000
clock source latency                                                                                        0.000     0.000
sv_chip2_hierarchy_no_mem^tm3_clk_v0.inpad[0] (.input)                                                      0.000     0.000
sv_chip2_hierarchy_no_mem.h_fltr_2_right.my_steer_fltr_inst^im_p~1_FF.clk[0] (.latch)                       0.000     0.000
sv_chip2_hierarchy_no_mem.h_fltr_2_right.my_steer_fltr_inst^im_p~1_FF.Q[0] (.latch) [clock-to-output]       0.124     0.124
sv_chip2_hierarchy_no_mem.h_fltr_2_right^imag_p_reg~1_FF.D[0] (.latch)                                      0.000     0.124
data arrival time                                                                                                     0.124

clock sv_chip2_hierarchy_no_mem^tm3_clk_v0 (rise edge)                                                      0.000     0.000
clock source latency                                                                                        0.000     0.000
sv_chip2_hierarchy_no_mem^tm3_clk_v0.inpad[0] (.input)                                                      0.000     0.000
sv_chip2_hierarchy_no_mem.h_fltr_2_right^imag_p_reg~1_FF.clk[0] (.latch)                                    0.000     0.000
clock uncertainty                                                                                           0.000     0.000
cell hold time                                                                                              0.066     0.066
data required time                                                                                                    0.066
---------------------------------------------------------------------------------------------------------------------------
data required time                                                                                                   -0.066
data arrival time                                                                                                     0.124
---------------------------------------------------------------------------------------------------------------------------
slack (MET)                                                                                                           0.058


#Path 68
Startpoint: sv_chip2_hierarchy_no_mem.h_fltr_2_right.my_steer_fltr_inst^im_p~0_FF.Q[0] (.latch clocked by sv_chip2_hierarchy_no_mem^tm3_clk_v0)
Endpoint  : sv_chip2_hierarchy_no_mem.h_fltr_2_right^imag_p_reg~0_FF.D[0] (.latch clocked by sv_chip2_hierarchy_no_mem^tm3_clk_v0)
Path Type : hold

Point                                                                                                        Incr      Path
---------------------------------------------------------------------------------------------------------------------------
clock sv_chip2_hierarchy_no_mem^tm3_clk_v0 (rise edge)                                                      0.000     0.000
clock source latency                                                                                        0.000     0.000
sv_chip2_hierarchy_no_mem^tm3_clk_v0.inpad[0] (.input)                                                      0.000     0.000
sv_chip2_hierarchy_no_mem.h_fltr_2_right.my_steer_fltr_inst^im_p~0_FF.clk[0] (.latch)                       0.000     0.000
sv_chip2_hierarchy_no_mem.h_fltr_2_right.my_steer_fltr_inst^im_p~0_FF.Q[0] (.latch) [clock-to-output]       0.124     0.124
sv_chip2_hierarchy_no_mem.h_fltr_2_right^imag_p_reg~0_FF.D[0] (.latch)                                      0.000     0.124
data arrival time                                                                                                     0.124

clock sv_chip2_hierarchy_no_mem^tm3_clk_v0 (rise edge)                                                      0.000     0.000
clock source latency                                                                                        0.000     0.000
sv_chip2_hierarchy_no_mem^tm3_clk_v0.inpad[0] (.input)                                                      0.000     0.000
sv_chip2_hierarchy_no_mem.h_fltr_2_right^imag_p_reg~0_FF.clk[0] (.latch)                                    0.000     0.000
clock uncertainty                                                                                           0.000     0.000
cell hold time                                                                                              0.066     0.066
data required time                                                                                                    0.066
---------------------------------------------------------------------------------------------------------------------------
data required time                                                                                                   -0.066
data arrival time                                                                                                     0.124
---------------------------------------------------------------------------------------------------------------------------
slack (MET)                                                                                                           0.058


#Path 69
Startpoint: sv_chip2_hierarchy_no_mem.h_fltr_2_right.my_steer_fltr_inst^im_p_tmp~15_FF.Q[0] (.latch clocked by sv_chip2_hierarchy_no_mem^tm3_clk_v0)
Endpoint  : sv_chip2_hierarchy_no_mem.h_fltr_2_right.my_steer_fltr_inst^im_p~0_FF.D[0] (.latch clocked by sv_chip2_hierarchy_no_mem^tm3_clk_v0)
Path Type : hold

Point                                                                                                             Incr      Path
--------------------------------------------------------------------------------------------------------------------------------
clock sv_chip2_hierarchy_no_mem^tm3_clk_v0 (rise edge)                                                           0.000     0.000
clock source latency                                                                                             0.000     0.000
sv_chip2_hierarchy_no_mem^tm3_clk_v0.inpad[0] (.input)                                                           0.000     0.000
sv_chip2_hierarchy_no_mem.h_fltr_2_right.my_steer_fltr_inst^im_p_tmp~15_FF.clk[0] (.latch)                       0.000     0.000
sv_chip2_hierarchy_no_mem.h_fltr_2_right.my_steer_fltr_inst^im_p_tmp~15_FF.Q[0] (.latch) [clock-to-output]       0.124     0.124
sv_chip2_hierarchy_no_mem.h_fltr_2_right.my_steer_fltr_inst^im_p~0_FF.D[0] (.latch)                              0.000     0.124
data arrival time                                                                                                          0.124

clock sv_chip2_hierarchy_no_mem^tm3_clk_v0 (rise edge)                                                           0.000     0.000
clock source latency                                                                                             0.000     0.000
sv_chip2_hierarchy_no_mem^tm3_clk_v0.inpad[0] (.input)                                                           0.000     0.000
sv_chip2_hierarchy_no_mem.h_fltr_2_right.my_steer_fltr_inst^im_p~0_FF.clk[0] (.latch)                            0.000     0.000
clock uncertainty                                                                                                0.000     0.000
cell hold time                                                                                                   0.066     0.066
data required time                                                                                                         0.066
--------------------------------------------------------------------------------------------------------------------------------
data required time                                                                                                        -0.066
data arrival time                                                                                                          0.124
--------------------------------------------------------------------------------------------------------------------------------
slack (MET)                                                                                                                0.058


#Path 70
Startpoint: sv_chip2_hierarchy_no_mem.h_fltr_2_right.your_instance_name_h2^dout~2_FF.Q[0] (.latch clocked by sv_chip2_hierarchy_no_mem^tm3_clk_v0)
Endpoint  : sv_chip2_hierarchy_no_mem.h_fltr_2_right^vidin_out_reg_h2~2_FF.D[0] (.latch clocked by sv_chip2_hierarchy_no_mem^tm3_clk_v0)
Path Type : hold

Point                                                                                                           Incr      Path
------------------------------------------------------------------------------------------------------------------------------
clock sv_chip2_hierarchy_no_mem^tm3_clk_v0 (rise edge)                                                         0.000     0.000
clock source latency                                                                                           0.000     0.000
sv_chip2_hierarchy_no_mem^tm3_clk_v0.inpad[0] (.input)                                                         0.000     0.000
sv_chip2_hierarchy_no_mem.h_fltr_2_right.your_instance_name_h2^dout~2_FF.clk[0] (.latch)                       0.000     0.000
sv_chip2_hierarchy_no_mem.h_fltr_2_right.your_instance_name_h2^dout~2_FF.Q[0] (.latch) [clock-to-output]       0.124     0.124
sv_chip2_hierarchy_no_mem.h_fltr_2_right^vidin_out_reg_h2~2_FF.D[0] (.latch)                                   0.000     0.124
data arrival time                                                                                                        0.124

clock sv_chip2_hierarchy_no_mem^tm3_clk_v0 (rise edge)                                                         0.000     0.000
clock source latency                                                                                           0.000     0.000
sv_chip2_hierarchy_no_mem^tm3_clk_v0.inpad[0] (.input)                                                         0.000     0.000
sv_chip2_hierarchy_no_mem.h_fltr_2_right^vidin_out_reg_h2~2_FF.clk[0] (.latch)                                 0.000     0.000
clock uncertainty                                                                                              0.000     0.000
cell hold time                                                                                                 0.066     0.066
data required time                                                                                                       0.066
------------------------------------------------------------------------------------------------------------------------------
data required time                                                                                                      -0.066
data arrival time                                                                                                        0.124
------------------------------------------------------------------------------------------------------------------------------
slack (MET)                                                                                                              0.058


#Path 71
Startpoint: sv_chip2_hierarchy_no_mem.v_fltr_2_right.inst_fltr_compute_f3^d_out_tmp~12_FF.Q[0] (.latch clocked by sv_chip2_hierarchy_no_mem^tm3_clk_v0)
Endpoint  : lo11278.D[0] (.latch clocked by sv_chip2_hierarchy_no_mem^tm3_clk_v0)
Path Type : hold

Point                                                                                                                Incr      Path
-----------------------------------------------------------------------------------------------------------------------------------
clock sv_chip2_hierarchy_no_mem^tm3_clk_v0 (rise edge)                                                              0.000     0.000
clock source latency                                                                                                0.000     0.000
sv_chip2_hierarchy_no_mem^tm3_clk_v0.inpad[0] (.input)                                                              0.000     0.000
sv_chip2_hierarchy_no_mem.v_fltr_2_right.inst_fltr_compute_f3^d_out_tmp~12_FF.clk[0] (.latch)                       0.000     0.000
sv_chip2_hierarchy_no_mem.v_fltr_2_right.inst_fltr_compute_f3^d_out_tmp~12_FF.Q[0] (.latch) [clock-to-output]       0.124     0.124
lo11278.D[0] (.latch)                                                                                               0.000     0.124
data arrival time                                                                                                             0.124

clock sv_chip2_hierarchy_no_mem^tm3_clk_v0 (rise edge)                                                              0.000     0.000
clock source latency                                                                                                0.000     0.000
sv_chip2_hierarchy_no_mem^tm3_clk_v0.inpad[0] (.input)                                                              0.000     0.000
lo11278.clk[0] (.latch)                                                                                             0.000     0.000
clock uncertainty                                                                                                   0.000     0.000
cell hold time                                                                                                      0.066     0.066
data required time                                                                                                            0.066
-----------------------------------------------------------------------------------------------------------------------------------
data required time                                                                                                           -0.066
data arrival time                                                                                                             0.124
-----------------------------------------------------------------------------------------------------------------------------------
slack (MET)                                                                                                                   0.058


#Path 72
Startpoint: sv_chip2_hierarchy_no_mem.v_fltr_2_right.inst_fltr_compute_f3^d_out_tmp~10_FF.Q[0] (.latch clocked by sv_chip2_hierarchy_no_mem^tm3_clk_v0)
Endpoint  : lo11262.D[0] (.latch clocked by sv_chip2_hierarchy_no_mem^tm3_clk_v0)
Path Type : hold

Point                                                                                                                Incr      Path
-----------------------------------------------------------------------------------------------------------------------------------
clock sv_chip2_hierarchy_no_mem^tm3_clk_v0 (rise edge)                                                              0.000     0.000
clock source latency                                                                                                0.000     0.000
sv_chip2_hierarchy_no_mem^tm3_clk_v0.inpad[0] (.input)                                                              0.000     0.000
sv_chip2_hierarchy_no_mem.v_fltr_2_right.inst_fltr_compute_f3^d_out_tmp~10_FF.clk[0] (.latch)                       0.000     0.000
sv_chip2_hierarchy_no_mem.v_fltr_2_right.inst_fltr_compute_f3^d_out_tmp~10_FF.Q[0] (.latch) [clock-to-output]       0.124     0.124
lo11262.D[0] (.latch)                                                                                               0.000     0.124
data arrival time                                                                                                             0.124

clock sv_chip2_hierarchy_no_mem^tm3_clk_v0 (rise edge)                                                              0.000     0.000
clock source latency                                                                                                0.000     0.000
sv_chip2_hierarchy_no_mem^tm3_clk_v0.inpad[0] (.input)                                                              0.000     0.000
lo11262.clk[0] (.latch)                                                                                             0.000     0.000
clock uncertainty                                                                                                   0.000     0.000
cell hold time                                                                                                      0.066     0.066
data required time                                                                                                            0.066
-----------------------------------------------------------------------------------------------------------------------------------
data required time                                                                                                           -0.066
data arrival time                                                                                                             0.124
-----------------------------------------------------------------------------------------------------------------------------------
slack (MET)                                                                                                                   0.058


#Path 73
Startpoint: sv_chip2_hierarchy_no_mem.v_fltr_2_right.inst_fltr_compute_f3^d_out_tmp~8_FF.Q[0] (.latch clocked by sv_chip2_hierarchy_no_mem^tm3_clk_v0)
Endpoint  : lo11246.D[0] (.latch clocked by sv_chip2_hierarchy_no_mem^tm3_clk_v0)
Path Type : hold

Point                                                                                                               Incr      Path
----------------------------------------------------------------------------------------------------------------------------------
clock sv_chip2_hierarchy_no_mem^tm3_clk_v0 (rise edge)                                                             0.000     0.000
clock source latency                                                                                               0.000     0.000
sv_chip2_hierarchy_no_mem^tm3_clk_v0.inpad[0] (.input)                                                             0.000     0.000
sv_chip2_hierarchy_no_mem.v_fltr_2_right.inst_fltr_compute_f3^d_out_tmp~8_FF.clk[0] (.latch)                       0.000     0.000
sv_chip2_hierarchy_no_mem.v_fltr_2_right.inst_fltr_compute_f3^d_out_tmp~8_FF.Q[0] (.latch) [clock-to-output]       0.124     0.124
lo11246.D[0] (.latch)                                                                                              0.000     0.124
data arrival time                                                                                                            0.124

clock sv_chip2_hierarchy_no_mem^tm3_clk_v0 (rise edge)                                                             0.000     0.000
clock source latency                                                                                               0.000     0.000
sv_chip2_hierarchy_no_mem^tm3_clk_v0.inpad[0] (.input)                                                             0.000     0.000
lo11246.clk[0] (.latch)                                                                                            0.000     0.000
clock uncertainty                                                                                                  0.000     0.000
cell hold time                                                                                                     0.066     0.066
data required time                                                                                                           0.066
----------------------------------------------------------------------------------------------------------------------------------
data required time                                                                                                          -0.066
data arrival time                                                                                                            0.124
----------------------------------------------------------------------------------------------------------------------------------
slack (MET)                                                                                                                  0.058


#Path 74
Startpoint: sv_chip2_hierarchy_no_mem.v_fltr_4_left.inst_fltr_compute_f2^d_out_tmp~3_FF.Q[0] (.latch clocked by sv_chip2_hierarchy_no_mem^tm3_clk_v0)
Endpoint  : lo05677.D[0] (.latch clocked by sv_chip2_hierarchy_no_mem^tm3_clk_v0)
Path Type : hold

Point                                                                                                              Incr      Path
---------------------------------------------------------------------------------------------------------------------------------
clock sv_chip2_hierarchy_no_mem^tm3_clk_v0 (rise edge)                                                            0.000     0.000
clock source latency                                                                                              0.000     0.000
sv_chip2_hierarchy_no_mem^tm3_clk_v0.inpad[0] (.input)                                                            0.000     0.000
sv_chip2_hierarchy_no_mem.v_fltr_4_left.inst_fltr_compute_f2^d_out_tmp~3_FF.clk[0] (.latch)                       0.000     0.000
sv_chip2_hierarchy_no_mem.v_fltr_4_left.inst_fltr_compute_f2^d_out_tmp~3_FF.Q[0] (.latch) [clock-to-output]       0.124     0.124
lo05677.D[0] (.latch)                                                                                             0.000     0.124
data arrival time                                                                                                           0.124

clock sv_chip2_hierarchy_no_mem^tm3_clk_v0 (rise edge)                                                            0.000     0.000
clock source latency                                                                                              0.000     0.000
sv_chip2_hierarchy_no_mem^tm3_clk_v0.inpad[0] (.input)                                                            0.000     0.000
lo05677.clk[0] (.latch)                                                                                           0.000     0.000
clock uncertainty                                                                                                 0.000     0.000
cell hold time                                                                                                    0.066     0.066
data required time                                                                                                          0.066
---------------------------------------------------------------------------------------------------------------------------------
data required time                                                                                                         -0.066
data arrival time                                                                                                           0.124
---------------------------------------------------------------------------------------------------------------------------------
slack (MET)                                                                                                                 0.058


#Path 75
Startpoint: sv_chip2_hierarchy_no_mem.h_fltr_2_right.my_steer_fltr_inst^im_p_tmp~17_FF.Q[0] (.latch clocked by sv_chip2_hierarchy_no_mem^tm3_clk_v0)
Endpoint  : sv_chip2_hierarchy_no_mem.h_fltr_2_right.my_steer_fltr_inst^im_p~2_FF.D[0] (.latch clocked by sv_chip2_hierarchy_no_mem^tm3_clk_v0)
Path Type : hold

Point                                                                                                             Incr      Path
--------------------------------------------------------------------------------------------------------------------------------
clock sv_chip2_hierarchy_no_mem^tm3_clk_v0 (rise edge)                                                           0.000     0.000
clock source latency                                                                                             0.000     0.000
sv_chip2_hierarchy_no_mem^tm3_clk_v0.inpad[0] (.input)                                                           0.000     0.000
sv_chip2_hierarchy_no_mem.h_fltr_2_right.my_steer_fltr_inst^im_p_tmp~17_FF.clk[0] (.latch)                       0.000     0.000
sv_chip2_hierarchy_no_mem.h_fltr_2_right.my_steer_fltr_inst^im_p_tmp~17_FF.Q[0] (.latch) [clock-to-output]       0.124     0.124
sv_chip2_hierarchy_no_mem.h_fltr_2_right.my_steer_fltr_inst^im_p~2_FF.D[0] (.latch)                              0.000     0.124
data arrival time                                                                                                          0.124

clock sv_chip2_hierarchy_no_mem^tm3_clk_v0 (rise edge)                                                           0.000     0.000
clock source latency                                                                                             0.000     0.000
sv_chip2_hierarchy_no_mem^tm3_clk_v0.inpad[0] (.input)                                                           0.000     0.000
sv_chip2_hierarchy_no_mem.h_fltr_2_right.my_steer_fltr_inst^im_p~2_FF.clk[0] (.latch)                            0.000     0.000
clock uncertainty                                                                                                0.000     0.000
cell hold time                                                                                                   0.066     0.066
data required time                                                                                                         0.066
--------------------------------------------------------------------------------------------------------------------------------
data required time                                                                                                        -0.066
data arrival time                                                                                                          0.124
--------------------------------------------------------------------------------------------------------------------------------
slack (MET)                                                                                                                0.058


#Path 76
Startpoint: sv_chip2_hierarchy_no_mem.v_fltr_2_right.inst_fltr_compute_f3^d_out_tmp~4_FF.Q[0] (.latch clocked by sv_chip2_hierarchy_no_mem^tm3_clk_v0)
Endpoint  : lo11214.D[0] (.latch clocked by sv_chip2_hierarchy_no_mem^tm3_clk_v0)
Path Type : hold

Point                                                                                                               Incr      Path
----------------------------------------------------------------------------------------------------------------------------------
clock sv_chip2_hierarchy_no_mem^tm3_clk_v0 (rise edge)                                                             0.000     0.000
clock source latency                                                                                               0.000     0.000
sv_chip2_hierarchy_no_mem^tm3_clk_v0.inpad[0] (.input)                                                             0.000     0.000
sv_chip2_hierarchy_no_mem.v_fltr_2_right.inst_fltr_compute_f3^d_out_tmp~4_FF.clk[0] (.latch)                       0.000     0.000
sv_chip2_hierarchy_no_mem.v_fltr_2_right.inst_fltr_compute_f3^d_out_tmp~4_FF.Q[0] (.latch) [clock-to-output]       0.124     0.124
lo11214.D[0] (.latch)                                                                                              0.000     0.124
data arrival time                                                                                                            0.124

clock sv_chip2_hierarchy_no_mem^tm3_clk_v0 (rise edge)                                                             0.000     0.000
clock source latency                                                                                               0.000     0.000
sv_chip2_hierarchy_no_mem^tm3_clk_v0.inpad[0] (.input)                                                             0.000     0.000
lo11214.clk[0] (.latch)                                                                                            0.000     0.000
clock uncertainty                                                                                                  0.000     0.000
cell hold time                                                                                                     0.066     0.066
data required time                                                                                                           0.066
----------------------------------------------------------------------------------------------------------------------------------
data required time                                                                                                          -0.066
data arrival time                                                                                                            0.124
----------------------------------------------------------------------------------------------------------------------------------
slack (MET)                                                                                                                  0.058


#Path 77
Startpoint: sv_chip2_hierarchy_no_mem.h_fltr_4_left.your_instance_name_f1^dout~2_FF.Q[0] (.latch clocked by sv_chip2_hierarchy_no_mem^tm3_clk_v0)
Endpoint  : sv_chip2_hierarchy_no_mem.h_fltr_4_left^vidin_out_reg_f1~2_FF.D[0] (.latch clocked by sv_chip2_hierarchy_no_mem^tm3_clk_v0)
Path Type : hold

Point                                                                                                          Incr      Path
-----------------------------------------------------------------------------------------------------------------------------
clock sv_chip2_hierarchy_no_mem^tm3_clk_v0 (rise edge)                                                        0.000     0.000
clock source latency                                                                                          0.000     0.000
sv_chip2_hierarchy_no_mem^tm3_clk_v0.inpad[0] (.input)                                                        0.000     0.000
sv_chip2_hierarchy_no_mem.h_fltr_4_left.your_instance_name_f1^dout~2_FF.clk[0] (.latch)                       0.000     0.000
sv_chip2_hierarchy_no_mem.h_fltr_4_left.your_instance_name_f1^dout~2_FF.Q[0] (.latch) [clock-to-output]       0.124     0.124
sv_chip2_hierarchy_no_mem.h_fltr_4_left^vidin_out_reg_f1~2_FF.D[0] (.latch)                                   0.000     0.124
data arrival time                                                                                                       0.124

clock sv_chip2_hierarchy_no_mem^tm3_clk_v0 (rise edge)                                                        0.000     0.000
clock source latency                                                                                          0.000     0.000
sv_chip2_hierarchy_no_mem^tm3_clk_v0.inpad[0] (.input)                                                        0.000     0.000
sv_chip2_hierarchy_no_mem.h_fltr_4_left^vidin_out_reg_f1~2_FF.clk[0] (.latch)                                 0.000     0.000
clock uncertainty                                                                                             0.000     0.000
cell hold time                                                                                                0.066     0.066
data required time                                                                                                      0.066
-----------------------------------------------------------------------------------------------------------------------------
data required time                                                                                                     -0.066
data arrival time                                                                                                       0.124
-----------------------------------------------------------------------------------------------------------------------------
slack (MET)                                                                                                             0.058


#Path 78
Startpoint: sv_chip2_hierarchy_no_mem.h_fltr_2_right.my_steer_fltr_inst^f3_reg~27_FF.Q[0] (.latch clocked by sv_chip2_hierarchy_no_mem^tm3_clk_v0)
Endpoint  : sv_chip2_hierarchy_no_mem.h_fltr_2_right.my_steer_fltr_inst^re_p_tmp_2~28_FF.D[0] (.latch clocked by sv_chip2_hierarchy_no_mem^tm3_clk_v0)
Path Type : hold

Point                                                                                                               Incr      Path
----------------------------------------------------------------------------------------------------------------------------------
clock sv_chip2_hierarchy_no_mem^tm3_clk_v0 (rise edge)                                                             0.000     0.000
clock source latency                                                                                               0.000     0.000
sv_chip2_hierarchy_no_mem^tm3_clk_v0.inpad[0] (.input)                                                             0.000     0.000
sv_chip2_hierarchy_no_mem.h_fltr_2_right.my_steer_fltr_inst^f3_reg~27_FF.clk[0] (.latch)                           0.000     0.000
sv_chip2_hierarchy_no_mem.h_fltr_2_right.my_steer_fltr_inst^f3_reg~27_FF.Q[0] (.latch) [clock-to-output]           0.124     0.124
sv_chip2_hierarchy_no_mem.h_fltr_2_right.my_steer_fltr_inst^re_p_tmp_2~28_FF.D[0] (.latch)                         0.000     0.124
data arrival time                                                                                                            0.124

clock sv_chip2_hierarchy_no_mem^tm3_clk_v0 (rise edge)                                                             0.000     0.000
clock source latency                                                                                               0.000     0.000
sv_chip2_hierarchy_no_mem^tm3_clk_v0.inpad[0] (.input)                                                             0.000     0.000
sv_chip2_hierarchy_no_mem.h_fltr_2_right.my_steer_fltr_inst^re_p_tmp_2~28_FF.clk[0] (.latch)                       0.000     0.000
clock uncertainty                                                                                                  0.000     0.000
cell hold time                                                                                                     0.066     0.066
data required time                                                                                                           0.066
----------------------------------------------------------------------------------------------------------------------------------
data required time                                                                                                          -0.066
data arrival time                                                                                                            0.124
----------------------------------------------------------------------------------------------------------------------------------
slack (MET)                                                                                                                  0.058


#Path 79
Startpoint: sv_chip2_hierarchy_no_mem.h_fltr_4_left.your_instance_name_f1^dout~3_FF.Q[0] (.latch clocked by sv_chip2_hierarchy_no_mem^tm3_clk_v0)
Endpoint  : sv_chip2_hierarchy_no_mem.h_fltr_4_left^vidin_out_reg_f1~3_FF.D[0] (.latch clocked by sv_chip2_hierarchy_no_mem^tm3_clk_v0)
Path Type : hold

Point                                                                                                          Incr      Path
-----------------------------------------------------------------------------------------------------------------------------
clock sv_chip2_hierarchy_no_mem^tm3_clk_v0 (rise edge)                                                        0.000     0.000
clock source latency                                                                                          0.000     0.000
sv_chip2_hierarchy_no_mem^tm3_clk_v0.inpad[0] (.input)                                                        0.000     0.000
sv_chip2_hierarchy_no_mem.h_fltr_4_left.your_instance_name_f1^dout~3_FF.clk[0] (.latch)                       0.000     0.000
sv_chip2_hierarchy_no_mem.h_fltr_4_left.your_instance_name_f1^dout~3_FF.Q[0] (.latch) [clock-to-output]       0.124     0.124
sv_chip2_hierarchy_no_mem.h_fltr_4_left^vidin_out_reg_f1~3_FF.D[0] (.latch)                                   0.000     0.124
data arrival time                                                                                                       0.124

clock sv_chip2_hierarchy_no_mem^tm3_clk_v0 (rise edge)                                                        0.000     0.000
clock source latency                                                                                          0.000     0.000
sv_chip2_hierarchy_no_mem^tm3_clk_v0.inpad[0] (.input)                                                        0.000     0.000
sv_chip2_hierarchy_no_mem.h_fltr_4_left^vidin_out_reg_f1~3_FF.clk[0] (.latch)                                 0.000     0.000
clock uncertainty                                                                                             0.000     0.000
cell hold time                                                                                                0.066     0.066
data required time                                                                                                      0.066
-----------------------------------------------------------------------------------------------------------------------------
data required time                                                                                                     -0.066
data arrival time                                                                                                       0.124
-----------------------------------------------------------------------------------------------------------------------------
slack (MET)                                                                                                             0.058


#Path 80
Startpoint: sv_chip2_hierarchy_no_mem.h_fltr_2_right.your_instance_name_f3^dout~27_FF.Q[0] (.latch clocked by sv_chip2_hierarchy_no_mem^tm3_clk_v0)
Endpoint  : sv_chip2_hierarchy_no_mem.h_fltr_2_right^vidin_out_reg_f3~27_FF.D[0] (.latch clocked by sv_chip2_hierarchy_no_mem^tm3_clk_v0)
Path Type : hold

Point                                                                                                            Incr      Path
-------------------------------------------------------------------------------------------------------------------------------
clock sv_chip2_hierarchy_no_mem^tm3_clk_v0 (rise edge)                                                          0.000     0.000
clock source latency                                                                                            0.000     0.000
sv_chip2_hierarchy_no_mem^tm3_clk_v0.inpad[0] (.input)                                                          0.000     0.000
sv_chip2_hierarchy_no_mem.h_fltr_2_right.your_instance_name_f3^dout~27_FF.clk[0] (.latch)                       0.000     0.000
sv_chip2_hierarchy_no_mem.h_fltr_2_right.your_instance_name_f3^dout~27_FF.Q[0] (.latch) [clock-to-output]       0.124     0.124
sv_chip2_hierarchy_no_mem.h_fltr_2_right^vidin_out_reg_f3~27_FF.D[0] (.latch)                                   0.000     0.124
data arrival time                                                                                                         0.124

clock sv_chip2_hierarchy_no_mem^tm3_clk_v0 (rise edge)                                                          0.000     0.000
clock source latency                                                                                            0.000     0.000
sv_chip2_hierarchy_no_mem^tm3_clk_v0.inpad[0] (.input)                                                          0.000     0.000
sv_chip2_hierarchy_no_mem.h_fltr_2_right^vidin_out_reg_f3~27_FF.clk[0] (.latch)                                 0.000     0.000
clock uncertainty                                                                                               0.000     0.000
cell hold time                                                                                                  0.066     0.066
data required time                                                                                                        0.066
-------------------------------------------------------------------------------------------------------------------------------
data required time                                                                                                       -0.066
data arrival time                                                                                                         0.124
-------------------------------------------------------------------------------------------------------------------------------
slack (MET)                                                                                                               0.058


#Path 81
Startpoint: sv_chip2_hierarchy_no_mem.h_fltr_4_left.your_instance_name_f1^dout~4_FF.Q[0] (.latch clocked by sv_chip2_hierarchy_no_mem^tm3_clk_v0)
Endpoint  : sv_chip2_hierarchy_no_mem.h_fltr_4_left^vidin_out_reg_f1~4_FF.D[0] (.latch clocked by sv_chip2_hierarchy_no_mem^tm3_clk_v0)
Path Type : hold

Point                                                                                                          Incr      Path
-----------------------------------------------------------------------------------------------------------------------------
clock sv_chip2_hierarchy_no_mem^tm3_clk_v0 (rise edge)                                                        0.000     0.000
clock source latency                                                                                          0.000     0.000
sv_chip2_hierarchy_no_mem^tm3_clk_v0.inpad[0] (.input)                                                        0.000     0.000
sv_chip2_hierarchy_no_mem.h_fltr_4_left.your_instance_name_f1^dout~4_FF.clk[0] (.latch)                       0.000     0.000
sv_chip2_hierarchy_no_mem.h_fltr_4_left.your_instance_name_f1^dout~4_FF.Q[0] (.latch) [clock-to-output]       0.124     0.124
sv_chip2_hierarchy_no_mem.h_fltr_4_left^vidin_out_reg_f1~4_FF.D[0] (.latch)                                   0.000     0.124
data arrival time                                                                                                       0.124

clock sv_chip2_hierarchy_no_mem^tm3_clk_v0 (rise edge)                                                        0.000     0.000
clock source latency                                                                                          0.000     0.000
sv_chip2_hierarchy_no_mem^tm3_clk_v0.inpad[0] (.input)                                                        0.000     0.000
sv_chip2_hierarchy_no_mem.h_fltr_4_left^vidin_out_reg_f1~4_FF.clk[0] (.latch)                                 0.000     0.000
clock uncertainty                                                                                             0.000     0.000
cell hold time                                                                                                0.066     0.066
data required time                                                                                                      0.066
-----------------------------------------------------------------------------------------------------------------------------
data required time                                                                                                     -0.066
data arrival time                                                                                                       0.124
-----------------------------------------------------------------------------------------------------------------------------
slack (MET)                                                                                                             0.058


#Path 82
Startpoint: sv_chip2_hierarchy_no_mem.h_fltr_2_right.my_steer_fltr_inst^f3_reg~26_FF.Q[0] (.latch clocked by sv_chip2_hierarchy_no_mem^tm3_clk_v0)
Endpoint  : sv_chip2_hierarchy_no_mem.h_fltr_2_right.my_steer_fltr_inst^re_p_tmp_2~26_FF.D[0] (.latch clocked by sv_chip2_hierarchy_no_mem^tm3_clk_v0)
Path Type : hold

Point                                                                                                               Incr      Path
----------------------------------------------------------------------------------------------------------------------------------
clock sv_chip2_hierarchy_no_mem^tm3_clk_v0 (rise edge)                                                             0.000     0.000
clock source latency                                                                                               0.000     0.000
sv_chip2_hierarchy_no_mem^tm3_clk_v0.inpad[0] (.input)                                                             0.000     0.000
sv_chip2_hierarchy_no_mem.h_fltr_2_right.my_steer_fltr_inst^f3_reg~26_FF.clk[0] (.latch)                           0.000     0.000
sv_chip2_hierarchy_no_mem.h_fltr_2_right.my_steer_fltr_inst^f3_reg~26_FF.Q[0] (.latch) [clock-to-output]           0.124     0.124
sv_chip2_hierarchy_no_mem.h_fltr_2_right.my_steer_fltr_inst^re_p_tmp_2~26_FF.D[0] (.latch)                         0.000     0.124
data arrival time                                                                                                            0.124

clock sv_chip2_hierarchy_no_mem^tm3_clk_v0 (rise edge)                                                             0.000     0.000
clock source latency                                                                                               0.000     0.000
sv_chip2_hierarchy_no_mem^tm3_clk_v0.inpad[0] (.input)                                                             0.000     0.000
sv_chip2_hierarchy_no_mem.h_fltr_2_right.my_steer_fltr_inst^re_p_tmp_2~26_FF.clk[0] (.latch)                       0.000     0.000
clock uncertainty                                                                                                  0.000     0.000
cell hold time                                                                                                     0.066     0.066
data required time                                                                                                           0.066
----------------------------------------------------------------------------------------------------------------------------------
data required time                                                                                                          -0.066
data arrival time                                                                                                            0.124
----------------------------------------------------------------------------------------------------------------------------------
slack (MET)                                                                                                                  0.058


#Path 83
Startpoint: sv_chip2_hierarchy_no_mem.h_fltr_4_left.your_instance_name_f1^dout~5_FF.Q[0] (.latch clocked by sv_chip2_hierarchy_no_mem^tm3_clk_v0)
Endpoint  : sv_chip2_hierarchy_no_mem.h_fltr_4_left^vidin_out_reg_f1~5_FF.D[0] (.latch clocked by sv_chip2_hierarchy_no_mem^tm3_clk_v0)
Path Type : hold

Point                                                                                                          Incr      Path
-----------------------------------------------------------------------------------------------------------------------------
clock sv_chip2_hierarchy_no_mem^tm3_clk_v0 (rise edge)                                                        0.000     0.000
clock source latency                                                                                          0.000     0.000
sv_chip2_hierarchy_no_mem^tm3_clk_v0.inpad[0] (.input)                                                        0.000     0.000
sv_chip2_hierarchy_no_mem.h_fltr_4_left.your_instance_name_f1^dout~5_FF.clk[0] (.latch)                       0.000     0.000
sv_chip2_hierarchy_no_mem.h_fltr_4_left.your_instance_name_f1^dout~5_FF.Q[0] (.latch) [clock-to-output]       0.124     0.124
sv_chip2_hierarchy_no_mem.h_fltr_4_left^vidin_out_reg_f1~5_FF.D[0] (.latch)                                   0.000     0.124
data arrival time                                                                                                       0.124

clock sv_chip2_hierarchy_no_mem^tm3_clk_v0 (rise edge)                                                        0.000     0.000
clock source latency                                                                                          0.000     0.000
sv_chip2_hierarchy_no_mem^tm3_clk_v0.inpad[0] (.input)                                                        0.000     0.000
sv_chip2_hierarchy_no_mem.h_fltr_4_left^vidin_out_reg_f1~5_FF.clk[0] (.latch)                                 0.000     0.000
clock uncertainty                                                                                             0.000     0.000
cell hold time                                                                                                0.066     0.066
data required time                                                                                                      0.066
-----------------------------------------------------------------------------------------------------------------------------
data required time                                                                                                     -0.066
data arrival time                                                                                                       0.124
-----------------------------------------------------------------------------------------------------------------------------
slack (MET)                                                                                                             0.058


#Path 84
Startpoint: sv_chip2_hierarchy_no_mem.h_fltr_2_right.my_steer_fltr_inst^im_p~2_FF.Q[0] (.latch clocked by sv_chip2_hierarchy_no_mem^tm3_clk_v0)
Endpoint  : sv_chip2_hierarchy_no_mem.h_fltr_2_right^imag_p_reg~2_FF.D[0] (.latch clocked by sv_chip2_hierarchy_no_mem^tm3_clk_v0)
Path Type : hold

Point                                                                                                        Incr      Path
---------------------------------------------------------------------------------------------------------------------------
clock sv_chip2_hierarchy_no_mem^tm3_clk_v0 (rise edge)                                                      0.000     0.000
clock source latency                                                                                        0.000     0.000
sv_chip2_hierarchy_no_mem^tm3_clk_v0.inpad[0] (.input)                                                      0.000     0.000
sv_chip2_hierarchy_no_mem.h_fltr_2_right.my_steer_fltr_inst^im_p~2_FF.clk[0] (.latch)                       0.000     0.000
sv_chip2_hierarchy_no_mem.h_fltr_2_right.my_steer_fltr_inst^im_p~2_FF.Q[0] (.latch) [clock-to-output]       0.124     0.124
sv_chip2_hierarchy_no_mem.h_fltr_2_right^imag_p_reg~2_FF.D[0] (.latch)                                      0.000     0.124
data arrival time                                                                                                     0.124

clock sv_chip2_hierarchy_no_mem^tm3_clk_v0 (rise edge)                                                      0.000     0.000
clock source latency                                                                                        0.000     0.000
sv_chip2_hierarchy_no_mem^tm3_clk_v0.inpad[0] (.input)                                                      0.000     0.000
sv_chip2_hierarchy_no_mem.h_fltr_2_right^imag_p_reg~2_FF.clk[0] (.latch)                                    0.000     0.000
clock uncertainty                                                                                           0.000     0.000
cell hold time                                                                                              0.066     0.066
data required time                                                                                                    0.066
---------------------------------------------------------------------------------------------------------------------------
data required time                                                                                                   -0.066
data arrival time                                                                                                     0.124
---------------------------------------------------------------------------------------------------------------------------
slack (MET)                                                                                                           0.058


#Path 85
Startpoint: sv_chip2_hierarchy_no_mem.h_fltr_2_right.my_steer_fltr_inst^im_p_tmp~18_FF.Q[0] (.latch clocked by sv_chip2_hierarchy_no_mem^tm3_clk_v0)
Endpoint  : sv_chip2_hierarchy_no_mem.h_fltr_2_right.my_steer_fltr_inst^im_p~3_FF.D[0] (.latch clocked by sv_chip2_hierarchy_no_mem^tm3_clk_v0)
Path Type : hold

Point                                                                                                             Incr      Path
--------------------------------------------------------------------------------------------------------------------------------
clock sv_chip2_hierarchy_no_mem^tm3_clk_v0 (rise edge)                                                           0.000     0.000
clock source latency                                                                                             0.000     0.000
sv_chip2_hierarchy_no_mem^tm3_clk_v0.inpad[0] (.input)                                                           0.000     0.000
sv_chip2_hierarchy_no_mem.h_fltr_2_right.my_steer_fltr_inst^im_p_tmp~18_FF.clk[0] (.latch)                       0.000     0.000
sv_chip2_hierarchy_no_mem.h_fltr_2_right.my_steer_fltr_inst^im_p_tmp~18_FF.Q[0] (.latch) [clock-to-output]       0.124     0.124
sv_chip2_hierarchy_no_mem.h_fltr_2_right.my_steer_fltr_inst^im_p~3_FF.D[0] (.latch)                              0.000     0.124
data arrival time                                                                                                          0.124

clock sv_chip2_hierarchy_no_mem^tm3_clk_v0 (rise edge)                                                           0.000     0.000
clock source latency                                                                                             0.000     0.000
sv_chip2_hierarchy_no_mem^tm3_clk_v0.inpad[0] (.input)                                                           0.000     0.000
sv_chip2_hierarchy_no_mem.h_fltr_2_right.my_steer_fltr_inst^im_p~3_FF.clk[0] (.latch)                            0.000     0.000
clock uncertainty                                                                                                0.000     0.000
cell hold time                                                                                                   0.066     0.066
data required time                                                                                                         0.066
--------------------------------------------------------------------------------------------------------------------------------
data required time                                                                                                        -0.066
data arrival time                                                                                                          0.124
--------------------------------------------------------------------------------------------------------------------------------
slack (MET)                                                                                                                0.058


#Path 86
Startpoint: sv_chip2_hierarchy_no_mem.v_fltr_4_left.inst_fltr_compute_f1^d_out_tmp~8_FF.Q[0] (.latch clocked by sv_chip2_hierarchy_no_mem^tm3_clk_v0)
Endpoint  : sv_chip2_hierarchy_no_mem.v_fltr_4_left.inst_fltr_compute_f1^dout~5_FF.D[0] (.latch clocked by sv_chip2_hierarchy_no_mem^tm3_clk_v0)
Path Type : hold

Point                                                                                                              Incr      Path
---------------------------------------------------------------------------------------------------------------------------------
clock sv_chip2_hierarchy_no_mem^tm3_clk_v0 (rise edge)                                                            0.000     0.000
clock source latency                                                                                              0.000     0.000
sv_chip2_hierarchy_no_mem^tm3_clk_v0.inpad[0] (.input)                                                            0.000     0.000
sv_chip2_hierarchy_no_mem.v_fltr_4_left.inst_fltr_compute_f1^d_out_tmp~8_FF.clk[0] (.latch)                       0.000     0.000
sv_chip2_hierarchy_no_mem.v_fltr_4_left.inst_fltr_compute_f1^d_out_tmp~8_FF.Q[0] (.latch) [clock-to-output]       0.124     0.124
sv_chip2_hierarchy_no_mem.v_fltr_4_left.inst_fltr_compute_f1^dout~5_FF.D[0] (.latch)                              0.000     0.124
data arrival time                                                                                                           0.124

clock sv_chip2_hierarchy_no_mem^tm3_clk_v0 (rise edge)                                                            0.000     0.000
clock source latency                                                                                              0.000     0.000
sv_chip2_hierarchy_no_mem^tm3_clk_v0.inpad[0] (.input)                                                            0.000     0.000
sv_chip2_hierarchy_no_mem.v_fltr_4_left.inst_fltr_compute_f1^dout~5_FF.clk[0] (.latch)                            0.000     0.000
clock uncertainty                                                                                                 0.000     0.000
cell hold time                                                                                                    0.066     0.066
data required time                                                                                                          0.066
---------------------------------------------------------------------------------------------------------------------------------
data required time                                                                                                         -0.066
data arrival time                                                                                                           0.124
---------------------------------------------------------------------------------------------------------------------------------
slack (MET)                                                                                                                 0.058


#Path 87
Startpoint: sv_chip2_hierarchy_no_mem.h_fltr_2_right.my_steer_fltr_inst^im_p~3_FF.Q[0] (.latch clocked by sv_chip2_hierarchy_no_mem^tm3_clk_v0)
Endpoint  : sv_chip2_hierarchy_no_mem.h_fltr_2_right^imag_p_reg~3_FF.D[0] (.latch clocked by sv_chip2_hierarchy_no_mem^tm3_clk_v0)
Path Type : hold

Point                                                                                                        Incr      Path
---------------------------------------------------------------------------------------------------------------------------
clock sv_chip2_hierarchy_no_mem^tm3_clk_v0 (rise edge)                                                      0.000     0.000
clock source latency                                                                                        0.000     0.000
sv_chip2_hierarchy_no_mem^tm3_clk_v0.inpad[0] (.input)                                                      0.000     0.000
sv_chip2_hierarchy_no_mem.h_fltr_2_right.my_steer_fltr_inst^im_p~3_FF.clk[0] (.latch)                       0.000     0.000
sv_chip2_hierarchy_no_mem.h_fltr_2_right.my_steer_fltr_inst^im_p~3_FF.Q[0] (.latch) [clock-to-output]       0.124     0.124
sv_chip2_hierarchy_no_mem.h_fltr_2_right^imag_p_reg~3_FF.D[0] (.latch)                                      0.000     0.124
data arrival time                                                                                                     0.124

clock sv_chip2_hierarchy_no_mem^tm3_clk_v0 (rise edge)                                                      0.000     0.000
clock source latency                                                                                        0.000     0.000
sv_chip2_hierarchy_no_mem^tm3_clk_v0.inpad[0] (.input)                                                      0.000     0.000
sv_chip2_hierarchy_no_mem.h_fltr_2_right^imag_p_reg~3_FF.clk[0] (.latch)                                    0.000     0.000
clock uncertainty                                                                                           0.000     0.000
cell hold time                                                                                              0.066     0.066
data required time                                                                                                    0.066
---------------------------------------------------------------------------------------------------------------------------
data required time                                                                                                   -0.066
data arrival time                                                                                                     0.124
---------------------------------------------------------------------------------------------------------------------------
slack (MET)                                                                                                           0.058


#Path 88
Startpoint: sv_chip2_hierarchy_no_mem.v_fltr_4_left.inst_fltr_compute_f1^d_out_tmp~6_FF.Q[0] (.latch clocked by sv_chip2_hierarchy_no_mem^tm3_clk_v0)
Endpoint  : sv_chip2_hierarchy_no_mem.v_fltr_4_left.inst_fltr_compute_f1^dout~3_FF.D[0] (.latch clocked by sv_chip2_hierarchy_no_mem^tm3_clk_v0)
Path Type : hold

Point                                                                                                              Incr      Path
---------------------------------------------------------------------------------------------------------------------------------
clock sv_chip2_hierarchy_no_mem^tm3_clk_v0 (rise edge)                                                            0.000     0.000
clock source latency                                                                                              0.000     0.000
sv_chip2_hierarchy_no_mem^tm3_clk_v0.inpad[0] (.input)                                                            0.000     0.000
sv_chip2_hierarchy_no_mem.v_fltr_4_left.inst_fltr_compute_f1^d_out_tmp~6_FF.clk[0] (.latch)                       0.000     0.000
sv_chip2_hierarchy_no_mem.v_fltr_4_left.inst_fltr_compute_f1^d_out_tmp~6_FF.Q[0] (.latch) [clock-to-output]       0.124     0.124
sv_chip2_hierarchy_no_mem.v_fltr_4_left.inst_fltr_compute_f1^dout~3_FF.D[0] (.latch)                              0.000     0.124
data arrival time                                                                                                           0.124

clock sv_chip2_hierarchy_no_mem^tm3_clk_v0 (rise edge)                                                            0.000     0.000
clock source latency                                                                                              0.000     0.000
sv_chip2_hierarchy_no_mem^tm3_clk_v0.inpad[0] (.input)                                                            0.000     0.000
sv_chip2_hierarchy_no_mem.v_fltr_4_left.inst_fltr_compute_f1^dout~3_FF.clk[0] (.latch)                            0.000     0.000
clock uncertainty                                                                                                 0.000     0.000
cell hold time                                                                                                    0.066     0.066
data required time                                                                                                          0.066
---------------------------------------------------------------------------------------------------------------------------------
data required time                                                                                                         -0.066
data arrival time                                                                                                           0.124
---------------------------------------------------------------------------------------------------------------------------------
slack (MET)                                                                                                                 0.058


#Path 89
Startpoint: sv_chip2_hierarchy_no_mem.h_fltr_2_right.my_steer_fltr_inst^im_p_tmp~19_FF.Q[0] (.latch clocked by sv_chip2_hierarchy_no_mem^tm3_clk_v0)
Endpoint  : sv_chip2_hierarchy_no_mem.h_fltr_2_right.my_steer_fltr_inst^im_p~4_FF.D[0] (.latch clocked by sv_chip2_hierarchy_no_mem^tm3_clk_v0)
Path Type : hold

Point                                                                                                             Incr      Path
--------------------------------------------------------------------------------------------------------------------------------
clock sv_chip2_hierarchy_no_mem^tm3_clk_v0 (rise edge)                                                           0.000     0.000
clock source latency                                                                                             0.000     0.000
sv_chip2_hierarchy_no_mem^tm3_clk_v0.inpad[0] (.input)                                                           0.000     0.000
sv_chip2_hierarchy_no_mem.h_fltr_2_right.my_steer_fltr_inst^im_p_tmp~19_FF.clk[0] (.latch)                       0.000     0.000
sv_chip2_hierarchy_no_mem.h_fltr_2_right.my_steer_fltr_inst^im_p_tmp~19_FF.Q[0] (.latch) [clock-to-output]       0.124     0.124
sv_chip2_hierarchy_no_mem.h_fltr_2_right.my_steer_fltr_inst^im_p~4_FF.D[0] (.latch)                              0.000     0.124
data arrival time                                                                                                          0.124

clock sv_chip2_hierarchy_no_mem^tm3_clk_v0 (rise edge)                                                           0.000     0.000
clock source latency                                                                                             0.000     0.000
sv_chip2_hierarchy_no_mem^tm3_clk_v0.inpad[0] (.input)                                                           0.000     0.000
sv_chip2_hierarchy_no_mem.h_fltr_2_right.my_steer_fltr_inst^im_p~4_FF.clk[0] (.latch)                            0.000     0.000
clock uncertainty                                                                                                0.000     0.000
cell hold time                                                                                                   0.066     0.066
data required time                                                                                                         0.066
--------------------------------------------------------------------------------------------------------------------------------
data required time                                                                                                        -0.066
data arrival time                                                                                                          0.124
--------------------------------------------------------------------------------------------------------------------------------
slack (MET)                                                                                                                0.058


#Path 90
Startpoint: sv_chip2_hierarchy_no_mem.h_fltr_2_right.my_steer_fltr_inst^im_p~4_FF.Q[0] (.latch clocked by sv_chip2_hierarchy_no_mem^tm3_clk_v0)
Endpoint  : sv_chip2_hierarchy_no_mem.h_fltr_2_right^imag_p_reg~4_FF.D[0] (.latch clocked by sv_chip2_hierarchy_no_mem^tm3_clk_v0)
Path Type : hold

Point                                                                                                        Incr      Path
---------------------------------------------------------------------------------------------------------------------------
clock sv_chip2_hierarchy_no_mem^tm3_clk_v0 (rise edge)                                                      0.000     0.000
clock source latency                                                                                        0.000     0.000
sv_chip2_hierarchy_no_mem^tm3_clk_v0.inpad[0] (.input)                                                      0.000     0.000
sv_chip2_hierarchy_no_mem.h_fltr_2_right.my_steer_fltr_inst^im_p~4_FF.clk[0] (.latch)                       0.000     0.000
sv_chip2_hierarchy_no_mem.h_fltr_2_right.my_steer_fltr_inst^im_p~4_FF.Q[0] (.latch) [clock-to-output]       0.124     0.124
sv_chip2_hierarchy_no_mem.h_fltr_2_right^imag_p_reg~4_FF.D[0] (.latch)                                      0.000     0.124
data arrival time                                                                                                     0.124

clock sv_chip2_hierarchy_no_mem^tm3_clk_v0 (rise edge)                                                      0.000     0.000
clock source latency                                                                                        0.000     0.000
sv_chip2_hierarchy_no_mem^tm3_clk_v0.inpad[0] (.input)                                                      0.000     0.000
sv_chip2_hierarchy_no_mem.h_fltr_2_right^imag_p_reg~4_FF.clk[0] (.latch)                                    0.000     0.000
clock uncertainty                                                                                           0.000     0.000
cell hold time                                                                                              0.066     0.066
data required time                                                                                                    0.066
---------------------------------------------------------------------------------------------------------------------------
data required time                                                                                                   -0.066
data arrival time                                                                                                     0.124
---------------------------------------------------------------------------------------------------------------------------
slack (MET)                                                                                                           0.058


#Path 91
Startpoint: sv_chip2_hierarchy_no_mem.h_fltr_4_left.my_steer_fltr_inst^f2_reg~1_FF.Q[0] (.latch clocked by sv_chip2_hierarchy_no_mem^tm3_clk_v0)
Endpoint  : sv_chip2_hierarchy_no_mem.h_fltr_4_left.my_steer_fltr_inst^re_p_tmp_3~0_FF.D[0] (.latch clocked by sv_chip2_hierarchy_no_mem^tm3_clk_v0)
Path Type : hold

Point                                                                                                             Incr      Path
--------------------------------------------------------------------------------------------------------------------------------
clock sv_chip2_hierarchy_no_mem^tm3_clk_v0 (rise edge)                                                           0.000     0.000
clock source latency                                                                                             0.000     0.000
sv_chip2_hierarchy_no_mem^tm3_clk_v0.inpad[0] (.input)                                                           0.000     0.000
sv_chip2_hierarchy_no_mem.h_fltr_4_left.my_steer_fltr_inst^f2_reg~1_FF.clk[0] (.latch)                           0.000     0.000
sv_chip2_hierarchy_no_mem.h_fltr_4_left.my_steer_fltr_inst^f2_reg~1_FF.Q[0] (.latch) [clock-to-output]           0.124     0.124
sv_chip2_hierarchy_no_mem.h_fltr_4_left.my_steer_fltr_inst^re_p_tmp_3~0_FF.D[0] (.latch)                         0.000     0.124
data arrival time                                                                                                          0.124

clock sv_chip2_hierarchy_no_mem^tm3_clk_v0 (rise edge)                                                           0.000     0.000
clock source latency                                                                                             0.000     0.000
sv_chip2_hierarchy_no_mem^tm3_clk_v0.inpad[0] (.input)                                                           0.000     0.000
sv_chip2_hierarchy_no_mem.h_fltr_4_left.my_steer_fltr_inst^re_p_tmp_3~0_FF.clk[0] (.latch)                       0.000     0.000
clock uncertainty                                                                                                0.000     0.000
cell hold time                                                                                                   0.066     0.066
data required time                                                                                                         0.066
--------------------------------------------------------------------------------------------------------------------------------
data required time                                                                                                        -0.066
data arrival time                                                                                                          0.124
--------------------------------------------------------------------------------------------------------------------------------
slack (MET)                                                                                                                0.058


#Path 92
Startpoint: sv_chip2_hierarchy_no_mem.h_fltr_4_left.your_instance_name_f2^dout~1_FF.Q[0] (.latch clocked by sv_chip2_hierarchy_no_mem^tm3_clk_v0)
Endpoint  : sv_chip2_hierarchy_no_mem.h_fltr_4_left^vidin_out_reg_f2~1_FF.D[0] (.latch clocked by sv_chip2_hierarchy_no_mem^tm3_clk_v0)
Path Type : hold

Point                                                                                                          Incr      Path
-----------------------------------------------------------------------------------------------------------------------------
clock sv_chip2_hierarchy_no_mem^tm3_clk_v0 (rise edge)                                                        0.000     0.000
clock source latency                                                                                          0.000     0.000
sv_chip2_hierarchy_no_mem^tm3_clk_v0.inpad[0] (.input)                                                        0.000     0.000
sv_chip2_hierarchy_no_mem.h_fltr_4_left.your_instance_name_f2^dout~1_FF.clk[0] (.latch)                       0.000     0.000
sv_chip2_hierarchy_no_mem.h_fltr_4_left.your_instance_name_f2^dout~1_FF.Q[0] (.latch) [clock-to-output]       0.124     0.124
sv_chip2_hierarchy_no_mem.h_fltr_4_left^vidin_out_reg_f2~1_FF.D[0] (.latch)                                   0.000     0.124
data arrival time                                                                                                       0.124

clock sv_chip2_hierarchy_no_mem^tm3_clk_v0 (rise edge)                                                        0.000     0.000
clock source latency                                                                                          0.000     0.000
sv_chip2_hierarchy_no_mem^tm3_clk_v0.inpad[0] (.input)                                                        0.000     0.000
sv_chip2_hierarchy_no_mem.h_fltr_4_left^vidin_out_reg_f2~1_FF.clk[0] (.latch)                                 0.000     0.000
clock uncertainty                                                                                             0.000     0.000
cell hold time                                                                                                0.066     0.066
data required time                                                                                                      0.066
-----------------------------------------------------------------------------------------------------------------------------
data required time                                                                                                     -0.066
data arrival time                                                                                                       0.124
-----------------------------------------------------------------------------------------------------------------------------
slack (MET)                                                                                                             0.058


#Path 93
Startpoint: sv_chip2_hierarchy_no_mem.h_fltr_4_left.my_steer_fltr_inst^f2_reg~27_FF.Q[0] (.latch clocked by sv_chip2_hierarchy_no_mem^tm3_clk_v0)
Endpoint  : sv_chip2_hierarchy_no_mem.h_fltr_4_left.my_steer_fltr_inst^re_p_tmp_3~28_FF.D[0] (.latch clocked by sv_chip2_hierarchy_no_mem^tm3_clk_v0)
Path Type : hold

Point                                                                                                              Incr      Path
---------------------------------------------------------------------------------------------------------------------------------
clock sv_chip2_hierarchy_no_mem^tm3_clk_v0 (rise edge)                                                            0.000     0.000
clock source latency                                                                                              0.000     0.000
sv_chip2_hierarchy_no_mem^tm3_clk_v0.inpad[0] (.input)                                                            0.000     0.000
sv_chip2_hierarchy_no_mem.h_fltr_4_left.my_steer_fltr_inst^f2_reg~27_FF.clk[0] (.latch)                           0.000     0.000
sv_chip2_hierarchy_no_mem.h_fltr_4_left.my_steer_fltr_inst^f2_reg~27_FF.Q[0] (.latch) [clock-to-output]           0.124     0.124
sv_chip2_hierarchy_no_mem.h_fltr_4_left.my_steer_fltr_inst^re_p_tmp_3~28_FF.D[0] (.latch)                         0.000     0.124
data arrival time                                                                                                           0.124

clock sv_chip2_hierarchy_no_mem^tm3_clk_v0 (rise edge)                                                            0.000     0.000
clock source latency                                                                                              0.000     0.000
sv_chip2_hierarchy_no_mem^tm3_clk_v0.inpad[0] (.input)                                                            0.000     0.000
sv_chip2_hierarchy_no_mem.h_fltr_4_left.my_steer_fltr_inst^re_p_tmp_3~28_FF.clk[0] (.latch)                       0.000     0.000
clock uncertainty                                                                                                 0.000     0.000
cell hold time                                                                                                    0.066     0.066
data required time                                                                                                          0.066
---------------------------------------------------------------------------------------------------------------------------------
data required time                                                                                                         -0.066
data arrival time                                                                                                           0.124
---------------------------------------------------------------------------------------------------------------------------------
slack (MET)                                                                                                                 0.058


#Path 94
Startpoint: sv_chip2_hierarchy_no_mem.h_fltr_4_left.your_instance_name_f2^dout~27_FF.Q[0] (.latch clocked by sv_chip2_hierarchy_no_mem^tm3_clk_v0)
Endpoint  : sv_chip2_hierarchy_no_mem.h_fltr_4_left^vidin_out_reg_f2~27_FF.D[0] (.latch clocked by sv_chip2_hierarchy_no_mem^tm3_clk_v0)
Path Type : hold

Point                                                                                                           Incr      Path
------------------------------------------------------------------------------------------------------------------------------
clock sv_chip2_hierarchy_no_mem^tm3_clk_v0 (rise edge)                                                         0.000     0.000
clock source latency                                                                                           0.000     0.000
sv_chip2_hierarchy_no_mem^tm3_clk_v0.inpad[0] (.input)                                                         0.000     0.000
sv_chip2_hierarchy_no_mem.h_fltr_4_left.your_instance_name_f2^dout~27_FF.clk[0] (.latch)                       0.000     0.000
sv_chip2_hierarchy_no_mem.h_fltr_4_left.your_instance_name_f2^dout~27_FF.Q[0] (.latch) [clock-to-output]       0.124     0.124
sv_chip2_hierarchy_no_mem.h_fltr_4_left^vidin_out_reg_f2~27_FF.D[0] (.latch)                                   0.000     0.124
data arrival time                                                                                                        0.124

clock sv_chip2_hierarchy_no_mem^tm3_clk_v0 (rise edge)                                                         0.000     0.000
clock source latency                                                                                           0.000     0.000
sv_chip2_hierarchy_no_mem^tm3_clk_v0.inpad[0] (.input)                                                         0.000     0.000
sv_chip2_hierarchy_no_mem.h_fltr_4_left^vidin_out_reg_f2~27_FF.clk[0] (.latch)                                 0.000     0.000
clock uncertainty                                                                                              0.000     0.000
cell hold time                                                                                                 0.066     0.066
data required time                                                                                                       0.066
------------------------------------------------------------------------------------------------------------------------------
data required time                                                                                                      -0.066
data arrival time                                                                                                        0.124
------------------------------------------------------------------------------------------------------------------------------
slack (MET)                                                                                                              0.058


#Path 95
Startpoint: sv_chip2_hierarchy_no_mem.h_fltr_4_left.my_steer_fltr_inst^f2_reg~26_FF.Q[0] (.latch clocked by sv_chip2_hierarchy_no_mem^tm3_clk_v0)
Endpoint  : sv_chip2_hierarchy_no_mem.h_fltr_4_left.my_steer_fltr_inst^re_p_tmp_3~25_FF.D[0] (.latch clocked by sv_chip2_hierarchy_no_mem^tm3_clk_v0)
Path Type : hold

Point                                                                                                              Incr      Path
---------------------------------------------------------------------------------------------------------------------------------
clock sv_chip2_hierarchy_no_mem^tm3_clk_v0 (rise edge)                                                            0.000     0.000
clock source latency                                                                                              0.000     0.000
sv_chip2_hierarchy_no_mem^tm3_clk_v0.inpad[0] (.input)                                                            0.000     0.000
sv_chip2_hierarchy_no_mem.h_fltr_4_left.my_steer_fltr_inst^f2_reg~26_FF.clk[0] (.latch)                           0.000     0.000
sv_chip2_hierarchy_no_mem.h_fltr_4_left.my_steer_fltr_inst^f2_reg~26_FF.Q[0] (.latch) [clock-to-output]           0.124     0.124
sv_chip2_hierarchy_no_mem.h_fltr_4_left.my_steer_fltr_inst^re_p_tmp_3~25_FF.D[0] (.latch)                         0.000     0.124
data arrival time                                                                                                           0.124

clock sv_chip2_hierarchy_no_mem^tm3_clk_v0 (rise edge)                                                            0.000     0.000
clock source latency                                                                                              0.000     0.000
sv_chip2_hierarchy_no_mem^tm3_clk_v0.inpad[0] (.input)                                                            0.000     0.000
sv_chip2_hierarchy_no_mem.h_fltr_4_left.my_steer_fltr_inst^re_p_tmp_3~25_FF.clk[0] (.latch)                       0.000     0.000
clock uncertainty                                                                                                 0.000     0.000
cell hold time                                                                                                    0.066     0.066
data required time                                                                                                          0.066
---------------------------------------------------------------------------------------------------------------------------------
data required time                                                                                                         -0.066
data arrival time                                                                                                           0.124
---------------------------------------------------------------------------------------------------------------------------------
slack (MET)                                                                                                                 0.058


#Path 96
Startpoint: sv_chip2_hierarchy_no_mem.h_fltr_4_left.your_instance_name_f2^dout~26_FF.Q[0] (.latch clocked by sv_chip2_hierarchy_no_mem^tm3_clk_v0)
Endpoint  : sv_chip2_hierarchy_no_mem.h_fltr_4_left^vidin_out_reg_f2~26_FF.D[0] (.latch clocked by sv_chip2_hierarchy_no_mem^tm3_clk_v0)
Path Type : hold

Point                                                                                                           Incr      Path
------------------------------------------------------------------------------------------------------------------------------
clock sv_chip2_hierarchy_no_mem^tm3_clk_v0 (rise edge)                                                         0.000     0.000
clock source latency                                                                                           0.000     0.000
sv_chip2_hierarchy_no_mem^tm3_clk_v0.inpad[0] (.input)                                                         0.000     0.000
sv_chip2_hierarchy_no_mem.h_fltr_4_left.your_instance_name_f2^dout~26_FF.clk[0] (.latch)                       0.000     0.000
sv_chip2_hierarchy_no_mem.h_fltr_4_left.your_instance_name_f2^dout~26_FF.Q[0] (.latch) [clock-to-output]       0.124     0.124
sv_chip2_hierarchy_no_mem.h_fltr_4_left^vidin_out_reg_f2~26_FF.D[0] (.latch)                                   0.000     0.124
data arrival time                                                                                                        0.124

clock sv_chip2_hierarchy_no_mem^tm3_clk_v0 (rise edge)                                                         0.000     0.000
clock source latency                                                                                           0.000     0.000
sv_chip2_hierarchy_no_mem^tm3_clk_v0.inpad[0] (.input)                                                         0.000     0.000
sv_chip2_hierarchy_no_mem.h_fltr_4_left^vidin_out_reg_f2~26_FF.clk[0] (.latch)                                 0.000     0.000
clock uncertainty                                                                                              0.000     0.000
cell hold time                                                                                                 0.066     0.066
data required time                                                                                                       0.066
------------------------------------------------------------------------------------------------------------------------------
data required time                                                                                                      -0.066
data arrival time                                                                                                        0.124
------------------------------------------------------------------------------------------------------------------------------
slack (MET)                                                                                                              0.058


#Path 97
Startpoint: sv_chip2_hierarchy_no_mem.h_fltr_4_left.my_steer_fltr_inst^f2_reg~25_FF.Q[0] (.latch clocked by sv_chip2_hierarchy_no_mem^tm3_clk_v0)
Endpoint  : sv_chip2_hierarchy_no_mem.h_fltr_4_left.my_steer_fltr_inst^re_p_tmp_3~24_FF.D[0] (.latch clocked by sv_chip2_hierarchy_no_mem^tm3_clk_v0)
Path Type : hold

Point                                                                                                              Incr      Path
---------------------------------------------------------------------------------------------------------------------------------
clock sv_chip2_hierarchy_no_mem^tm3_clk_v0 (rise edge)                                                            0.000     0.000
clock source latency                                                                                              0.000     0.000
sv_chip2_hierarchy_no_mem^tm3_clk_v0.inpad[0] (.input)                                                            0.000     0.000
sv_chip2_hierarchy_no_mem.h_fltr_4_left.my_steer_fltr_inst^f2_reg~25_FF.clk[0] (.latch)                           0.000     0.000
sv_chip2_hierarchy_no_mem.h_fltr_4_left.my_steer_fltr_inst^f2_reg~25_FF.Q[0] (.latch) [clock-to-output]           0.124     0.124
sv_chip2_hierarchy_no_mem.h_fltr_4_left.my_steer_fltr_inst^re_p_tmp_3~24_FF.D[0] (.latch)                         0.000     0.124
data arrival time                                                                                                           0.124

clock sv_chip2_hierarchy_no_mem^tm3_clk_v0 (rise edge)                                                            0.000     0.000
clock source latency                                                                                              0.000     0.000
sv_chip2_hierarchy_no_mem^tm3_clk_v0.inpad[0] (.input)                                                            0.000     0.000
sv_chip2_hierarchy_no_mem.h_fltr_4_left.my_steer_fltr_inst^re_p_tmp_3~24_FF.clk[0] (.latch)                       0.000     0.000
clock uncertainty                                                                                                 0.000     0.000
cell hold time                                                                                                    0.066     0.066
data required time                                                                                                          0.066
---------------------------------------------------------------------------------------------------------------------------------
data required time                                                                                                         -0.066
data arrival time                                                                                                           0.124
---------------------------------------------------------------------------------------------------------------------------------
slack (MET)                                                                                                                 0.058


#Path 98
Startpoint: sv_chip2_hierarchy_no_mem.h_fltr_4_left.your_instance_name_f2^dout~25_FF.Q[0] (.latch clocked by sv_chip2_hierarchy_no_mem^tm3_clk_v0)
Endpoint  : sv_chip2_hierarchy_no_mem.h_fltr_4_left^vidin_out_reg_f2~25_FF.D[0] (.latch clocked by sv_chip2_hierarchy_no_mem^tm3_clk_v0)
Path Type : hold

Point                                                                                                           Incr      Path
------------------------------------------------------------------------------------------------------------------------------
clock sv_chip2_hierarchy_no_mem^tm3_clk_v0 (rise edge)                                                         0.000     0.000
clock source latency                                                                                           0.000     0.000
sv_chip2_hierarchy_no_mem^tm3_clk_v0.inpad[0] (.input)                                                         0.000     0.000
sv_chip2_hierarchy_no_mem.h_fltr_4_left.your_instance_name_f2^dout~25_FF.clk[0] (.latch)                       0.000     0.000
sv_chip2_hierarchy_no_mem.h_fltr_4_left.your_instance_name_f2^dout~25_FF.Q[0] (.latch) [clock-to-output]       0.124     0.124
sv_chip2_hierarchy_no_mem.h_fltr_4_left^vidin_out_reg_f2~25_FF.D[0] (.latch)                                   0.000     0.124
data arrival time                                                                                                        0.124

clock sv_chip2_hierarchy_no_mem^tm3_clk_v0 (rise edge)                                                         0.000     0.000
clock source latency                                                                                           0.000     0.000
sv_chip2_hierarchy_no_mem^tm3_clk_v0.inpad[0] (.input)                                                         0.000     0.000
sv_chip2_hierarchy_no_mem.h_fltr_4_left^vidin_out_reg_f2~25_FF.clk[0] (.latch)                                 0.000     0.000
clock uncertainty                                                                                              0.000     0.000
cell hold time                                                                                                 0.066     0.066
data required time                                                                                                       0.066
------------------------------------------------------------------------------------------------------------------------------
data required time                                                                                                      -0.066
data arrival time                                                                                                        0.124
------------------------------------------------------------------------------------------------------------------------------
slack (MET)                                                                                                              0.058


#Path 99
Startpoint: sv_chip2_hierarchy_no_mem.h_fltr_4_left.your_instance_name_f1^dout~13_FF.Q[0] (.latch clocked by sv_chip2_hierarchy_no_mem^tm3_clk_v0)
Endpoint  : sv_chip2_hierarchy_no_mem.h_fltr_4_left^vidin_out_reg_f1~13_FF.D[0] (.latch clocked by sv_chip2_hierarchy_no_mem^tm3_clk_v0)
Path Type : hold

Point                                                                                                           Incr      Path
------------------------------------------------------------------------------------------------------------------------------
clock sv_chip2_hierarchy_no_mem^tm3_clk_v0 (rise edge)                                                         0.000     0.000
clock source latency                                                                                           0.000     0.000
sv_chip2_hierarchy_no_mem^tm3_clk_v0.inpad[0] (.input)                                                         0.000     0.000
sv_chip2_hierarchy_no_mem.h_fltr_4_left.your_instance_name_f1^dout~13_FF.clk[0] (.latch)                       0.000     0.000
sv_chip2_hierarchy_no_mem.h_fltr_4_left.your_instance_name_f1^dout~13_FF.Q[0] (.latch) [clock-to-output]       0.124     0.124
sv_chip2_hierarchy_no_mem.h_fltr_4_left^vidin_out_reg_f1~13_FF.D[0] (.latch)                                   0.000     0.124
data arrival time                                                                                                        0.124

clock sv_chip2_hierarchy_no_mem^tm3_clk_v0 (rise edge)                                                         0.000     0.000
clock source latency                                                                                           0.000     0.000
sv_chip2_hierarchy_no_mem^tm3_clk_v0.inpad[0] (.input)                                                         0.000     0.000
sv_chip2_hierarchy_no_mem.h_fltr_4_left^vidin_out_reg_f1~13_FF.clk[0] (.latch)                                 0.000     0.000
clock uncertainty                                                                                              0.000     0.000
cell hold time                                                                                                 0.066     0.066
data required time                                                                                                       0.066
------------------------------------------------------------------------------------------------------------------------------
data required time                                                                                                      -0.066
data arrival time                                                                                                        0.124
------------------------------------------------------------------------------------------------------------------------------
slack (MET)                                                                                                              0.058


#Path 100
Startpoint: sv_chip2_hierarchy_no_mem.h_fltr_4_left.my_steer_fltr_inst^f1_reg~20_FF.Q[0] (.latch clocked by sv_chip2_hierarchy_no_mem^tm3_clk_v0)
Endpoint  : sv_chip2_hierarchy_no_mem.h_fltr_4_left.my_steer_fltr_inst^re_p_tmp_1~19_FF.D[0] (.latch clocked by sv_chip2_hierarchy_no_mem^tm3_clk_v0)
Path Type : hold

Point                                                                                                              Incr      Path
---------------------------------------------------------------------------------------------------------------------------------
clock sv_chip2_hierarchy_no_mem^tm3_clk_v0 (rise edge)                                                            0.000     0.000
clock source latency                                                                                              0.000     0.000
sv_chip2_hierarchy_no_mem^tm3_clk_v0.inpad[0] (.input)                                                            0.000     0.000
sv_chip2_hierarchy_no_mem.h_fltr_4_left.my_steer_fltr_inst^f1_reg~20_FF.clk[0] (.latch)                           0.000     0.000
sv_chip2_hierarchy_no_mem.h_fltr_4_left.my_steer_fltr_inst^f1_reg~20_FF.Q[0] (.latch) [clock-to-output]           0.124     0.124
sv_chip2_hierarchy_no_mem.h_fltr_4_left.my_steer_fltr_inst^re_p_tmp_1~19_FF.D[0] (.latch)                         0.000     0.124
data arrival time                                                                                                           0.124

clock sv_chip2_hierarchy_no_mem^tm3_clk_v0 (rise edge)                                                            0.000     0.000
clock source latency                                                                                              0.000     0.000
sv_chip2_hierarchy_no_mem^tm3_clk_v0.inpad[0] (.input)                                                            0.000     0.000
sv_chip2_hierarchy_no_mem.h_fltr_4_left.my_steer_fltr_inst^re_p_tmp_1~19_FF.clk[0] (.latch)                       0.000     0.000
clock uncertainty                                                                                                 0.000     0.000
cell hold time                                                                                                    0.066     0.066
data required time                                                                                                          0.066
---------------------------------------------------------------------------------------------------------------------------------
data required time                                                                                                         -0.066
data arrival time                                                                                                           0.124
---------------------------------------------------------------------------------------------------------------------------------
slack (MET)                                                                                                                 0.058


#End of timing report
